park,parkLabel,country,countryLabel,area,inception,highestPoint,highestPointLabel,elevation
http://www.wikidata.org/entity/Q426073,Ikara-Flinders Ranges National Park,http://www.wikidata.org/entity/Q408,Австралия,941.2584375,1945-01-01T00:00:00Z,,,463
http://www.wikidata.org/entity/Q457324,Кахузи-Биега,http://www.wikidata.org/entity/Q974,Демократическая Республика Конго,600000,1970-01-01T00:00:00Z,,,
http://www.wikidata.org/entity/Q426073,Ikara-Flinders Ranges National Park,http://www.wikidata.org/entity/Q408,Австралия,941.2584375,2017-01-01T00:00:00Z,,,463
http://www.wikidata.org/entity/Q453513,Amamoor National Park,http://www.wikidata.org/entity/Q408,Австралия,38,2006-01-01T00:00:00Z,,,265
http://www.wikidata.org/entity/Q476446,Экрен,http://www.wikidata.org/entity/Q142,Франция,91800,1973-01-01T00:00:00Z,http://www.wikidata.org/entity/Q30480,Барр-дез-Экрен,
http://www.wikidata.org/entity/Q476446,Экрен,http://www.wikidata.org/entity/Q142,Франция,918,1973-01-01T00:00:00Z,http://www.wikidata.org/entity/Q30480,Барр-дез-Экрен,
http://www.wikidata.org/entity/Q441861,Whitsunday Islands National Park,http://www.wikidata.org/entity/Q408,Австралия,170,1944-01-01T00:00:00Z,,,370
http://www.wikidata.org/entity/Q442279,Кейп-Эрид,http://www.wikidata.org/entity/Q408,Австралия,2778.3,1969-01-01T00:00:00Z,,,136
http://www.wikidata.org/entity/Q457882,Glass House Mountains National Park,http://www.wikidata.org/entity/Q408,Австралия,3037,2014-01-01T00:00:00Z,,,140
http://www.wikidata.org/entity/Q473256,Кинглейк (национальный парк),http://www.wikidata.org/entity/Q408,Австралия,23210,1928-03-07T00:00:00Z,,,322
http://www.wikidata.org/entity/Q457882,Glass House Mountains National Park,http://www.wikidata.org/entity/Q408,Австралия,30.1844165039062,1994-01-01T00:00:00Z,,,140
http://www.wikidata.org/entity/Q477399,Michaelmas and Upolu Cays National Park,http://www.wikidata.org/entity/Q408,Австралия,3,1975-01-01T00:00:00Z,,,
http://www.wikidata.org/entity/Q472929,Хасселл (национальный парк),http://www.wikidata.org/entity/Q408,Австралия,13,1971-01-01T00:00:00Z,,,170
http://www.wikidata.org/entity/Q442279,Кейп-Эрид,http://www.wikidata.org/entity/Q408,Австралия,2778.3,1972-01-01T00:00:00Z,,,136
http://www.wikidata.org/entity/Q458423,Амбосели (национальный парк),http://www.wikidata.org/entity/Q114,Кения,392,1974-01-01T00:00:00Z,,,
http://www.wikidata.org/entity/Q477399,Michaelmas and Upolu Cays National Park,http://www.wikidata.org/entity/Q408,Австралия,3,2001-01-01T00:00:00Z,,,
http://www.wikidata.org/entity/Q463141,Доньяна,http://www.wikidata.org/entity/Q29,Испания,53303.56529,1969-10-16T00:00:00Z,,,
http://www.wikidata.org/entity/Q464942,Гарахонай,http://www.wikidata.org/entity/Q29,Испания,3704.64343,1981-03-25T00:00:00Z,http://www.wikidata.org/entity/Q27102537,Alto de Garajonay,
http://www.wikidata.org/entity/Q453513,Amamoor National Park,http://www.wikidata.org/entity/Q408,Австралия,0.385828857421875,2006-01-01T00:00:00Z,,,265
http://www.wikidata.org/entity/Q446220,Таннел-Крик (национальный парк),http://www.wikidata.org/entity/Q408,Австралия,91,1974-01-01T00:00:00Z,,,
http://www.wikidata.org/entity/Q446220,Таннел-Крик (национальный парк),http://www.wikidata.org/entity/Q408,Австралия,0.910443344116211,1974-01-01T00:00:00Z,,,
http://www.wikidata.org/entity/Q422935,Nuga Nuga National Park,http://www.wikidata.org/entity/Q408,Австралия,286,1993-01-01T00:00:00Z,,,331
http://www.wikidata.org/entity/Q473256,Кинглейк (национальный парк),http://www.wikidata.org/entity/Q408,Австралия,23210,1962-01-01T00:00:00Z,,,322
http://www.wikidata.org/entity/Q472929,Хасселл (национальный парк),http://www.wikidata.org/entity/Q408,Австралия,13,1972-01-01T00:00:00Z,,,170
http://www.wikidata.org/entity/Q472929,Хасселл (национальный парк),http://www.wikidata.org/entity/Q408,Австралия,11.3818493652344,1971-01-01T00:00:00Z,,,170
http://www.wikidata.org/entity/Q422935,Nuga Nuga National Park,http://www.wikidata.org/entity/Q408,Австралия,29.360244140625,1993-01-01T00:00:00Z,,,331
http://www.wikidata.org/entity/Q441861,Whitsunday Islands National Park,http://www.wikidata.org/entity/Q408,Австралия,174.2352734375,2000-01-01T00:00:00Z,,,370
http://www.wikidata.org/entity/Q446220,Таннел-Крик (национальный парк),http://www.wikidata.org/entity/Q408,Австралия,91,1992-01-01T00:00:00Z,,,
http://www.wikidata.org/entity/Q446220,Таннел-Крик (национальный парк),http://www.wikidata.org/entity/Q408,Австралия,0.910443344116211,1992-01-01T00:00:00Z,,,
http://www.wikidata.org/entity/Q457882,Glass House Mountains National Park,http://www.wikidata.org/entity/Q408,Австралия,3037,1994-01-01T00:00:00Z,,,140
http://www.wikidata.org/entity/Q428123,Маико (национальный парк),http://www.wikidata.org/entity/Q974,Демократическая Республика Конго,10830,1970-01-01T00:00:00Z,,,
http://www.wikidata.org/entity/Q477399,Michaelmas and Upolu Cays National Park,http://www.wikidata.org/entity/Q408,Австралия,0.020849404335022,1975-01-01T00:00:00Z,,,
http://www.wikidata.org/entity/Q476446,Экрен,http://www.wikidata.org/entity/Q142,Франция,91800,1973-03-27T00:00:00Z,http://www.wikidata.org/entity/Q30480,Барр-дез-Экрен,
http://www.wikidata.org/entity/Q476446,Экрен,http://www.wikidata.org/entity/Q142,Франция,918,1973-03-27T00:00:00Z,http://www.wikidata.org/entity/Q30480,Барр-дез-Экрен,
http://www.wikidata.org/entity/Q441890,Литл-Дезерт,http://www.wikidata.org/entity/Q408,Австралия,132647,1968-01-01T00:00:00Z,,,117
http://www.wikidata.org/entity/Q447047,Национальный парк Алтын-Эмель,http://www.wikidata.org/entity/Q232,Казахстан,4596,1996-01-01T00:00:00Z,,,
http://www.wikidata.org/entity/Q441861,Whitsunday Islands National Park,http://www.wikidata.org/entity/Q408,Австралия,174.2352734375,1944-01-01T00:00:00Z,,,370
http://www.wikidata.org/entity/Q422935,Nuga Nuga National Park,http://www.wikidata.org/entity/Q408,Австралия,286,1994-01-01T00:00:00Z,,,331
http://www.wikidata.org/entity/Q423134,Newry Islands National Park,http://www.wikidata.org/entity/Q408,Австралия,464,1995-01-01T00:00:00Z,,,
http://www.wikidata.org/entity/Q484112,Тадохэхэсан,http://www.wikidata.org/entity/Q884,Республика Корея,23212,1981-01-01T00:00:00Z,,,
http://www.wikidata.org/entity/Q457882,Glass House Mountains National Park,http://www.wikidata.org/entity/Q408,Австралия,30.1844165039062,2014-01-01T00:00:00Z,,,140
http://www.wikidata.org/entity/Q463141,Доньяна,http://www.wikidata.org/entity/Q29,Испания,54252,1969-10-16T00:00:00Z,,,
http://www.wikidata.org/entity/Q423134,Newry Islands National Park,http://www.wikidata.org/entity/Q408,Австралия,464,1938-01-01T00:00:00Z,,,
http://www.wikidata.org/entity/Q472929,Хасселл (национальный парк),http://www.wikidata.org/entity/Q408,Австралия,11.3818493652344,1972-01-01T00:00:00Z,,,170
http://www.wikidata.org/entity/Q400200,Аукштайтский национальный парк,http://www.wikidata.org/entity/Q37,Литва,409.75,1974-01-01T00:00:00Z,,,
http://www.wikidata.org/entity/Q422935,Nuga Nuga National Park,http://www.wikidata.org/entity/Q408,Австралия,29.360244140625,1994-01-01T00:00:00Z,,,331
http://www.wikidata.org/entity/Q464942,Гарахонай,http://www.wikidata.org/entity/Q29,Испания,39.5,1981-03-25T00:00:00Z,http://www.wikidata.org/entity/Q27102537,Alto de Garajonay,
http://www.wikidata.org/entity/Q477399,Michaelmas and Upolu Cays National Park,http://www.wikidata.org/entity/Q408,Австралия,0.020849404335022,2001-01-01T00:00:00Z,,,
http://www.wikidata.org/entity/Q426073,Ikara-Flinders Ranges National Park,http://www.wikidata.org/entity/Q408,Австралия,950,1945-01-01T00:00:00Z,,,463
http://www.wikidata.org/entity/Q426073,Ikara-Flinders Ranges National Park,http://www.wikidata.org/entity/Q408,Австралия,950,2017-01-01T00:00:00Z,,,463
http://www.wikidata.org/entity/Q441890,Литл-Дезерт,http://www.wikidata.org/entity/Q408,Австралия,132647,1973-01-01T00:00:00Z,,,117
http://www.wikidata.org/entity/Q441861,Whitsunday Islands National Park,http://www.wikidata.org/entity/Q408,Австралия,170,2000-01-01T00:00:00Z,,,370
http://www.wikidata.org/entity/Q464004,Национальный парк Грейт-Смоки-Маунтинс,http://www.wikidata.org/entity/Q30,США,2114.1866,1934-06-15T00:00:00Z,http://www.wikidata.org/entity/Q685166,Клингманс-Доум,
http://www.wikidata.org/entity/Q138100,Mariala National Park,http://www.wikidata.org/entity/Q408,Австралия,270.43619140625,1992-01-01T00:00:00Z,,,345
http://www.wikidata.org/entity/Q138100,Mariala National Park,http://www.wikidata.org/entity/Q408,Австралия,273,1992-01-01T00:00:00Z,,,345
http://www.wikidata.org/entity/Q138096,Lindeman Islands National Park,http://www.wikidata.org/entity/Q408,Австралия,28.063544921875,1998-01-01T00:00:00Z,,,350
http://www.wikidata.org/entity/Q145308,Woolooma National Park,http://www.wikidata.org/entity/Q408,Австралия,4.96546844482422,2005-01-01T00:00:00Z,,,
http://www.wikidata.org/entity/Q145308,Woolooma National Park,http://www.wikidata.org/entity/Q408,Австралия,4.96546844482422,2005-12-23T00:00:00Z,,,
http://www.wikidata.org/entity/Q137928,Мазеппа,http://www.wikidata.org/entity/Q408,Австралия,41.256220703125,1972-01-01T00:00:00Z,,,246
http://www.wikidata.org/entity/Q137917,Magnetic Island National Park,http://www.wikidata.org/entity/Q408,Австралия,279,1954-01-01T00:00:00Z,http://www.wikidata.org/entity/Q85786545,Mount Cook,260
http://www.wikidata.org/entity/Q144029,Fazao Mafakassa National Park,http://www.wikidata.org/entity/Q945,Того,690,1975-01-01T00:00:00Z,,,
http://www.wikidata.org/entity/Q125085,Lomsdal–Visten National Park,http://www.wikidata.org/entity/Q20,Норвегия,1102,2009-01-01T00:00:00Z,,,
http://www.wikidata.org/entity/Q168618,Molle Islands National Park,http://www.wikidata.org/entity/Q408,Австралия,17.7476794433594,1998-01-01T00:00:00Z,,,173
http://www.wikidata.org/entity/Q164798,Фолгефонна,http://www.wikidata.org/entity/Q20,Норвегия,548.03,2005-04-29T00:00:00Z,,,
http://www.wikidata.org/entity/Q138096,Lindeman Islands National Park,http://www.wikidata.org/entity/Q408,Австралия,289,1941-01-01T00:00:00Z,,,350
http://www.wikidata.org/entity/Q133502,Уоррен (национальный парк),http://www.wikidata.org/entity/Q408,Австралия,16.1865698242188,1990-01-01T00:00:00Z,,,155
http://www.wikidata.org/entity/Q165026,Girraween National Park,http://www.wikidata.org/entity/Q408,Австралия,117.020078125,1966-01-01T00:00:00Z,,,
http://www.wikidata.org/entity/Q133502,Уоррен (национальный парк),http://www.wikidata.org/entity/Q408,Австралия,16.1865698242188,1977-01-01T00:00:00Z,,,155
http://www.wikidata.org/entity/Q137913,Lochern National Park,http://www.wikidata.org/entity/Q408,Австралия,247.8872265625,1994-01-01T00:00:00Z,,,162
http://www.wikidata.org/entity/Q138104,Littabella National Park,http://www.wikidata.org/entity/Q408,Австралия,83.827294921875,1980-01-01T00:00:00Z,,,27
http://www.wikidata.org/entity/Q168618,Molle Islands National Park,http://www.wikidata.org/entity/Q408,Австралия,17.7476794433594,1937-01-01T00:00:00Z,,,173
http://www.wikidata.org/entity/Q138096,Lindeman Islands National Park,http://www.wikidata.org/entity/Q408,Австралия,28.063544921875,1941-01-01T00:00:00Z,,,350
http://www.wikidata.org/entity/Q137928,Мазеппа,http://www.wikidata.org/entity/Q408,Австралия,413,1972-01-01T00:00:00Z,,,246
http://www.wikidata.org/entity/Q152660,Секвойя,http://www.wikidata.org/entity/Q30,США,1635,1890-09-25T00:00:00Z,http://www.wikidata.org/entity/Q235539,Уитни,3239
http://www.wikidata.org/entity/Q138104,Littabella National Park,http://www.wikidata.org/entity/Q408,Австралия,83.8,2009-01-01T00:00:00Z,,,27
http://www.wikidata.org/entity/Q145308,Woolooma National Park,http://www.wikidata.org/entity/Q408,Австралия,495,2005-01-01T00:00:00Z,,,
http://www.wikidata.org/entity/Q123161,Woomargama National Park,http://www.wikidata.org/entity/Q408,Австралия,24185,2015-01-01T00:00:00Z,,,
http://www.wikidata.org/entity/Q145308,Woolooma National Park,http://www.wikidata.org/entity/Q408,Австралия,495,2005-12-23T00:00:00Z,,,
http://www.wikidata.org/entity/Q141735,Вангануи,http://www.wikidata.org/entity/Q664,Новая Зеландия,742,1986-01-01T00:00:00Z,,,
http://www.wikidata.org/entity/Q133502,Уоррен (национальный парк),http://www.wikidata.org/entity/Q408,Австралия,31,1990-01-01T00:00:00Z,,,155
http://www.wikidata.org/entity/Q129902,Капитол-Риф,http://www.wikidata.org/entity/Q30,США,978.95,1937-08-02T00:00:00Z,,,
http://www.wikidata.org/entity/Q137913,Lochern National Park,http://www.wikidata.org/entity/Q408,Австралия,24862,1994-01-01T00:00:00Z,,,162
http://www.wikidata.org/entity/Q137917,Magnetic Island National Park,http://www.wikidata.org/entity/Q408,Австралия,39.360751953125,1954-01-01T00:00:00Z,http://www.wikidata.org/entity/Q85786545,Mount Cook,260
http://www.wikidata.org/entity/Q131875,Уда-Валаве (национальный парк),http://www.wikidata.org/entity/Q854,Шри-Ланка,30.821,1972-01-01T00:00:00Z,,,
http://www.wikidata.org/entity/Q133502,Уоррен (национальный парк),http://www.wikidata.org/entity/Q408,Австралия,31,1977-01-01T00:00:00Z,,,155
http://www.wikidata.org/entity/Q138100,Mariala National Park,http://www.wikidata.org/entity/Q408,Австралия,270.43619140625,1994-01-01T00:00:00Z,,,345
http://www.wikidata.org/entity/Q137913,Lochern National Park,http://www.wikidata.org/entity/Q408,Австралия,247.8872265625,2017-01-01T00:00:00Z,,,162
http://www.wikidata.org/entity/Q138100,Mariala National Park,http://www.wikidata.org/entity/Q408,Австралия,273,1994-01-01T00:00:00Z,,,345
http://www.wikidata.org/entity/Q155266,Cunnawarra National Park,http://www.wikidata.org/entity/Q408,Австралия,162.313017578125,2003-01-01T00:00:00Z,,,689
http://www.wikidata.org/entity/Q152688,Торнгат-Маунтинс,http://www.wikidata.org/entity/Q16,Канада,9700,2005-12-01T00:00:00Z,http://www.wikidata.org/entity/Q3321804,Mount Caubvick,
http://www.wikidata.org/entity/Q163515,Айл-Ройал,http://www.wikidata.org/entity/Q30,США,2314,1940-04-03T00:00:00Z,http://www.wikidata.org/entity/Q6920421,Mount Desor,
http://www.wikidata.org/entity/Q130718,Deogyusan National Park,http://www.wikidata.org/entity/Q884,Республика Корея,231.65,1975-01-01T00:00:00Z,,,
http://www.wikidata.org/entity/Q155266,Cunnawarra National Park,http://www.wikidata.org/entity/Q408,Австралия,162.313017578125,1999-01-01T00:00:00Z,,,689
http://www.wikidata.org/entity/Q137917,Magnetic Island National Park,http://www.wikidata.org/entity/Q408,Австралия,279,2018-01-01T00:00:00Z,http://www.wikidata.org/entity/Q85786545,Mount Cook,260
http://www.wikidata.org/entity/Q137928,Мазеппа,http://www.wikidata.org/entity/Q408,Австралия,41.256220703125,2001-01-01T00:00:00Z,,,246
http://www.wikidata.org/entity/Q137913,Lochern National Park,http://www.wikidata.org/entity/Q408,Австралия,24862,2017-01-01T00:00:00Z,,,162
http://www.wikidata.org/entity/Q155266,Cunnawarra National Park,http://www.wikidata.org/entity/Q408,Австралия,16315,2003-01-01T00:00:00Z,,,689
http://www.wikidata.org/entity/Q152820,Кайахога-Валли,http://www.wikidata.org/entity/Q30,США,133.3,2000-10-11T00:00:00Z,,,
http://www.wikidata.org/entity/Q138104,Littabella National Park,http://www.wikidata.org/entity/Q408,Австралия,83.8,1980-01-01T00:00:00Z,,,27
http://www.wikidata.org/entity/Q155266,Cunnawarra National Park,http://www.wikidata.org/entity/Q408,Австралия,16315,1999-01-01T00:00:00Z,,,689
http://www.wikidata.org/entity/Q140033,Гленвех,http://www.wikidata.org/entity/Q27,Ирландия,1605,1984-01-01T00:00:00Z,http://www.wikidata.org/entity/Q1361608,Errigal,
http://www.wikidata.org/entity/Q168372,Cheile Nerei-Beușnița National Park,http://www.wikidata.org/entity/Q218,Румыния,367.58,1990-01-01T00:00:00Z,,,
http://www.wikidata.org/entity/Q138104,Littabella National Park,http://www.wikidata.org/entity/Q408,Австралия,83.827294921875,2009-01-01T00:00:00Z,,,27
http://www.wikidata.org/entity/Q137928,Мазеппа,http://www.wikidata.org/entity/Q408,Австралия,413,2001-01-01T00:00:00Z,,,246
http://www.wikidata.org/entity/Q168372,Cheile Nerei-Beușnița National Park,http://www.wikidata.org/entity/Q218,Румыния,367.58,2000-01-01T00:00:00Z,,,
http://www.wikidata.org/entity/Q123161,Woomargama National Park,http://www.wikidata.org/entity/Q408,Австралия,242.1934765625,2015-01-01T00:00:00Z,,,
http://www.wikidata.org/entity/Q165026,Girraween National Park,http://www.wikidata.org/entity/Q408,Австралия,118,1966-01-01T00:00:00Z,,,
http://www.wikidata.org/entity/Q133502,Уоррен (национальный парк),http://www.wikidata.org/entity/Q408,Австралия,13.7190295410156,1990-01-01T00:00:00Z,,,155
http://www.wikidata.org/entity/Q138096,Lindeman Islands National Park,http://www.wikidata.org/entity/Q408,Австралия,289,1998-01-01T00:00:00Z,,,350
http://www.wikidata.org/entity/Q133502,Уоррен (национальный парк),http://www.wikidata.org/entity/Q408,Австралия,13.7190295410156,1977-01-01T00:00:00Z,,,155
http://www.wikidata.org/entity/Q125333,Mũi Cà Mau National Park,http://www.wikidata.org/entity/Q881,Вьетнам,418.62,2003-01-01T00:00:00Z,,,
http://www.wikidata.org/entity/Q168421,Minerva Hills National Park,http://www.wikidata.org/entity/Q408,Австралия,279,1994-01-01T00:00:00Z,,,470
http://www.wikidata.org/entity/Q168421,Minerva Hills National Park,http://www.wikidata.org/entity/Q408,Австралия,27.8154809570313,1994-01-01T00:00:00Z,,,470
http://www.wikidata.org/entity/Q141549,Форе дю Дэй,http://www.wikidata.org/entity/Q977,Джибути,14,1939-01-01T00:00:00Z,,,
http://www.wikidata.org/entity/Q137917,Magnetic Island National Park,http://www.wikidata.org/entity/Q408,Австралия,39.360751953125,2018-01-01T00:00:00Z,http://www.wikidata.org/entity/Q85786545,Mount Cook,260
http://www.wikidata.org/entity/Q23960,Grey Peaks National Park,http://www.wikidata.org/entity/Q408,Австралия,33.4796508789062,2015-01-01T00:00:00Z,,,160
http://www.wikidata.org/entity/Q3627,Чиллаго-Мунгана Кейвс,http://www.wikidata.org/entity/Q408,Австралия,34.8290991210937,2008-01-01T00:00:00Z,,,424
http://www.wikidata.org/entity/Q119528,Jardine River National Park,http://www.wikidata.org/entity/Q408,Австралия,2345.883125,2017-01-01T00:00:00Z,,,64
http://www.wikidata.org/entity/Q3627,Чиллаго-Мунгана Кейвс,http://www.wikidata.org/entity/Q408,Австралия,34.8290991210937,1995-01-01T00:00:00Z,,,424
http://www.wikidata.org/entity/Q115591,Стерлинг-Рейндж,http://www.wikidata.org/entity/Q408,Австралия,1156.62,1994-01-01T00:00:00Z,,,312
http://www.wikidata.org/entity/Q48567,Пики Европы (национальный парк),http://www.wikidata.org/entity/Q29,Испания,66104.90139,1918-07-24T00:00:00Z,,,
http://www.wikidata.org/entity/Q60167,Лувин-Натуралисте,http://www.wikidata.org/entity/Q408,Австралия,0.00565802901983261,1957-01-01T00:00:00Z,,,166
http://www.wikidata.org/entity/Q113523,Королевский национальный парк,http://www.wikidata.org/entity/Q408,Австралия,153.240771484375,2016-01-01T00:00:00Z,,,147
http://www.wikidata.org/entity/Q48642,Fort Lytton National Park,http://www.wikidata.org/entity/Q408,Австралия,0.128492441177368,1990-01-01T00:00:00Z,,,4
http://www.wikidata.org/entity/Q60167,Лувин-Натуралисте,http://www.wikidata.org/entity/Q408,Австралия,156,1991-01-01T00:00:00Z,,,166
http://www.wikidata.org/entity/Q119528,Jardine River National Park,http://www.wikidata.org/entity/Q408,Австралия,2370,1994-01-01T00:00:00Z,,,64
http://www.wikidata.org/entity/Q4111,Цзючжайгоу,http://www.wikidata.org/entity/Q148,Китай,72000,1978-01-01T00:00:00Z,,,
http://www.wikidata.org/entity/Q60167,Лувин-Натуралисте,http://www.wikidata.org/entity/Q408,Австралия,0.00565802901983261,1979-01-01T00:00:00Z,,,166
http://www.wikidata.org/entity/Q24281,Halifax Bay Wetlands National Park,http://www.wikidata.org/entity/Q408,Австралия,18.0720080566406,1994-01-01T00:00:00Z,,,4
http://www.wikidata.org/entity/Q60167,Лувин-Натуралисте,http://www.wikidata.org/entity/Q408,Австралия,156,2000-01-01T00:00:00Z,,,166
http://www.wikidata.org/entity/Q119150,Бьёрнландет,http://www.wikidata.org/entity/Q34,Швеция,35.41,1991-02-07T00:00:00Z,,,
http://www.wikidata.org/entity/Q3627,Чиллаго-Мунгана Кейвс,http://www.wikidata.org/entity/Q408,Австралия,3.575,2008-01-01T00:00:00Z,,,424
http://www.wikidata.org/entity/Q48153,Национальный парк имени Александра Гумбольдта,http://www.wikidata.org/entity/Q241,Куба,7068,2001-02-02T00:00:00Z,,,
http://www.wikidata.org/entity/Q48153,Национальный парк имени Александра Гумбольдта,http://www.wikidata.org/entity/Q241,Куба,71140,2001-02-02T00:00:00Z,,,
http://www.wikidata.org/entity/Q119150,Бьёрнландет,http://www.wikidata.org/entity/Q34,Швеция,2333.25,1991-02-07T00:00:00Z,,,
http://www.wikidata.org/entity/Q119150,Бьёрнландет,http://www.wikidata.org/entity/Q34,Швеция,2371.19,1991-02-07T00:00:00Z,,,
http://www.wikidata.org/entity/Q3627,Чиллаго-Мунгана Кейвс,http://www.wikidata.org/entity/Q408,Австралия,3.575,1995-01-01T00:00:00Z,,,424
http://www.wikidata.org/entity/Q48608,Дарьен,http://www.wikidata.org/entity/Q804,Панама,579000,1980-01-01T00:00:00Z,,,
http://www.wikidata.org/entity/Q48608,Дарьен,http://www.wikidata.org/entity/Q804,Панама,5970,1980-01-01T00:00:00Z,,,
http://www.wikidata.org/entity/Q122412,Blackwood National Park,http://www.wikidata.org/entity/Q408,Австралия,1648,1994-01-01T00:00:00Z,,,264
http://www.wikidata.org/entity/Q45933,Hann Tableland National Park,http://www.wikidata.org/entity/Q408,Австралия,107.978583984375,2004-01-01T00:00:00Z,,,871
http://www.wikidata.org/entity/Q60167,Лувин-Натуралисте,http://www.wikidata.org/entity/Q408,Австралия,156,1957-01-01T00:00:00Z,,,166
http://www.wikidata.org/entity/Q45933,Hann Tableland National Park,http://www.wikidata.org/entity/Q408,Австралия,1082,1989-01-01T00:00:00Z,,,871
http://www.wikidata.org/entity/Q113523,Королевский национальный парк,http://www.wikidata.org/entity/Q408,Австралия,153.240771484375,1879-01-01T00:00:00Z,,,147
http://www.wikidata.org/entity/Q120765,Национальный парк «Остров Хинчинбрук»,http://www.wikidata.org/entity/Q408,Австралия,397.6928125,1932-01-01T00:00:00Z,,,18
http://www.wikidata.org/entity/Q80344,Олимп,http://www.wikidata.org/entity/Q41,Греция,19139.59,1938-01-01T00:00:00Z,http://www.wikidata.org/entity/Q545768,Митикас,2917.727
http://www.wikidata.org/entity/Q120765,Национальный парк «Остров Хинчинбрук»,http://www.wikidata.org/entity/Q408,Австралия,404,1932-01-01T00:00:00Z,,,18
http://www.wikidata.org/entity/Q82371,Semenic-Cheile Carașului National Park,http://www.wikidata.org/entity/Q218,Румыния,36089.53581,1990-01-01T00:00:00Z,,,
http://www.wikidata.org/entity/Q60167,Лувин-Натуралисте,http://www.wikidata.org/entity/Q408,Австралия,1.07619567871094,1991-01-01T00:00:00Z,,,166
http://www.wikidata.org/entity/Q60167,Лувин-Натуралисте,http://www.wikidata.org/entity/Q408,Австралия,214.877578125,1991-01-01T00:00:00Z,,,166
http://www.wikidata.org/entity/Q60167,Лувин-Натуралисте,http://www.wikidata.org/entity/Q408,Австралия,156,1979-01-01T00:00:00Z,,,166
http://www.wikidata.org/entity/Q120414,Изало,http://www.wikidata.org/entity/Q1019,Мадагаскар,8154,1999-01-01T00:00:00Z,,,
http://www.wikidata.org/entity/Q119528,Jardine River National Park,http://www.wikidata.org/entity/Q408,Австралия,2370,2017-01-01T00:00:00Z,,,64
http://www.wikidata.org/entity/Q60167,Лувин-Натуралисте,http://www.wikidata.org/entity/Q408,Австралия,1.07619567871094,2000-01-01T00:00:00Z,,,166
http://www.wikidata.org/entity/Q82371,Semenic-Cheile Carașului National Park,http://www.wikidata.org/entity/Q218,Румыния,36089.53581,2000-01-01T00:00:00Z,,,
http://www.wikidata.org/entity/Q60167,Лувин-Натуралисте,http://www.wikidata.org/entity/Q408,Австралия,214.877578125,2000-01-01T00:00:00Z,,,166
http://www.wikidata.org/entity/Q113523,Королевский национальный парк,http://www.wikidata.org/entity/Q408,Австралия,0.15,2016-01-01T00:00:00Z,,,147
http://www.wikidata.org/entity/Q48642,Fort Lytton National Park,http://www.wikidata.org/entity/Q408,Австралия,0.128492441177368,1996-01-01T00:00:00Z,,,4
http://www.wikidata.org/entity/Q24281,Halifax Bay Wetlands National Park,http://www.wikidata.org/entity/Q408,Австралия,1798,2010-01-01T00:00:00Z,,,4
http://www.wikidata.org/entity/Q68472,Грейт-Отуэй,http://www.wikidata.org/entity/Q408,Австралия,110555,2005-12-11T00:00:00Z,,,
http://www.wikidata.org/entity/Q23960,Grey Peaks National Park,http://www.wikidata.org/entity/Q408,Австралия,1083,1971-01-01T00:00:00Z,,,160
http://www.wikidata.org/entity/Q351,Йеллоустонский национальный парк,http://www.wikidata.org/entity/Q30,США,898349,1872-03-01T00:00:00Z,http://www.wikidata.org/entity/Q1276808,Eagle Peak,2470
http://www.wikidata.org/entity/Q79753,Сакликент,http://www.wikidata.org/entity/Q43,Турция,12390,1996-01-01T00:00:00Z,,,
http://www.wikidata.org/entity/Q48642,Fort Lytton National Park,http://www.wikidata.org/entity/Q408,Австралия,126,1990-01-01T00:00:00Z,,,4
http://www.wikidata.org/entity/Q120765,Национальный парк «Остров Хинчинбрук»,http://www.wikidata.org/entity/Q408,Австралия,397.6928125,2000-01-01T00:00:00Z,,,18
http://www.wikidata.org/entity/Q23960,Grey Peaks National Park,http://www.wikidata.org/entity/Q408,Австралия,1083,2015-01-01T00:00:00Z,,,160
http://www.wikidata.org/entity/Q120765,Национальный парк «Остров Хинчинбрук»,http://www.wikidata.org/entity/Q408,Австралия,404,2000-01-01T00:00:00Z,,,18
http://www.wikidata.org/entity/Q113952,Gorongosa National Park,http://www.wikidata.org/entity/Q1029,Мозамбик,4000,1960-07-23T00:00:00Z,,,
http://www.wikidata.org/entity/Q60167,Лувин-Натуралисте,http://www.wikidata.org/entity/Q408,Австралия,1.07619567871094,1957-01-01T00:00:00Z,,,166
http://www.wikidata.org/entity/Q115591,Стерлинг-Рейндж,http://www.wikidata.org/entity/Q408,Австралия,1156.62,1913-01-01T00:00:00Z,,,312
http://www.wikidata.org/entity/Q60167,Лувин-Натуралисте,http://www.wikidata.org/entity/Q408,Австралия,214.877578125,1957-01-01T00:00:00Z,,,166
http://www.wikidata.org/entity/Q68472,Грейт-Отуэй,http://www.wikidata.org/entity/Q408,Австралия,110555,2017-01-01T00:00:00Z,,,
http://www.wikidata.org/entity/Q122412,Blackwood National Park,http://www.wikidata.org/entity/Q408,Австралия,1648,1991-01-01T00:00:00Z,,,264
http://www.wikidata.org/entity/Q80343,Уэст-Кейп-Хоуи,http://www.wikidata.org/entity/Q408,Австралия,36.712490234375,1985-01-01T00:00:00Z,,,
http://www.wikidata.org/entity/Q65258,Sorkheh Hesar National Park,http://www.wikidata.org/entity/Q794,Иран,8694,,,,1200
http://www.wikidata.org/entity/Q65258,Sorkheh Hesar National Park,http://www.wikidata.org/entity/Q794,Иран,8694,,,,1800
http://www.wikidata.org/entity/Q65258,Sorkheh Hesar National Park,http://www.wikidata.org/entity/Q794,Иран,9168,,,,1200
http://www.wikidata.org/entity/Q65258,Sorkheh Hesar National Park,http://www.wikidata.org/entity/Q794,Иран,9168,,,,1800
http://www.wikidata.org/entity/Q112375,Галапагос (национальный парк),http://www.wikidata.org/entity/Q736,Эквадор,7665100,1959-01-01T00:00:00Z,,,
http://www.wikidata.org/entity/Q40544,Национальный парк Ала-Арча,http://www.wikidata.org/entity/Q813,Кыргызстан,194,1976-04-29T00:00:00Z,http://www.wikidata.org/entity/Q20619813,Пик Семёнова-Тян-Шанского,
http://www.wikidata.org/entity/Q80343,Уэст-Кейп-Хоуи,http://www.wikidata.org/entity/Q408,Австралия,36.712490234375,1987-01-01T00:00:00Z,,,
http://www.wikidata.org/entity/Q119150,Бьёрнландет,http://www.wikidata.org/entity/Q34,Швеция,2050.691,1991-02-07T00:00:00Z,,,
http://www.wikidata.org/entity/Q60167,Лувин-Натуралисте,http://www.wikidata.org/entity/Q408,Австралия,1.07619567871094,1979-01-01T00:00:00Z,,,166
http://www.wikidata.org/entity/Q116715,Национальный парк Акагера,http://www.wikidata.org/entity/Q1037,Руанда,1100,1934-01-01T00:00:00Z,,,
http://www.wikidata.org/entity/Q122412,Blackwood National Park,http://www.wikidata.org/entity/Q408,Австралия,16.4733251953125,1994-01-01T00:00:00Z,,,264
http://www.wikidata.org/entity/Q29723,Hasties Swamp National Park,http://www.wikidata.org/entity/Q408,Австралия,0.553630180358887,1980-01-01T00:00:00Z,,,766
http://www.wikidata.org/entity/Q29723,Hasties Swamp National Park,http://www.wikidata.org/entity/Q408,Австралия,566,1980-01-01T00:00:00Z,,,766
http://www.wikidata.org/entity/Q60167,Лувин-Натуралисте,http://www.wikidata.org/entity/Q408,Австралия,214.877578125,1979-01-01T00:00:00Z,,,166
http://www.wikidata.org/entity/Q87172,Те Уревера,http://www.wikidata.org/entity/Q664,Новая Зеландия,2127,1954-01-01T00:00:00Z,,,
http://www.wikidata.org/entity/Q42090,Los Haitises National Park,http://www.wikidata.org/entity/Q786,Доминиканская Республика,631.68,1976-01-01T00:00:00Z,,,228
http://www.wikidata.org/entity/Q113523,Королевский национальный парк,http://www.wikidata.org/entity/Q408,Австралия,0.15,1879-01-01T00:00:00Z,,,147
http://www.wikidata.org/entity/Q80343,Уэст-Кейп-Хоуи,http://www.wikidata.org/entity/Q408,Австралия,35,1985-01-01T00:00:00Z,,,
http://www.wikidata.org/entity/Q45933,Hann Tableland National Park,http://www.wikidata.org/entity/Q408,Австралия,1082,2004-01-01T00:00:00Z,,,871
http://www.wikidata.org/entity/Q80343,Уэст-Кейп-Хоуи,http://www.wikidata.org/entity/Q408,Австралия,35,1987-01-01T00:00:00Z,,,
http://www.wikidata.org/entity/Q117583,Cabañeros National Park,http://www.wikidata.org/entity/Q29,Испания,40875.11478,1995-01-01T00:00:00Z,,,
http://www.wikidata.org/entity/Q83397,Швейцарский национальный парк,http://www.wikidata.org/entity/Q39,Швейцария,17032.72868,1914-01-01T00:00:00Z,,,1900
http://www.wikidata.org/entity/Q61529,Симлипал,http://www.wikidata.org/entity/Q668,Индия,2750,1980-01-01T00:00:00Z,,,
http://www.wikidata.org/entity/Q119528,Jardine River National Park,http://www.wikidata.org/entity/Q408,Австралия,2345.883125,1994-01-01T00:00:00Z,,,64
http://www.wikidata.org/entity/Q24281,Halifax Bay Wetlands National Park,http://www.wikidata.org/entity/Q408,Австралия,18.0720080566406,2010-01-01T00:00:00Z,,,4
http://www.wikidata.org/entity/Q29723,Hasties Swamp National Park,http://www.wikidata.org/entity/Q408,Австралия,0.553630180358887,1994-01-01T00:00:00Z,,,766
http://www.wikidata.org/entity/Q29723,Hasties Swamp National Park,http://www.wikidata.org/entity/Q408,Австралия,566,1994-01-01T00:00:00Z,,,766
http://www.wikidata.org/entity/Q24281,Halifax Bay Wetlands National Park,http://www.wikidata.org/entity/Q408,Австралия,1798,1994-01-01T00:00:00Z,,,4
http://www.wikidata.org/entity/Q82371,Semenic-Cheile Carașului National Park,http://www.wikidata.org/entity/Q218,Румыния,362.14,1990-01-01T00:00:00Z,,,
http://www.wikidata.org/entity/Q45933,Hann Tableland National Park,http://www.wikidata.org/entity/Q408,Австралия,107.978583984375,1989-01-01T00:00:00Z,,,871
http://www.wikidata.org/entity/Q48642,Fort Lytton National Park,http://www.wikidata.org/entity/Q408,Австралия,126,1996-01-01T00:00:00Z,,,4
http://www.wikidata.org/entity/Q60167,Лувин-Натуралисте,http://www.wikidata.org/entity/Q408,Австралия,0.00565802901983261,1991-01-01T00:00:00Z,,,166
http://www.wikidata.org/entity/Q115591,Стерлинг-Рейндж,http://www.wikidata.org/entity/Q408,Австралия,1156.62,2011-01-01T00:00:00Z,,,312
http://www.wikidata.org/entity/Q82371,Semenic-Cheile Carașului National Park,http://www.wikidata.org/entity/Q218,Румыния,362.14,2000-01-01T00:00:00Z,,,
http://www.wikidata.org/entity/Q60167,Лувин-Натуралисте,http://www.wikidata.org/entity/Q408,Австралия,0.00565802901983261,2000-01-01T00:00:00Z,,,166
http://www.wikidata.org/entity/Q122412,Blackwood National Park,http://www.wikidata.org/entity/Q408,Австралия,16.4733251953125,1991-01-01T00:00:00Z,,,264
http://www.wikidata.org/entity/Q112854,Manuel Antonio National Park,http://www.wikidata.org/entity/Q800,Коста-Рика,682,1972-01-01T00:00:00Z,,,50
http://www.wikidata.org/entity/Q61535,Гунунг Мулу,http://www.wikidata.org/entity/Q833,Малайзия,52864,1974-01-01T00:00:00Z,,,
http://www.wikidata.org/entity/Q23960,Grey Peaks National Park,http://www.wikidata.org/entity/Q408,Австралия,33.4796508789062,1971-01-01T00:00:00Z,,,160
http://www.wikidata.org/entity/Q48567,Пики Европы (национальный парк),http://www.wikidata.org/entity/Q29,Испания,67127,1918-07-24T00:00:00Z,,,
http://www.wikidata.org/entity/Q41858,Банф,http://www.wikidata.org/entity/Q16,Канада,6641,1885-11-25T00:00:00Z,http://www.wikidata.org/entity/Q1818436,Ассинибойн,
http://www.wikidata.org/entity/Q631183,Рисняк,http://www.wikidata.org/entity/Q224,Хорватия,6340.29,1959-01-01T00:00:00Z,,,
http://www.wikidata.org/entity/Q640485,Юрё,http://www.wikidata.org/entity/Q34,Швеция,226.66,1991-02-07T00:00:00Z,,,
http://www.wikidata.org/entity/Q640485,Юрё,http://www.wikidata.org/entity/Q34,Швеция,316.11,1991-02-07T00:00:00Z,,,
http://www.wikidata.org/entity/Q614773,Walyunga National Park,http://www.wikidata.org/entity/Q408,Австралия,18,1985-01-01T00:00:00Z,,,72
http://www.wikidata.org/entity/Q608315,Yarriabini National Park,http://www.wikidata.org/entity/Q408,Австралия,2183,2010-01-01T00:00:00Z,,,
http://www.wikidata.org/entity/Q631981,Ubajara National Park,http://www.wikidata.org/entity/Q155,Бразилия,6269,1959-01-01T00:00:00Z,,,596
http://www.wikidata.org/entity/Q625511,Arakwal National Park,http://www.wikidata.org/entity/Q408,Австралия,1.99408660888672,2009-01-01T00:00:00Z,,,
http://www.wikidata.org/entity/Q631183,Рисняк,http://www.wikidata.org/entity/Q224,Хорватия,6340.29,1953-01-01T00:00:00Z,,,
http://www.wikidata.org/entity/Q640485,Юрё,http://www.wikidata.org/entity/Q34,Швеция,2323.29,1991-02-07T00:00:00Z,,,
http://www.wikidata.org/entity/Q600250,Garig Gunak Barlu National Park,http://www.wikidata.org/entity/Q408,Австралия,2260.04209742308,2000-01-01T00:00:00Z,,,7
http://www.wikidata.org/entity/Q606749,Villarrica National Park,http://www.wikidata.org/entity/Q298,Чили,53460,1940-11-28T00:00:00Z,http://www.wikidata.org/entity/Q389121,Ланин,1125
http://www.wikidata.org/entity/Q625172,Serra do Itajaí National Park,http://www.wikidata.org/entity/Q155,Бразилия,56918,2004-06-04T00:00:00Z,,,
http://www.wikidata.org/entity/Q625172,Serra do Itajaí National Park,http://www.wikidata.org/entity/Q155,Бразилия,573.74,2004-06-04T00:00:00Z,,,
http://www.wikidata.org/entity/Q635414,Vesuvius National Park,http://www.wikidata.org/entity/Q38,Италия,72.6,1991-06-05T00:00:00Z,http://www.wikidata.org/entity/Q524,Везувий,
http://www.wikidata.org/entity/Q637968,Маунт-Ричмонд,http://www.wikidata.org/entity/Q408,Австралия,1733,1960-01-01T00:00:00Z,,,140
http://www.wikidata.org/entity/Q629153,West Hill National Park,http://www.wikidata.org/entity/Q408,Австралия,108,1971-01-01T00:00:00Z,,,9
http://www.wikidata.org/entity/Q625511,Arakwal National Park,http://www.wikidata.org/entity/Q408,Австралия,1.99,2001-01-01T00:00:00Z,,,
http://www.wikidata.org/entity/Q605897,Долина Цветов,http://www.wikidata.org/entity/Q668,Индия,71.783,,,,
http://www.wikidata.org/entity/Q634183,Puyehue National Park,http://www.wikidata.org/entity/Q298,Чили,106757.09,1941-01-01T00:00:00Z,,,
http://www.wikidata.org/entity/Q600250,Garig Gunak Barlu National Park,http://www.wikidata.org/entity/Q408,Австралия,2.207,1981-01-01T00:00:00Z,,,7
http://www.wikidata.org/entity/Q625511,Arakwal National Park,http://www.wikidata.org/entity/Q408,Австралия,1.99,2009-01-01T00:00:00Z,,,
http://www.wikidata.org/entity/Q614773,Walyunga National Park,http://www.wikidata.org/entity/Q408,Австралия,18.1365856933594,1970-01-01T00:00:00Z,,,72
http://www.wikidata.org/entity/Q643478,Гай-Фокс-Ривер (национальный парк),http://www.wikidata.org/entity/Q408,Австралия,1.05937,2010-01-01T00:00:00Z,,,675
http://www.wikidata.org/entity/Q636823,Сент-Лоуренс-Айлендс,http://www.wikidata.org/entity/Q16,Канада,23.5,1904-01-01T00:00:00Z,,,
http://www.wikidata.org/entity/Q643478,Гай-Фокс-Ривер (национальный парк),http://www.wikidata.org/entity/Q408,Австралия,1082.349453125,2010-01-01T00:00:00Z,,,675
http://www.wikidata.org/entity/Q612901,Тайяталь,http://www.wikidata.org/entity/Q40,Австрия,1325.69857,1999-01-01T00:00:00Z,,,
http://www.wikidata.org/entity/Q612901,Тайяталь,http://www.wikidata.org/entity/Q40,Австрия,1325.69857,2000-01-01T00:00:00Z,,,
http://www.wikidata.org/entity/Q640485,Юрё,http://www.wikidata.org/entity/Q34,Швеция,2007.162,1991-02-07T00:00:00Z,,,
http://www.wikidata.org/entity/Q629153,West Hill National Park,http://www.wikidata.org/entity/Q408,Австралия,108,2003-01-01T00:00:00Z,,,9
http://www.wikidata.org/entity/Q617635,Апарадус-да-Серра (национальный парк),http://www.wikidata.org/entity/Q155,Бразилия,102.5,1959-01-01T00:00:00Z,,,
http://www.wikidata.org/entity/Q617635,Апарадус-да-Серра (национальный парк),http://www.wikidata.org/entity/Q155,Бразилия,13148,1959-01-01T00:00:00Z,,,
http://www.wikidata.org/entity/Q607612,Полонины,http://www.wikidata.org/entity/Q214,Словакия,30749.806,1997-10-01T00:00:00Z,,,
http://www.wikidata.org/entity/Q635414,Vesuvius National Park,http://www.wikidata.org/entity/Q38,Италия,7259,1991-06-05T00:00:00Z,http://www.wikidata.org/entity/Q524,Везувий,
http://www.wikidata.org/entity/Q600250,Garig Gunak Barlu National Park,http://www.wikidata.org/entity/Q408,Австралия,2.207,2000-01-01T00:00:00Z,,,7
http://www.wikidata.org/entity/Q602120,Тортугеро,http://www.wikidata.org/entity/Q800,Коста-Рика,312,1975-01-01T00:00:00Z,,,8
http://www.wikidata.org/entity/Q607533,Лейк-Маньяра,http://www.wikidata.org/entity/Q924,Танзания,644,1960-01-01T00:00:00Z,,,
http://www.wikidata.org/entity/Q629153,West Hill National Park,http://www.wikidata.org/entity/Q408,Австралия,10.659267578125,1971-01-01T00:00:00Z,,,9
http://www.wikidata.org/entity/Q614773,Walyunga National Park,http://www.wikidata.org/entity/Q408,Австралия,18,1970-01-01T00:00:00Z,,,72
http://www.wikidata.org/entity/Q611989,Чако,http://www.wikidata.org/entity/Q414,Аргентина,14.981,1954-10-22T00:00:00Z,,,74
http://www.wikidata.org/entity/Q608315,Yarriabini National Park,http://www.wikidata.org/entity/Q408,Австралия,21.8148608398437,2003-01-01T00:00:00Z,,,
http://www.wikidata.org/entity/Q643478,Гай-Фокс-Ривер (национальный парк),http://www.wikidata.org/entity/Q408,Австралия,1.05937,1972-01-01T00:00:00Z,,,675
http://www.wikidata.org/entity/Q629436,Морн-Труа-Питон,http://www.wikidata.org/entity/Q784,Доминика,6857,1975-01-01T00:00:00Z,,,
http://www.wikidata.org/entity/Q614773,Walyunga National Park,http://www.wikidata.org/entity/Q408,Австралия,18.1365856933594,1985-01-01T00:00:00Z,,,72
http://www.wikidata.org/entity/Q608315,Yarriabini National Park,http://www.wikidata.org/entity/Q408,Австралия,21.8148608398437,2010-01-01T00:00:00Z,,,
http://www.wikidata.org/entity/Q643478,Гай-Фокс-Ривер (национальный парк),http://www.wikidata.org/entity/Q408,Австралия,1082.349453125,1972-01-01T00:00:00Z,,,675
http://www.wikidata.org/entity/Q643667,Национальный парк Аревик,http://www.wikidata.org/entity/Q399,Армения,344,2009-01-01T00:00:00Z,,,
http://www.wikidata.org/entity/Q600250,Garig Gunak Barlu National Park,http://www.wikidata.org/entity/Q408,Австралия,2260.04209742308,1981-01-01T00:00:00Z,,,7
http://www.wikidata.org/entity/Q612901,Тайяталь,http://www.wikidata.org/entity/Q40,Австрия,1330,1999-01-01T00:00:00Z,,,
http://www.wikidata.org/entity/Q637968,Маунт-Ричмонд,http://www.wikidata.org/entity/Q408,Австралия,1733,1987-01-01T00:00:00Z,,,140
http://www.wikidata.org/entity/Q612901,Тайяталь,http://www.wikidata.org/entity/Q40,Австрия,1330,2000-01-01T00:00:00Z,,,
http://www.wikidata.org/entity/Q605657,Гейтс-оф-те-Арктик,http://www.wikidata.org/entity/Q30,США,34287,1980-01-01T00:00:00Z,http://www.wikidata.org/entity/Q1950531,Mount Igikpak,
http://www.wikidata.org/entity/Q629153,West Hill National Park,http://www.wikidata.org/entity/Q408,Австралия,10.659267578125,2003-01-01T00:00:00Z,,,9
http://www.wikidata.org/entity/Q609902,Катмай,http://www.wikidata.org/entity/Q30,США,16564,1980-01-01T00:00:00Z,http://www.wikidata.org/entity/Q826942,Григгс,
http://www.wikidata.org/entity/Q613251,Банде-Амир,http://www.wikidata.org/entity/Q889,Афганистан,590,2009-01-01T00:00:00Z,,,2909
http://www.wikidata.org/entity/Q606749,Villarrica National Park,http://www.wikidata.org/entity/Q298,Чили,630,1940-11-28T00:00:00Z,http://www.wikidata.org/entity/Q389121,Ланин,1125
http://www.wikidata.org/entity/Q625511,Arakwal National Park,http://www.wikidata.org/entity/Q408,Австралия,1.99408660888672,2001-01-01T00:00:00Z,,,
http://www.wikidata.org/entity/Q608315,Yarriabini National Park,http://www.wikidata.org/entity/Q408,Австралия,2183,2003-01-01T00:00:00Z,,,
http://www.wikidata.org/entity/Q631981,Ubajara National Park,http://www.wikidata.org/entity/Q155,Бразилия,63,1959-01-01T00:00:00Z,,,596
http://www.wikidata.org/entity/Q174656,Millstream Chichester National Park,http://www.wikidata.org/entity/Q408,Австралия,1.997,1972-01-01T00:00:00Z,,,294
http://www.wikidata.org/entity/Q211819,Reliance Creek National Park,http://www.wikidata.org/entity/Q408,Австралия,0.286943168640137,1980-01-01T00:00:00Z,,,23
http://www.wikidata.org/entity/Q204931,Ретезат,http://www.wikidata.org/entity/Q218,Румыния,38047,1988-01-01T00:00:00Z,,,2509
http://www.wikidata.org/entity/Q212030,Mount Martin National Park,http://www.wikidata.org/entity/Q408,Австралия,2173,2008-01-01T00:00:00Z,,,458
http://www.wikidata.org/entity/Q203368,Буджамулла,http://www.wikidata.org/entity/Q408,Австралия,2820,2003-01-01T00:00:00Z,,,
http://www.wikidata.org/entity/Q185602,Йостедалсбреен,http://www.wikidata.org/entity/Q20,Норвегия,1314,1991-10-25T00:00:00Z,,,
http://www.wikidata.org/entity/Q181891,Nullarbor National Park,http://www.wikidata.org/entity/Q408,Австралия,5.781,2006-01-01T00:00:00Z,,,84
http://www.wikidata.org/entity/Q181891,Nullarbor National Park,http://www.wikidata.org/entity/Q408,Австралия,5.781,2006-01-01T00:00:00Z,,,111
http://www.wikidata.org/entity/Q174228,Caparaó National Park,http://www.wikidata.org/entity/Q155,Бразилия,31763,1961-05-14T00:00:00Z,,,882
http://www.wikidata.org/entity/Q198185,Moorrinya National Park,http://www.wikidata.org/entity/Q408,Австралия,32607,1995-01-01T00:00:00Z,,,328
http://www.wikidata.org/entity/Q181891,Nullarbor National Park,http://www.wikidata.org/entity/Q408,Австралия,324.255,1979-01-01T00:00:00Z,,,84
http://www.wikidata.org/entity/Q181891,Nullarbor National Park,http://www.wikidata.org/entity/Q408,Австралия,324.255,1979-01-01T00:00:00Z,,,111
http://www.wikidata.org/entity/Q174250,Вануаз,http://www.wikidata.org/entity/Q142,Франция,52839,1963-01-01T00:00:00Z,http://www.wikidata.org/entity/Q1542960,Grande Casse,
http://www.wikidata.org/entity/Q211816,Pioneer Peaks National Park,http://www.wikidata.org/entity/Q408,Австралия,18.8011291503906,2004-01-01T00:00:00Z,,,142
http://www.wikidata.org/entity/Q211819,Reliance Creek National Park,http://www.wikidata.org/entity/Q408,Австралия,0.286943168640137,2007-01-01T00:00:00Z,,,23
http://www.wikidata.org/entity/Q181556,Брокмен (национальный парк),http://www.wikidata.org/entity/Q408,Австралия,49,1977-01-01T00:00:00Z,,,135
http://www.wikidata.org/entity/Q220289,Гранд-Каньон,http://www.wikidata.org/entity/Q30,США,4862.893,1919-01-01T00:00:00Z,,,
http://www.wikidata.org/entity/Q185284,Skarvan and Roltdalen National Park,http://www.wikidata.org/entity/Q20,Норвегия,441,2004-01-01T00:00:00Z,,,
http://www.wikidata.org/entity/Q219562,Брайс-Каньон,http://www.wikidata.org/entity/Q30,США,145,1928-09-15T00:00:00Z,http://www.wikidata.org/entity/Q49470226,Rainbow Point,
http://www.wikidata.org/entity/Q176872,Барма,http://www.wikidata.org/entity/Q408,Австралия,28505,2010-06-29T00:00:00Z,,,
http://www.wikidata.org/entity/Q181891,Nullarbor National Park,http://www.wikidata.org/entity/Q408,Австралия,324.255,2006-01-01T00:00:00Z,,,84
http://www.wikidata.org/entity/Q181891,Nullarbor National Park,http://www.wikidata.org/entity/Q408,Австралия,324.255,2006-01-01T00:00:00Z,,,111
http://www.wikidata.org/entity/Q174250,Вануаз,http://www.wikidata.org/entity/Q142,Франция,528,1963-07-06T00:00:00Z,http://www.wikidata.org/entity/Q1542960,Grande Casse,
http://www.wikidata.org/entity/Q212025,Mount Pinbarren National Park,http://www.wikidata.org/entity/Q408,Австралия,0.227454299926758,2002-01-01T00:00:00Z,,,329
http://www.wikidata.org/entity/Q174656,Millstream Chichester National Park,http://www.wikidata.org/entity/Q408,Австралия,2384.51609375,1970-01-01T00:00:00Z,,,294
http://www.wikidata.org/entity/Q168618,Molle Islands National Park,http://www.wikidata.org/entity/Q408,Австралия,177,1998-01-01T00:00:00Z,,,173
http://www.wikidata.org/entity/Q205952,Хавайи-Волкейнос,http://www.wikidata.org/entity/Q30,США,87940,1916-01-01T00:00:00Z,http://www.wikidata.org/entity/Q159762,Мауна-Лоа,
http://www.wikidata.org/entity/Q212030,Mount Martin National Park,http://www.wikidata.org/entity/Q408,Австралия,22.7256323242188,1994-01-01T00:00:00Z,,,458
http://www.wikidata.org/entity/Q212025,Mount Pinbarren National Park,http://www.wikidata.org/entity/Q408,Австралия,0.227454299926758,1929-01-01T00:00:00Z,,,329
http://www.wikidata.org/entity/Q174918,Эрринундра (национальный парк),http://www.wikidata.org/entity/Q408,Австралия,43090,1988-01-01T00:00:00Z,,,
http://www.wikidata.org/entity/Q192764,Казиранга,http://www.wikidata.org/entity/Q668,Индия,170,1905-01-01T00:00:00Z,,,
http://www.wikidata.org/entity/Q211816,Pioneer Peaks National Park,http://www.wikidata.org/entity/Q408,Австралия,189,2004-01-01T00:00:00Z,,,142
http://www.wikidata.org/entity/Q212134,Стаатен Ривер,http://www.wikidata.org/entity/Q408,Австралия,4.7,1994-01-01T00:00:00Z,,,78
http://www.wikidata.org/entity/Q175688,Конгари,http://www.wikidata.org/entity/Q30,США,26276,2003-11-10T00:00:00Z,,,
http://www.wikidata.org/entity/Q192764,Казиранга,http://www.wikidata.org/entity/Q668,Индия,42996,1905-01-01T00:00:00Z,,,
http://www.wikidata.org/entity/Q205325,Зайон,http://www.wikidata.org/entity/Q30,США,595.8699,1919-11-19T00:00:00Z,http://www.wikidata.org/entity/Q3140792,Horse Ranch Mountain,
http://www.wikidata.org/entity/Q211816,Pioneer Peaks National Park,http://www.wikidata.org/entity/Q408,Австралия,18.8011291503906,1992-01-01T00:00:00Z,,,142
http://www.wikidata.org/entity/Q200521,Бримстоун-Хилл-Фортресс,http://www.wikidata.org/entity/Q763,Сент-Китс и Невис,15.37,1987-01-01T00:00:00Z,,,
http://www.wikidata.org/entity/Q212019,Mount O'Connell National Park,http://www.wikidata.org/entity/Q408,Австралия,757,1989-01-01T00:00:00Z,,,291
http://www.wikidata.org/entity/Q168618,Molle Islands National Park,http://www.wikidata.org/entity/Q408,Австралия,177,1937-01-01T00:00:00Z,,,173
http://www.wikidata.org/entity/Q198185,Moorrinya National Park,http://www.wikidata.org/entity/Q408,Австралия,325.935703125,1993-01-01T00:00:00Z,,,328
http://www.wikidata.org/entity/Q212025,Mount Pinbarren National Park,http://www.wikidata.org/entity/Q408,Австралия,227,2002-01-01T00:00:00Z,,,329
http://www.wikidata.org/entity/Q174656,Millstream Chichester National Park,http://www.wikidata.org/entity/Q408,Австралия,1.997,1970-01-01T00:00:00Z,,,294
http://www.wikidata.org/entity/Q181556,Брокмен (национальный парк),http://www.wikidata.org/entity/Q408,Австралия,0.512273941040039,1977-01-01T00:00:00Z,,,135
http://www.wikidata.org/entity/Q212030,Mount Martin National Park,http://www.wikidata.org/entity/Q408,Австралия,22.7256323242188,2008-01-01T00:00:00Z,,,458
http://www.wikidata.org/entity/Q212134,Стаатен Ривер,http://www.wikidata.org/entity/Q408,Австралия,4.7,1977-01-01T00:00:00Z,,,78
http://www.wikidata.org/entity/Q212019,Mount O'Connell National Park,http://www.wikidata.org/entity/Q408,Австралия,7.57736633300781,1989-01-01T00:00:00Z,,,291
http://www.wikidata.org/entity/Q205952,Хавайи-Волкейнос,http://www.wikidata.org/entity/Q30,США,554,1916-01-01T00:00:00Z,http://www.wikidata.org/entity/Q159762,Мауна-Лоа,
http://www.wikidata.org/entity/Q174250,Вануаз,http://www.wikidata.org/entity/Q142,Франция,52839,1963-07-06T00:00:00Z,http://www.wikidata.org/entity/Q1542960,Grande Casse,
http://www.wikidata.org/entity/Q212025,Mount Pinbarren National Park,http://www.wikidata.org/entity/Q408,Австралия,227,1929-01-01T00:00:00Z,,,329
http://www.wikidata.org/entity/Q203368,Буджамулла,http://www.wikidata.org/entity/Q408,Австралия,2815.9153125,1985-01-01T00:00:00Z,,,
http://www.wikidata.org/entity/Q180402,Йосемити,http://www.wikidata.org/entity/Q30,США,307934,1890-10-01T00:00:00Z,http://www.wikidata.org/entity/Q2753855,Лайелл,2686
http://www.wikidata.org/entity/Q212019,Mount O'Connell National Park,http://www.wikidata.org/entity/Q408,Австралия,757,1994-01-01T00:00:00Z,,,291
http://www.wikidata.org/entity/Q217136,Денали,http://www.wikidata.org/entity/Q30,США,24.585,1917-01-01T00:00:00Z,http://www.wikidata.org/entity/Q130018,Мак-Кинли,324
http://www.wikidata.org/entity/Q187592,Sjunkhatten National Park,http://www.wikidata.org/entity/Q20,Норвегия,417,2010-01-01T00:00:00Z,,,
http://www.wikidata.org/entity/Q198185,Moorrinya National Park,http://www.wikidata.org/entity/Q408,Австралия,32607,1993-01-01T00:00:00Z,,,328
http://www.wikidata.org/entity/Q211816,Pioneer Peaks National Park,http://www.wikidata.org/entity/Q408,Австралия,189,1992-01-01T00:00:00Z,,,142
http://www.wikidata.org/entity/Q212019,Mount O'Connell National Park,http://www.wikidata.org/entity/Q408,Австралия,7.57736633300781,1994-01-01T00:00:00Z,,,291
http://www.wikidata.org/entity/Q204931,Ретезат,http://www.wikidata.org/entity/Q218,Румыния,38319.01022,1935-01-01T00:00:00Z,,,2509
http://www.wikidata.org/entity/Q203368,Буджамулла,http://www.wikidata.org/entity/Q408,Австралия,2815.9153125,2003-01-01T00:00:00Z,,,
http://www.wikidata.org/entity/Q215992,Лос-Гласьярес,http://www.wikidata.org/entity/Q414,Аргентина,726927,1939-01-01T00:00:00Z,http://www.wikidata.org/entity/Q215138,Фицрой,919
http://www.wikidata.org/entity/Q176792,Сайлент-Вэлли (национальный парк),http://www.wikidata.org/entity/Q668,Индия,8952,1980-01-01T00:00:00Z,,,
http://www.wikidata.org/entity/Q212134,Стаатен Ривер,http://www.wikidata.org/entity/Q408,Австралия,4687.734375,1994-01-01T00:00:00Z,,,78
http://www.wikidata.org/entity/Q181933,Rajaji National Park,http://www.wikidata.org/entity/Q668,Индия,800,1983-01-01T00:00:00Z,,,
http://www.wikidata.org/entity/Q174656,Millstream Chichester National Park,http://www.wikidata.org/entity/Q408,Австралия,2384.51609375,1972-01-01T00:00:00Z,,,294
http://www.wikidata.org/entity/Q182981,Юнкердаль,http://www.wikidata.org/entity/Q20,Норвегия,682,2004-01-01T00:00:00Z,,,
http://www.wikidata.org/entity/Q202845,Тонгариро,http://www.wikidata.org/entity/Q664,Новая Зеландия,795.96,1887-01-01T00:00:00Z,,,
http://www.wikidata.org/entity/Q180402,Йосемити,http://www.wikidata.org/entity/Q30,США,3027.19,1890-10-01T00:00:00Z,http://www.wikidata.org/entity/Q2753855,Лайелл,2686
http://www.wikidata.org/entity/Q191824,Редвуд,http://www.wikidata.org/entity/Q30,США,77746.46,1968-10-02T00:00:00Z,,,
http://www.wikidata.org/entity/Q204931,Ретезат,http://www.wikidata.org/entity/Q218,Румыния,38319.01022,1988-01-01T00:00:00Z,,,2509
http://www.wikidata.org/entity/Q200590,Иввавик,http://www.wikidata.org/entity/Q16,Канада,9750,1984-01-01T00:00:00Z,,,
http://www.wikidata.org/entity/Q212030,Mount Martin National Park,http://www.wikidata.org/entity/Q408,Австралия,2173,1994-01-01T00:00:00Z,,,458
http://www.wikidata.org/entity/Q174228,Caparaó National Park,http://www.wikidata.org/entity/Q155,Бразилия,260,1961-05-14T00:00:00Z,,,882
http://www.wikidata.org/entity/Q212134,Стаатен Ривер,http://www.wikidata.org/entity/Q408,Австралия,4687.734375,1977-01-01T00:00:00Z,,,78
http://www.wikidata.org/entity/Q174250,Вануаз,http://www.wikidata.org/entity/Q142,Франция,528,1963-01-01T00:00:00Z,http://www.wikidata.org/entity/Q1542960,Grande Casse,
http://www.wikidata.org/entity/Q204931,Ретезат,http://www.wikidata.org/entity/Q218,Румыния,38047,1935-01-01T00:00:00Z,,,2509
http://www.wikidata.org/entity/Q215992,Лос-Гласьярес,http://www.wikidata.org/entity/Q414,Аргентина,4459,1939-01-01T00:00:00Z,http://www.wikidata.org/entity/Q215138,Фицрой,919
http://www.wikidata.org/entity/Q198185,Moorrinya National Park,http://www.wikidata.org/entity/Q408,Австралия,325.935703125,1995-01-01T00:00:00Z,,,328
http://www.wikidata.org/entity/Q181891,Nullarbor National Park,http://www.wikidata.org/entity/Q408,Австралия,5.781,1979-01-01T00:00:00Z,,,84
http://www.wikidata.org/entity/Q181891,Nullarbor National Park,http://www.wikidata.org/entity/Q408,Австралия,5.781,1979-01-01T00:00:00Z,,,111
http://www.wikidata.org/entity/Q203368,Буджамулла,http://www.wikidata.org/entity/Q408,Австралия,2820,1985-01-01T00:00:00Z,,,
http://www.wikidata.org/entity/Q550389,Реюньон,http://www.wikidata.org/entity/Q142,Франция,105514.9038,2007-01-01T00:00:00Z,http://www.wikidata.org/entity/Q1545452,Питон-де-Неж,
http://www.wikidata.org/entity/Q541934,Chaelundi National Park,http://www.wikidata.org/entity/Q408,Австралия,19174,1997-01-01T00:00:00Z,,,291
http://www.wikidata.org/entity/Q491972,Mount William National Park,http://www.wikidata.org/entity/Q408,Австралия,185.91,1973-01-01T00:00:00Z,,,62
http://www.wikidata.org/entity/Q499953,Southwood National Park,http://www.wikidata.org/entity/Q408,Австралия,712,1970-01-01T00:00:00Z,,,262
http://www.wikidata.org/entity/Q541149,Hat Head National Park,http://www.wikidata.org/entity/Q408,Австралия,74,2006-01-01T00:00:00Z,,,30
http://www.wikidata.org/entity/Q494689,Juwangsan National Park,http://www.wikidata.org/entity/Q884,Республика Корея,105.6,1976-01-01T00:00:00Z,,,
http://www.wikidata.org/entity/Q541149,Hat Head National Park,http://www.wikidata.org/entity/Q408,Австралия,74.011806640625,1972-01-01T00:00:00Z,,,30
http://www.wikidata.org/entity/Q499953,Southwood National Park,http://www.wikidata.org/entity/Q408,Австралия,712,2001-01-01T00:00:00Z,,,262
http://www.wikidata.org/entity/Q549411,Greenmount National Park,http://www.wikidata.org/entity/Q408,Австралия,2.02309585571289,1972-01-01T00:00:00Z,,,210
http://www.wikidata.org/entity/Q534596,Тель Беэр-Шева,http://www.wikidata.org/entity/Q801,Израиль,3.09,,,,
http://www.wikidata.org/entity/Q534596,Тель Беэр-Шева,http://www.wikidata.org/entity/Q801,Израиль,108.53,,,,
http://www.wikidata.org/entity/Q548153,Перияр,http://www.wikidata.org/entity/Q668,Индия,77700,1982-01-01T00:00:00Z,,,
http://www.wikidata.org/entity/Q541934,Chaelundi National Park,http://www.wikidata.org/entity/Q408,Австралия,191.25697265625,2007-01-01T00:00:00Z,,,291
http://www.wikidata.org/entity/Q549411,Greenmount National Park,http://www.wikidata.org/entity/Q408,Австралия,2.02309585571289,1959-01-01T00:00:00Z,,,210
http://www.wikidata.org/entity/Q568121,Лейк-Эйлдон,http://www.wikidata.org/entity/Q408,Австралия,27750,1997-06-04T00:00:00Z,,,366
http://www.wikidata.org/entity/Q559054,Туран,http://www.wikidata.org/entity/Q794,Иран,101073,1972-01-01T00:00:00Z,,,
http://www.wikidata.org/entity/Q559054,Туран,http://www.wikidata.org/entity/Q794,Иран,1010.73,1972-01-01T00:00:00Z,,,
http://www.wikidata.org/entity/Q532440,Сундарбан,http://www.wikidata.org/entity/Q668,Индия,133010,1984-01-01T00:00:00Z,,,
http://www.wikidata.org/entity/Q527914,Brindabella National Park,http://www.wikidata.org/entity/Q408,Австралия,18.454,1996-01-01T00:00:00Z,,,997
http://www.wikidata.org/entity/Q559054,Туран,http://www.wikidata.org/entity/Q794,Иран,101073,1976-01-01T00:00:00Z,,,
http://www.wikidata.org/entity/Q559054,Туран,http://www.wikidata.org/entity/Q794,Иран,1010.73,1976-01-01T00:00:00Z,,,
http://www.wikidata.org/entity/Q519117,Savage River National Park,http://www.wikidata.org/entity/Q408,Австралия,1798,1999-01-01T00:00:00Z,,,624
http://www.wikidata.org/entity/Q549411,Greenmount National Park,http://www.wikidata.org/entity/Q408,Австралия,56,1972-01-01T00:00:00Z,,,210
http://www.wikidata.org/entity/Q532440,Сундарбан,http://www.wikidata.org/entity/Q668,Индия,1330.12,1984-01-01T00:00:00Z,,,
http://www.wikidata.org/entity/Q559054,Туран,http://www.wikidata.org/entity/Q794,Иран,310487,1972-01-01T00:00:00Z,,,
http://www.wikidata.org/entity/Q506511,Манас,http://www.wikidata.org/entity/Q668,Индия,2600,1990-01-01T00:00:00Z,,,
http://www.wikidata.org/entity/Q506511,Манас,http://www.wikidata.org/entity/Q668,Индия,39100,1990-01-01T00:00:00Z,,,
http://www.wikidata.org/entity/Q559054,Туран,http://www.wikidata.org/entity/Q794,Иран,310487,1976-01-01T00:00:00Z,,,
http://www.wikidata.org/entity/Q527914,Brindabella National Park,http://www.wikidata.org/entity/Q408,Австралия,212.882109375,1996-01-01T00:00:00Z,,,997
http://www.wikidata.org/entity/Q541856,Каньонлендс,http://www.wikidata.org/entity/Q30,США,337598,1964-09-12T00:00:00Z,http://www.wikidata.org/entity/Q49876792,Cathedral Point,
http://www.wikidata.org/entity/Q541934,Chaelundi National Park,http://www.wikidata.org/entity/Q408,Австралия,19174,2007-01-01T00:00:00Z,,,291
http://www.wikidata.org/entity/Q549411,Greenmount National Park,http://www.wikidata.org/entity/Q408,Австралия,56,1959-01-01T00:00:00Z,,,210
http://www.wikidata.org/entity/Q539518,Национальный парк Банк-д'Арген,http://www.wikidata.org/entity/Q1025,Мавритания,12000,1976-01-01T00:00:00Z,,,21
http://www.wikidata.org/entity/Q492185,River Gambia National Park,http://www.wikidata.org/entity/Q1005,Гамбия,585,1978-01-01T00:00:00Z,,,
http://www.wikidata.org/entity/Q524956,Dorrigo National Park,http://www.wikidata.org/entity/Q408,Австралия,119,2003-01-01T00:00:00Z,,,306
http://www.wikidata.org/entity/Q541149,Hat Head National Park,http://www.wikidata.org/entity/Q408,Австралия,74,1972-01-01T00:00:00Z,,,30
http://www.wikidata.org/entity/Q568121,Лейк-Эйлдон,http://www.wikidata.org/entity/Q408,Австралия,27750,1998-01-01T00:00:00Z,,,366
http://www.wikidata.org/entity/Q550389,Реюньон,http://www.wikidata.org/entity/Q142,Франция,1054.47,2007-01-01T00:00:00Z,http://www.wikidata.org/entity/Q1545452,Питон-де-Неж,
http://www.wikidata.org/entity/Q527914,Brindabella National Park,http://www.wikidata.org/entity/Q408,Австралия,18.454,2014-01-01T00:00:00Z,,,997
http://www.wikidata.org/entity/Q501344,Национальный парк Комоэ,http://www.wikidata.org/entity/Q1008,Кот-д’Ивуар,1150000,1968-01-01T00:00:00Z,,,
http://www.wikidata.org/entity/Q491567,Gyeongju National Park,http://www.wikidata.org/entity/Q884,Республика Корея,13709,1968-01-01T00:00:00Z,,,
http://www.wikidata.org/entity/Q524956,Dorrigo National Park,http://www.wikidata.org/entity/Q408,Австралия,7885,2003-01-01T00:00:00Z,,,306
http://www.wikidata.org/entity/Q501344,Национальный парк Комоэ,http://www.wikidata.org/entity/Q1008,Кот-д’Ивуар,11491.5,1968-01-01T00:00:00Z,,,
http://www.wikidata.org/entity/Q536993,Грейтер-Бендиго,http://www.wikidata.org/entity/Q408,Австралия,17615,2002-01-01T00:00:00Z,,,
http://www.wikidata.org/entity/Q527914,Brindabella National Park,http://www.wikidata.org/entity/Q408,Австралия,212.882109375,2014-01-01T00:00:00Z,,,997
http://www.wikidata.org/entity/Q491005,Вёрджин-Айлендс,http://www.wikidata.org/entity/Q30,США,59.6,1956-08-02T00:00:00Z,,,392
http://www.wikidata.org/entity/Q510882,Пном Кулен,http://www.wikidata.org/entity/Q424,Камбоджа,375,1993-01-01T00:00:00Z,,,
http://www.wikidata.org/entity/Q536993,Грейтер-Бендиго,http://www.wikidata.org/entity/Q408,Австралия,17615,2006-01-01T00:00:00Z,,,
http://www.wikidata.org/entity/Q564482,Annan River (Yuku Baja-Muliku) National Park,http://www.wikidata.org/entity/Q408,Австралия,86.856025390625,2006-01-01T00:00:00Z,,,35
http://www.wikidata.org/entity/Q559054,Туран,http://www.wikidata.org/entity/Q794,Иран,101073,2002-01-01T00:00:00Z,,,
http://www.wikidata.org/entity/Q559054,Туран,http://www.wikidata.org/entity/Q794,Иран,1010.73,2002-01-01T00:00:00Z,,,
http://www.wikidata.org/entity/Q526425,Idalia National Park,http://www.wikidata.org/entity/Q408,Австралия,1.44,1998-01-01T00:00:00Z,,,398
http://www.wikidata.org/entity/Q503835,Национальный парк Маново-Гоунда-Сен-Флорис,http://www.wikidata.org/entity/Q929,Центральноафриканская Республика,17400,1979-05-17T00:00:00Z,,,425
http://www.wikidata.org/entity/Q559054,Туран,http://www.wikidata.org/entity/Q794,Иран,310487,2002-01-01T00:00:00Z,,,
http://www.wikidata.org/entity/Q499550,Smith Islands National Park,http://www.wikidata.org/entity/Q408,Австралия,11.3512976074219,1998-01-01T00:00:00Z,,,104
http://www.wikidata.org/entity/Q524956,Dorrigo National Park,http://www.wikidata.org/entity/Q408,Австралия,119,1967-01-01T00:00:00Z,,,306
http://www.wikidata.org/entity/Q499953,Southwood National Park,http://www.wikidata.org/entity/Q408,Австралия,71.1990283203125,1970-01-01T00:00:00Z,,,262
http://www.wikidata.org/entity/Q559054,Туран,http://www.wikidata.org/entity/Q794,Иран,1441523,1972-01-01T00:00:00Z,,,
http://www.wikidata.org/entity/Q559054,Туран,http://www.wikidata.org/entity/Q794,Иран,14415.23,1972-01-01T00:00:00Z,,,
http://www.wikidata.org/entity/Q539925,Murray Valley National Park,http://www.wikidata.org/entity/Q408,Австралия,395.1476953125,2010-01-01T00:00:00Z,,,
http://www.wikidata.org/entity/Q503518,Нижнее Замбези (национальный парк),http://www.wikidata.org/entity/Q953,Замбия,4092,1983-01-01T00:00:00Z,,,861
http://www.wikidata.org/entity/Q503429,Джаспер,http://www.wikidata.org/entity/Q16,Канада,10878,1907-09-14T00:00:00Z,http://www.wikidata.org/entity/Q1858093,Колумбия,
http://www.wikidata.org/entity/Q524956,Dorrigo National Park,http://www.wikidata.org/entity/Q408,Австралия,7885,1967-01-01T00:00:00Z,,,306
http://www.wikidata.org/entity/Q559054,Туран,http://www.wikidata.org/entity/Q794,Иран,1441523,1976-01-01T00:00:00Z,,,
http://www.wikidata.org/entity/Q559054,Туран,http://www.wikidata.org/entity/Q794,Иран,14415.23,1976-01-01T00:00:00Z,,,
http://www.wikidata.org/entity/Q539925,Murray Valley National Park,http://www.wikidata.org/entity/Q408,Австралия,395.1476953125,2014-01-01T00:00:00Z,,,
http://www.wikidata.org/entity/Q499953,Southwood National Park,http://www.wikidata.org/entity/Q408,Австралия,71.1990283203125,2001-01-01T00:00:00Z,,,262
http://www.wikidata.org/entity/Q539925,Murray Valley National Park,http://www.wikidata.org/entity/Q408,Австралия,41601,2010-01-01T00:00:00Z,,,
http://www.wikidata.org/entity/Q526425,Idalia National Park,http://www.wikidata.org/entity/Q408,Австралия,1410.21015625,1998-01-01T00:00:00Z,,,398
http://www.wikidata.org/entity/Q499550,Smith Islands National Park,http://www.wikidata.org/entity/Q408,Австралия,11.3512976074219,1994-01-01T00:00:00Z,,,104
http://www.wikidata.org/entity/Q524956,Dorrigo National Park,http://www.wikidata.org/entity/Q408,Австралия,117.68556640625,2003-01-01T00:00:00Z,,,306
http://www.wikidata.org/entity/Q539925,Murray Valley National Park,http://www.wikidata.org/entity/Q408,Австралия,41601,2014-01-01T00:00:00Z,,,
http://www.wikidata.org/entity/Q504315,Горы Сымен,http://www.wikidata.org/entity/Q115,Эфиопия,13600,1969-01-01T00:00:00Z,http://www.wikidata.org/entity/Q275435,Рас-Дашэн,
http://www.wikidata.org/entity/Q526425,Idalia National Park,http://www.wikidata.org/entity/Q408,Австралия,1.44,1990-01-01T00:00:00Z,,,398
http://www.wikidata.org/entity/Q488639,Taeanhaean National Park,http://www.wikidata.org/entity/Q884,Республика Корея,326,1978-01-01T00:00:00Z,,,
http://www.wikidata.org/entity/Q488639,Taeanhaean National Park,http://www.wikidata.org/entity/Q884,Республика Корея,377.02,1978-01-01T00:00:00Z,,,
http://www.wikidata.org/entity/Q504315,Горы Сымен,http://www.wikidata.org/entity/Q115,Эфиопия,412,1969-01-01T00:00:00Z,http://www.wikidata.org/entity/Q275435,Рас-Дашэн,
http://www.wikidata.org/entity/Q503525,Луамбе (национальный парк),http://www.wikidata.org/entity/Q953,Замбия,361,,,,583
http://www.wikidata.org/entity/Q522250,Takamanda National Park,http://www.wikidata.org/entity/Q1009,Камерун,676,2008-01-01T00:00:00Z,,,
http://www.wikidata.org/entity/Q568264,Buila-Vânturarița National Park,http://www.wikidata.org/entity/Q218,Румыния,4480.27052,2005-01-01T00:00:00Z,,,
http://www.wikidata.org/entity/Q491005,Вёрджин-Айлендс,http://www.wikidata.org/entity/Q30,США,59.6,1976-01-01T00:00:00Z,,,392
http://www.wikidata.org/entity/Q568693,Какум,http://www.wikidata.org/entity/Q117,Гана,375,1992-01-01T00:00:00Z,,,
http://www.wikidata.org/entity/Q559054,Туран,http://www.wikidata.org/entity/Q794,Иран,1441523,2002-01-01T00:00:00Z,,,
http://www.wikidata.org/entity/Q559054,Туран,http://www.wikidata.org/entity/Q794,Иран,14415.23,2002-01-01T00:00:00Z,,,
http://www.wikidata.org/entity/Q564482,Annan River (Yuku Baja-Muliku) National Park,http://www.wikidata.org/entity/Q408,Австралия,883,2006-01-01T00:00:00Z,,,35
http://www.wikidata.org/entity/Q526425,Idalia National Park,http://www.wikidata.org/entity/Q408,Австралия,1410.21015625,1990-01-01T00:00:00Z,,,398
http://www.wikidata.org/entity/Q524956,Dorrigo National Park,http://www.wikidata.org/entity/Q408,Австралия,117.68556640625,1967-01-01T00:00:00Z,,,306
http://www.wikidata.org/entity/Q539518,Национальный парк Банк-д'Арген,http://www.wikidata.org/entity/Q1025,Мавритания,12000,1978-01-01T00:00:00Z,,,21
http://www.wikidata.org/entity/Q519117,Savage River National Park,http://www.wikidata.org/entity/Q408,Австралия,179.87982421875,1999-01-01T00:00:00Z,,,624
http://www.wikidata.org/entity/Q549295,Разна,http://www.wikidata.org/entity/Q211,Латвия,59615,2007-01-01T00:00:00Z,,,
http://www.wikidata.org/entity/Q536703,Архипелаг Маддалена,http://www.wikidata.org/entity/Q38,Италия,20146,1994-01-01T00:00:00Z,,,
http://www.wikidata.org/entity/Q536703,Архипелаг Маддалена,http://www.wikidata.org/entity/Q38,Италия,201.46,1994-01-01T00:00:00Z,,,
http://www.wikidata.org/entity/Q541149,Hat Head National Park,http://www.wikidata.org/entity/Q408,Австралия,74.011806640625,2006-01-01T00:00:00Z,,,30
http://www.wikidata.org/entity/Q543703,Дунай-Ипой,http://www.wikidata.org/entity/Q28,Венгрия,603.14,1997-01-01T00:00:00Z,,,
http://www.wikidata.org/entity/Q541934,Chaelundi National Park,http://www.wikidata.org/entity/Q408,Австралия,191.25697265625,1997-01-01T00:00:00Z,,,291
http://www.wikidata.org/entity/Q499550,Smith Islands National Park,http://www.wikidata.org/entity/Q408,Австралия,119,1998-01-01T00:00:00Z,,,104
http://www.wikidata.org/entity/Q528924,Раго,http://www.wikidata.org/entity/Q20,Норвегия,171,1971-01-22T00:00:00Z,,,
http://www.wikidata.org/entity/Q490975,Gayasan National Park,http://www.wikidata.org/entity/Q884,Республика Корея,1676,1972-01-01T00:00:00Z,,,
http://www.wikidata.org/entity/Q499550,Smith Islands National Park,http://www.wikidata.org/entity/Q408,Австралия,119,1994-01-01T00:00:00Z,,,104
http://www.wikidata.org/entity/Q556596,Nini Suhien National Park,http://www.wikidata.org/entity/Q117,Гана,343,1976-01-01T00:00:00Z,,,
http://www.wikidata.org/entity/Q392877,Anavilhanas National Park,http://www.wikidata.org/entity/Q155,Бразилия,350236,1981-01-01T00:00:00Z,,,100
http://www.wikidata.org/entity/Q580404,Муддус,http://www.wikidata.org/entity/Q34,Швеция,1824.216,1942-04-21T00:00:00Z,,,
http://www.wikidata.org/entity/Q751274,Lamington National Park,http://www.wikidata.org/entity/Q408,Австралия,20500,1915-01-01T00:00:00Z,,,629
http://www.wikidata.org/entity/Q865438,Biriwal Bulga National Park,http://www.wikidata.org/entity/Q408,Австралия,64.926796875,2005-01-01T00:00:00Z,,,
http://www.wikidata.org/entity/Q880717,Blackbraes National Park,http://www.wikidata.org/entity/Q408,Австралия,505.7884765625,1998-01-01T00:00:00Z,,,838
http://www.wikidata.org/entity/Q592741,Toro Toro National Park,http://www.wikidata.org/entity/Q750,Боливия,165,1989-07-26T00:00:00Z,,,
http://www.wikidata.org/entity/Q885558,Голубые горы,http://www.wikidata.org/entity/Q408,Австралия,2692.04,1959-01-01T00:00:00Z,,,578
http://www.wikidata.org/entity/Q595121,Гонарежу,http://www.wikidata.org/entity/Q954,Зимбабве,5053,1975-01-01T00:00:00Z,,,
http://www.wikidata.org/entity/Q123161,Woomargama National Park,http://www.wikidata.org/entity/Q408,Австралия,242.1934765625,2001-01-01T00:00:00Z,,,
http://www.wikidata.org/entity/Q742315,Игуасу,http://www.wikidata.org/entity/Q155,Бразилия,165411,1939-01-10T00:00:00Z,,,265
http://www.wikidata.org/entity/Q741610,Ордеса-и-Монте-Пердидо,http://www.wikidata.org/entity/Q29,Испания,156,1918-08-16T00:00:00Z,http://www.wikidata.org/entity/Q215662,Монте-Пердидо,
http://www.wikidata.org/entity/Q863775,Bingera National Park,http://www.wikidata.org/entity/Q408,Австралия,54.403857421875,2009-01-01T00:00:00Z,,,49
http://www.wikidata.org/entity/Q867361,"Национальный парк Чиленто, Валло-ди-Диано и Альбурни",http://www.wikidata.org/entity/Q38,Италия,1811,1991-01-01T00:00:00Z,,,
http://www.wikidata.org/entity/Q867361,"Национальный парк Чиленто, Валло-ди-Диано и Альбурни",http://www.wikidata.org/entity/Q38,Италия,1811,1991-12-06T00:00:00Z,,,
http://www.wikidata.org/entity/Q391338,Вуд-Баффало,http://www.wikidata.org/entity/Q16,Канада,4480000,1922-12-18T00:00:00Z,,,
http://www.wikidata.org/entity/Q592870,Wild Cattle Island National Park,http://www.wikidata.org/entity/Q408,Австралия,5.32083618164063,1994-01-01T00:00:00Z,,,14
http://www.wikidata.org/entity/Q391338,Вуд-Баффало,http://www.wikidata.org/entity/Q16,Канада,44792,1922-12-18T00:00:00Z,,,
http://www.wikidata.org/entity/Q586786,Кейп-Рейндж,http://www.wikidata.org/entity/Q408,Австралия,694.88,1972-01-01T00:00:00Z,,,257
http://www.wikidata.org/entity/Q746452,Сидней-Харбор,http://www.wikidata.org/entity/Q408,Австралия,3.89,2001-01-01T00:00:00Z,,,66
http://www.wikidata.org/entity/Q867361,"Национальный парк Чиленто, Валло-ди-Диано и Альбурни",http://www.wikidata.org/entity/Q38,Италия,178172,1991-01-01T00:00:00Z,,,
http://www.wikidata.org/entity/Q893073,Boonoo Boonoo National Park,http://www.wikidata.org/entity/Q408,Австралия,4377,2010-01-01T00:00:00Z,,,991
http://www.wikidata.org/entity/Q572064,Wadbilliga National Park,http://www.wikidata.org/entity/Q408,Австралия,9853,2004-01-01T00:00:00Z,,,204
http://www.wikidata.org/entity/Q893073,Boonoo Boonoo National Park,http://www.wikidata.org/entity/Q408,Австралия,48.03,2010-01-01T00:00:00Z,,,991
http://www.wikidata.org/entity/Q867361,"Национальный парк Чиленто, Валло-ди-Диано и Альбурни",http://www.wikidata.org/entity/Q38,Италия,178172,1991-12-06T00:00:00Z,,,
http://www.wikidata.org/entity/Q877719,Национальный парк Фьордленд,http://www.wikidata.org/entity/Q664,Новая Зеландия,12500,1952-01-01T00:00:00Z,,,1063
http://www.wikidata.org/entity/Q578202,Monte Roraima National Park,http://www.wikidata.org/entity/Q155,Бразилия,1167,1989-01-01T00:00:00Z,,,
http://www.wikidata.org/entity/Q863775,Bingera National Park,http://www.wikidata.org/entity/Q408,Австралия,5407,2009-01-01T00:00:00Z,,,49
http://www.wikidata.org/entity/Q887049,Blåfjella–Skjækerfjella National Park,http://www.wikidata.org/entity/Q20,Норвегия,1932,2004-01-01T00:00:00Z,,,
http://www.wikidata.org/entity/Q578202,Monte Roraima National Park,http://www.wikidata.org/entity/Q155,Бразилия,115120,1989-01-01T00:00:00Z,,,
http://www.wikidata.org/entity/Q591878,Северный Велебит,http://www.wikidata.org/entity/Q224,Хорватия,109,1981-01-01T00:00:00Z,,,
http://www.wikidata.org/entity/Q569960,Хамра,http://www.wikidata.org/entity/Q34,Швеция,60.171,1909-06-21T00:00:00Z,,,
http://www.wikidata.org/entity/Q570270,Lake Gairdner National Park,http://www.wikidata.org/entity/Q408,Австралия,5568.94375,2007-01-01T00:00:00Z,,,121
http://www.wikidata.org/entity/Q569960,Хамра,http://www.wikidata.org/entity/Q34,Швеция,1320.53,1909-06-21T00:00:00Z,,,
http://www.wikidata.org/entity/Q569960,Хамра,http://www.wikidata.org/entity/Q34,Швеция,1380.73,1909-06-21T00:00:00Z,,,
http://www.wikidata.org/entity/Q746452,Сидней-Харбор,http://www.wikidata.org/entity/Q408,Австралия,3.89,1975-01-01T00:00:00Z,,,66
http://www.wikidata.org/entity/Q592870,Wild Cattle Island National Park,http://www.wikidata.org/entity/Q408,Австралия,58,1994-01-01T00:00:00Z,,,14
http://www.wikidata.org/entity/Q593274,Гёйгёль,http://www.wikidata.org/entity/Q227,Азербайджан,127.55,2008-01-01T00:00:00Z,,,1969
http://www.wikidata.org/entity/Q892405,Bongil Bongil National Park,http://www.wikidata.org/entity/Q408,Австралия,42.5178662109375,1995-03-15T00:00:00Z,,,17
http://www.wikidata.org/entity/Q388279,Пор-Кро (национальный парк),http://www.wikidata.org/entity/Q142,Франция,2475,1963-12-14T00:00:00Z,,,
http://www.wikidata.org/entity/Q388279,Пор-Кро (национальный парк),http://www.wikidata.org/entity/Q142,Франция,2.475,1963-12-14T00:00:00Z,,,
http://www.wikidata.org/entity/Q743754,Гауя,http://www.wikidata.org/entity/Q211,Латвия,91790,1973-09-14T00:00:00Z,,,
http://www.wikidata.org/entity/Q893086,Бураббин,http://www.wikidata.org/entity/Q408,Австралия,281.68408203125,1977-01-01T00:00:00Z,,,427
http://www.wikidata.org/entity/Q385655,Стены Иерусалима,http://www.wikidata.org/entity/Q408,Австралия,518.0734375,1978-12-13T00:00:00Z,http://www.wikidata.org/entity/Q1742014,King Davids Peak,1022
http://www.wikidata.org/entity/Q748597,Рангел — Сент-Элайас,http://www.wikidata.org/entity/Q30,США,33683,1980-01-01T00:00:00Z,http://www.wikidata.org/entity/Q770496,Гора Святого Ильи,
http://www.wikidata.org/entity/Q591775,Янгуди (национальный парк),http://www.wikidata.org/entity/Q115,Эфиопия,4731,1999-01-01T00:00:00Z,,,
http://www.wikidata.org/entity/Q591878,Северный Велебит,http://www.wikidata.org/entity/Q224,Хорватия,109,1999-06-17T00:00:00Z,,,
http://www.wikidata.org/entity/Q880783,Blackdown Tableland National Park,http://www.wikidata.org/entity/Q408,Австралия,478.7392578125,1991-01-01T00:00:00Z,,,732
http://www.wikidata.org/entity/Q569960,Хамра,http://www.wikidata.org/entity/Q34,Швеция,692.716,1909-06-21T00:00:00Z,,,
http://www.wikidata.org/entity/Q863555,Bindarri National Park,http://www.wikidata.org/entity/Q408,Австралия,5513,1999-01-01T00:00:00Z,,,
http://www.wikidata.org/entity/Q579632,Sobaeksan National Park,http://www.wikidata.org/entity/Q884,Республика Корея,322.38,1987-01-01T00:00:00Z,,,
http://www.wikidata.org/entity/Q569069,Маврово,http://www.wikidata.org/entity/Q221,Северная Македония,72204.1,1949-01-01T00:00:00Z,,,1719
http://www.wikidata.org/entity/Q751274,Lamington National Park,http://www.wikidata.org/entity/Q408,Австралия,212.5203515625,1915-01-01T00:00:00Z,,,629
http://www.wikidata.org/entity/Q580404,Муддус,http://www.wikidata.org/entity/Q34,Швеция,21505.222,1942-04-21T00:00:00Z,,,
http://www.wikidata.org/entity/Q751274,Lamington National Park,http://www.wikidata.org/entity/Q408,Австралия,20500,2018-01-01T00:00:00Z,,,629
http://www.wikidata.org/entity/Q863555,Bindarri National Park,http://www.wikidata.org/entity/Q408,Австралия,5513,2008-01-01T00:00:00Z,,,
http://www.wikidata.org/entity/Q891743,Бома (национальный парк),http://www.wikidata.org/entity/Q958,Южный Судан,22800,1986-01-01T00:00:00Z,,,
http://www.wikidata.org/entity/Q750251,Шапада-дус-Веадейрус,http://www.wikidata.org/entity/Q155,Бразилия,647,1961-01-01T00:00:00Z,,,
http://www.wikidata.org/entity/Q893407,Border Ranges National Park,http://www.wikidata.org/entity/Q408,Австралия,316.46375,1979-01-01T00:00:00Z,,,885
http://www.wikidata.org/entity/Q866080,Бискейн (национальный парк),http://www.wikidata.org/entity/Q30,США,700,1980-06-28T00:00:00Z,,,
http://www.wikidata.org/entity/Q893086,Бураббин,http://www.wikidata.org/entity/Q408,Австралия,260,1977-01-01T00:00:00Z,,,427
http://www.wikidata.org/entity/Q750485,Astrebla Downs National Park,http://www.wikidata.org/entity/Q408,Австралия,1760,1999-01-01T00:00:00Z,,,106
http://www.wikidata.org/entity/Q882447,Национальный парк Блу-Лагун,http://www.wikidata.org/entity/Q953,Замбия,450,1976-01-01T00:00:00Z,,,978
http://www.wikidata.org/entity/Q581883,Mummel Gulf National Park,http://www.wikidata.org/entity/Q408,Австралия,140.569365234375,1999-01-01T00:00:00Z,,,
http://www.wikidata.org/entity/Q746452,Сидней-Харбор,http://www.wikidata.org/entity/Q408,Австралия,3.89498229980469,2001-01-01T00:00:00Z,,,66
http://www.wikidata.org/entity/Q572064,Wadbilliga National Park,http://www.wikidata.org/entity/Q408,Австралия,9853,1979-01-01T00:00:00Z,,,204
http://www.wikidata.org/entity/Q572064,Wadbilliga National Park,http://www.wikidata.org/entity/Q408,Австралия,954.551953125,2004-01-01T00:00:00Z,,,204
http://www.wikidata.org/entity/Q880783,Blackdown Tableland National Park,http://www.wikidata.org/entity/Q408,Австралия,47950,1991-01-01T00:00:00Z,,,732
http://www.wikidata.org/entity/Q390208,Дельта Салума,http://www.wikidata.org/entity/Q1041,Сенегал,760,1976-01-01T00:00:00Z,,,
http://www.wikidata.org/entity/Q570270,Lake Gairdner National Park,http://www.wikidata.org/entity/Q408,Австралия,5.481,2007-01-01T00:00:00Z,,,121
http://www.wikidata.org/entity/Q892405,Bongil Bongil National Park,http://www.wikidata.org/entity/Q408,Австралия,4233,2011-01-01T00:00:00Z,,,17
http://www.wikidata.org/entity/Q581883,Mummel Gulf National Park,http://www.wikidata.org/entity/Q408,Австралия,140.569365234375,2007-01-01T00:00:00Z,,,
http://www.wikidata.org/entity/Q752218,Эмас,http://www.wikidata.org/entity/Q155,Бразилия,131386,1961-01-01T00:00:00Z,,,816
http://www.wikidata.org/entity/Q879629,Илья-Гранди (национальный парк),http://www.wikidata.org/entity/Q155,Бразилия,76138,1997-09-30T00:00:00Z,,,
http://www.wikidata.org/entity/Q880724,Велавадар (национальный парк),http://www.wikidata.org/entity/Q668,Индия,34,1976-01-01T00:00:00Z,,,
http://www.wikidata.org/entity/Q879629,Илья-Гранди (национальный парк),http://www.wikidata.org/entity/Q155,Бразилия,788.75,1997-09-30T00:00:00Z,,,
http://www.wikidata.org/entity/Q752218,Эмас,http://www.wikidata.org/entity/Q155,Бразилия,132784,1961-01-01T00:00:00Z,,,816
http://www.wikidata.org/entity/Q123161,Woomargama National Park,http://www.wikidata.org/entity/Q408,Австралия,24185,2001-01-01T00:00:00Z,,,
http://www.wikidata.org/entity/Q746452,Сидней-Харбор,http://www.wikidata.org/entity/Q408,Австралия,3.89498229980469,1975-01-01T00:00:00Z,,,66
http://www.wikidata.org/entity/Q893073,Boonoo Boonoo National Park,http://www.wikidata.org/entity/Q408,Австралия,48.0341162109375,1982-01-01T00:00:00Z,,,991
http://www.wikidata.org/entity/Q865438,Biriwal Bulga National Park,http://www.wikidata.org/entity/Q408,Австралия,6528,1999-01-01T00:00:00Z,,,
http://www.wikidata.org/entity/Q389707,Kaboré Tambi National Park,http://www.wikidata.org/entity/Q965,Буркина-Фасо,2427,1976-01-01T00:00:00Z,,,303
http://www.wikidata.org/entity/Q570270,Lake Gairdner National Park,http://www.wikidata.org/entity/Q408,Австралия,5568.94375,1991-01-01T00:00:00Z,,,121
http://www.wikidata.org/entity/Q392877,Anavilhanas National Park,http://www.wikidata.org/entity/Q155,Бразилия,3505,1981-01-01T00:00:00Z,,,100
http://www.wikidata.org/entity/Q893407,Border Ranges National Park,http://www.wikidata.org/entity/Q408,Австралия,316.46375,2006-01-01T00:00:00Z,,,885
http://www.wikidata.org/entity/Q750485,Astrebla Downs National Park,http://www.wikidata.org/entity/Q408,Австралия,1741.7771875,1999-01-01T00:00:00Z,,,106
http://www.wikidata.org/entity/Q865438,Biriwal Bulga National Park,http://www.wikidata.org/entity/Q408,Австралия,6528,2005-01-01T00:00:00Z,,,
http://www.wikidata.org/entity/Q752218,Эмас,http://www.wikidata.org/entity/Q155,Бразилия,1326,1961-01-01T00:00:00Z,,,816
http://www.wikidata.org/entity/Q575822,Монтаньяс-ду-Тумукумаке (национальный парк),http://www.wikidata.org/entity/Q155,Бразилия,38464,2002-08-22T00:00:00Z,,,279
http://www.wikidata.org/entity/Q597959,Туктут-Ногаит,http://www.wikidata.org/entity/Q16,Канада,18181,1998-01-01T00:00:00Z,,,
http://www.wikidata.org/entity/Q742315,Игуасу,http://www.wikidata.org/entity/Q155,Бразилия,169695.88,1939-01-10T00:00:00Z,,,265
http://www.wikidata.org/entity/Q592870,Wild Cattle Island National Park,http://www.wikidata.org/entity/Q408,Австралия,5.32083618164063,1992-01-01T00:00:00Z,,,14
http://www.wikidata.org/entity/Q741557,Japoon National Park,http://www.wikidata.org/entity/Q408,Австралия,24799,1992-01-01T00:00:00Z,,,156
http://www.wikidata.org/entity/Q580404,Муддус,http://www.wikidata.org/entity/Q34,Швеция,49312.64,1942-04-21T00:00:00Z,,,
http://www.wikidata.org/entity/Q391391,Наханни,http://www.wikidata.org/entity/Q16,Канада,30000,1976-01-01T00:00:00Z,http://www.wikidata.org/entity/Q1500146,Mount Nirvana,
http://www.wikidata.org/entity/Q880717,Blackbraes National Park,http://www.wikidata.org/entity/Q408,Австралия,36587,2015-01-01T00:00:00Z,,,838
http://www.wikidata.org/entity/Q863555,Bindarri National Park,http://www.wikidata.org/entity/Q408,Австралия,55.765087890625,1999-01-01T00:00:00Z,,,
http://www.wikidata.org/entity/Q761227,Гарпхюттан,http://www.wikidata.org/entity/Q34,Швеция,0,1909-06-21T00:00:00Z,,,
http://www.wikidata.org/entity/Q580404,Муддус,http://www.wikidata.org/entity/Q34,Швеция,51136.95,1942-04-21T00:00:00Z,,,
http://www.wikidata.org/entity/Q741636,Койба,http://www.wikidata.org/entity/Q804,Панама,503,1992-01-01T00:00:00Z,,,
http://www.wikidata.org/entity/Q761227,Гарпхюттан,http://www.wikidata.org/entity/Q34,Швеция,102.299,1909-06-21T00:00:00Z,,,
http://www.wikidata.org/entity/Q864799,Национальный парк Шумава,http://www.wikidata.org/entity/Q213,Чехия,68459.7128,1991-01-01T00:00:00Z,http://www.wikidata.org/entity/Q700271,Plechý / Plöckenstein,600
http://www.wikidata.org/entity/Q864799,Национальный парк Шумава,http://www.wikidata.org/entity/Q213,Чехия,68459.7128,1991-01-01T00:00:00Z,http://www.wikidata.org/entity/Q700271,Plechý / Plöckenstein,1378
http://www.wikidata.org/entity/Q750485,Astrebla Downs National Park,http://www.wikidata.org/entity/Q408,Австралия,1760,1996-01-01T00:00:00Z,,,106
http://www.wikidata.org/entity/Q591878,Северный Велебит,http://www.wikidata.org/entity/Q224,Хорватия,203551.12,1981-01-01T00:00:00Z,,,
http://www.wikidata.org/entity/Q880783,Blackdown Tableland National Park,http://www.wikidata.org/entity/Q408,Австралия,478.7392578125,2006-01-01T00:00:00Z,,,732
http://www.wikidata.org/entity/Q751274,Lamington National Park,http://www.wikidata.org/entity/Q408,Австралия,212.5203515625,2018-01-01T00:00:00Z,,,629
http://www.wikidata.org/entity/Q741557,Japoon National Park,http://www.wikidata.org/entity/Q408,Австралия,24799,2010-01-01T00:00:00Z,,,156
http://www.wikidata.org/entity/Q893073,Boonoo Boonoo National Park,http://www.wikidata.org/entity/Q408,Австралия,4377,1982-01-01T00:00:00Z,,,991
http://www.wikidata.org/entity/Q863555,Bindarri National Park,http://www.wikidata.org/entity/Q408,Австралия,55.765087890625,2008-01-01T00:00:00Z,,,
http://www.wikidata.org/entity/Q893073,Boonoo Boonoo National Park,http://www.wikidata.org/entity/Q408,Австралия,48.03,1982-01-01T00:00:00Z,,,991
http://www.wikidata.org/entity/Q572064,Wadbilliga National Park,http://www.wikidata.org/entity/Q408,Австралия,954.551953125,1979-01-01T00:00:00Z,,,204
http://www.wikidata.org/entity/Q581646,Bladensburg National Park,http://www.wikidata.org/entity/Q408,Австралия,842.54,1984-01-01T00:00:00Z,,,232
http://www.wikidata.org/entity/Q592870,Wild Cattle Island National Park,http://www.wikidata.org/entity/Q408,Австралия,58,1992-01-01T00:00:00Z,,,14
http://www.wikidata.org/entity/Q742315,Игуасу,http://www.wikidata.org/entity/Q155,Бразилия,185262.5,1939-01-10T00:00:00Z,,,265
http://www.wikidata.org/entity/Q581883,Mummel Gulf National Park,http://www.wikidata.org/entity/Q408,Австралия,14127,1999-01-01T00:00:00Z,,,
http://www.wikidata.org/entity/Q880717,Blackbraes National Park,http://www.wikidata.org/entity/Q408,Австралия,36587,1998-01-01T00:00:00Z,,,838
http://www.wikidata.org/entity/Q586786,Кейп-Рейндж,http://www.wikidata.org/entity/Q408,Австралия,694.88,1965-01-01T00:00:00Z,,,257
http://www.wikidata.org/entity/Q583518,Джорджиан-Бей-Айлендс,http://www.wikidata.org/entity/Q16,Канада,25.6,1930-01-01T00:00:00Z,,,
http://www.wikidata.org/entity/Q570270,Lake Gairdner National Park,http://www.wikidata.org/entity/Q408,Австралия,5.481,1991-01-01T00:00:00Z,,,121
http://www.wikidata.org/entity/Q892405,Bongil Bongil National Park,http://www.wikidata.org/entity/Q408,Австралия,42.5178662109375,2011-01-01T00:00:00Z,,,17
http://www.wikidata.org/entity/Q880717,Blackbraes National Park,http://www.wikidata.org/entity/Q408,Австралия,505.7884765625,2015-01-01T00:00:00Z,,,838
http://www.wikidata.org/entity/Q581883,Mummel Gulf National Park,http://www.wikidata.org/entity/Q408,Австралия,14127,2007-01-01T00:00:00Z,,,
http://www.wikidata.org/entity/Q741610,Ордеса-и-Монте-Пердидо,http://www.wikidata.org/entity/Q29,Испания,15690.61287,1918-08-16T00:00:00Z,http://www.wikidata.org/entity/Q215662,Монте-Пердидо,
http://www.wikidata.org/entity/Q591878,Северный Велебит,http://www.wikidata.org/entity/Q224,Хорватия,203551.12,1999-06-17T00:00:00Z,,,
http://www.wikidata.org/entity/Q880783,Blackdown Tableland National Park,http://www.wikidata.org/entity/Q408,Австралия,47950,2006-01-01T00:00:00Z,,,732
http://www.wikidata.org/entity/Q741557,Japoon National Park,http://www.wikidata.org/entity/Q408,Австралия,247.940078125,2010-01-01T00:00:00Z,,,156
http://www.wikidata.org/entity/Q892405,Bongil Bongil National Park,http://www.wikidata.org/entity/Q408,Австралия,4233,1995-03-15T00:00:00Z,,,17
http://www.wikidata.org/entity/Q750485,Astrebla Downs National Park,http://www.wikidata.org/entity/Q408,Австралия,1741.7771875,1996-01-01T00:00:00Z,,,106
http://www.wikidata.org/entity/Q585251,Cotubanamá National Park,http://www.wikidata.org/entity/Q786,Доминиканская Республика,796.4,,,,
http://www.wikidata.org/entity/Q893073,Boonoo Boonoo National Park,http://www.wikidata.org/entity/Q408,Австралия,48.0341162109375,2010-01-01T00:00:00Z,,,991
http://www.wikidata.org/entity/Q391391,Наханни,http://www.wikidata.org/entity/Q16,Канада,476560,1976-01-01T00:00:00Z,http://www.wikidata.org/entity/Q1500146,Mount Nirvana,
http://www.wikidata.org/entity/Q887049,Blåfjella–Skjækerfjella National Park,http://www.wikidata.org/entity/Q20,Норвегия,1932,1970-03-06T00:00:00Z,,,
http://www.wikidata.org/entity/Q865438,Biriwal Bulga National Park,http://www.wikidata.org/entity/Q408,Австралия,64.926796875,1999-01-01T00:00:00Z,,,
http://www.wikidata.org/entity/Q575822,Монтаньяс-ду-Тумукумаке (национальный парк),http://www.wikidata.org/entity/Q155,Бразилия,3835266,2002-08-22T00:00:00Z,,,279
http://www.wikidata.org/entity/Q869074,"Корковадо (национальный парк, Коста-Рика)",http://www.wikidata.org/entity/Q800,Коста-Рика,425,1975-10-24T00:00:00Z,,,63
http://www.wikidata.org/entity/Q392877,Anavilhanas National Park,http://www.wikidata.org/entity/Q155,Бразилия,350018,1981-01-01T00:00:00Z,,,100
http://www.wikidata.org/entity/Q358729,Валь-Гранде (национальный парк),http://www.wikidata.org/entity/Q38,Италия,17.021,1991-12-06T00:00:00Z,,,
http://www.wikidata.org/entity/Q253517,Кейп-Бретон-Хайлендс,http://www.wikidata.org/entity/Q16,Канада,948,1936-06-23T00:00:00Z,http://www.wikidata.org/entity/Q2983433,White Hill,
http://www.wikidata.org/entity/Q305949,Петрифайд-Форест,http://www.wikidata.org/entity/Q30,США,599.89,1962-01-01T00:00:00Z,http://www.wikidata.org/entity/Q66564799,Pilot Rock,1623
http://www.wikidata.org/entity/Q271087,Ондердален,http://www.wikidata.org/entity/Q20,Норвегия,135,1970-01-01T00:00:00Z,,,
http://www.wikidata.org/entity/Q257598,Грос-Морн,http://www.wikidata.org/entity/Q16,Канада,180500,2005-10-01T00:00:00Z,http://www.wikidata.org/entity/Q1547452,Грос-Морн,
http://www.wikidata.org/entity/Q257598,Грос-Морн,http://www.wikidata.org/entity/Q16,Канада,1805,2005-10-01T00:00:00Z,http://www.wikidata.org/entity/Q1547452,Грос-Морн,
http://www.wikidata.org/entity/Q239264,Dulcie Range National Park,http://www.wikidata.org/entity/Q408,Австралия,187.79,2012-01-01T00:00:00Z,,,532
http://www.wikidata.org/entity/Q223589,Вирунга,http://www.wikidata.org/entity/Q974,Демократическая Республика Конго,7900,1925-01-01T00:00:00Z,,,
http://www.wikidata.org/entity/Q338542,Cabo de Hornos National Park,http://www.wikidata.org/entity/Q298,Чили,63093,1945-04-26T00:00:00Z,,,
http://www.wikidata.org/entity/Q237128,Меса-Верде,http://www.wikidata.org/entity/Q30,США,21043,1906-01-01T00:00:00Z,http://www.wikidata.org/entity/Q49059900,Park Point,
http://www.wikidata.org/entity/Q263406,Упемба (национальный парк),http://www.wikidata.org/entity/Q974,Демократическая Республика Конго,11730,,,,
http://www.wikidata.org/entity/Q373567,Глейшер,http://www.wikidata.org/entity/Q30,США,4099.977,1910-05-11T00:00:00Z,http://www.wikidata.org/entity/Q3321762,Mount Cleveland,1837
http://www.wikidata.org/entity/Q235878,Кеоладео,http://www.wikidata.org/entity/Q668,Индия,2873,1971-01-01T00:00:00Z,,,
http://www.wikidata.org/entity/Q235878,Кеоладео,http://www.wikidata.org/entity/Q668,Индия,28.73,1971-01-01T00:00:00Z,,,
http://www.wikidata.org/entity/Q268533,Жемайтийский национальный парк,http://www.wikidata.org/entity/Q37,Литва,2172,1991-01-01T00:00:00Z,,,
http://www.wikidata.org/entity/Q274131,Эверглейдс,http://www.wikidata.org/entity/Q30,США,1508538,1947-12-06T00:00:00Z,,,
http://www.wikidata.org/entity/Q385269,Dunggir National Park,http://www.wikidata.org/entity/Q408,Австралия,25.8285302734375,1997-01-01T00:00:00Z,,,
http://www.wikidata.org/entity/Q319327,национальный парк Аберкромби-Ривер,http://www.wikidata.org/entity/Q408,Австралия,19000,2012-01-01T00:00:00Z,,,785
http://www.wikidata.org/entity/Q317225,Эвре Дивидал (национальный парк),http://www.wikidata.org/entity/Q20,Норвегия,770,1971-01-01T00:00:00Z,,,
http://www.wikidata.org/entity/Q319327,национальный парк Аберкромби-Ривер,http://www.wikidata.org/entity/Q408,Австралия,193.40763671875,2012-01-01T00:00:00Z,,,785
http://www.wikidata.org/entity/Q254556,Conondale National Park,http://www.wikidata.org/entity/Q408,Австралия,358.76390625,1977-01-01T00:00:00Z,,,701
http://www.wikidata.org/entity/Q256022,Wyperfeld National Park,http://www.wikidata.org/entity/Q408,Австралия,359445,1997-01-01T00:00:00Z,,,77
http://www.wikidata.org/entity/Q385269,Dunggir National Park,http://www.wikidata.org/entity/Q408,Австралия,25.8285302734375,2003-01-01T00:00:00Z,,,
http://www.wikidata.org/entity/Q256022,Wyperfeld National Park,http://www.wikidata.org/entity/Q408,Австралия,359445,1921-01-01T00:00:00Z,,,77
http://www.wikidata.org/entity/Q267394,Серра-да-Капивара,http://www.wikidata.org/entity/Q155,Бразилия,1291,1979-01-01T00:00:00Z,,,
http://www.wikidata.org/entity/Q370370,Mont Péko National Park,http://www.wikidata.org/entity/Q1008,Кот-д’Ивуар,340,1968-01-01T00:00:00Z,,,2723
http://www.wikidata.org/entity/Q239264,Dulcie Range National Park,http://www.wikidata.org/entity/Q408,Австралия,190.9,1991-01-01T00:00:00Z,,,532
http://www.wikidata.org/entity/Q248825,Peak Charles National Park,http://www.wikidata.org/entity/Q408,Австралия,400,1979-01-01T00:00:00Z,,,305
http://www.wikidata.org/entity/Q267394,Серра-да-Капивара,http://www.wikidata.org/entity/Q155,Бразилия,100762,1979-01-01T00:00:00Z,,,
http://www.wikidata.org/entity/Q337028,Гирский лес,http://www.wikidata.org/entity/Q668,Индия,259,1965-01-01T00:00:00Z,,,
http://www.wikidata.org/entity/Q309276,Гренландский национальный парк,http://www.wikidata.org/entity/Q223,Гренландия,972000,1974-05-22T00:00:00Z,,,
http://www.wikidata.org/entity/Q377998,Lo Go Xa Mat National Park,http://www.wikidata.org/entity/Q881,Вьетнам,191.56,2002-01-01T00:00:00Z,,,
http://www.wikidata.org/entity/Q369655,Гезойзе,http://www.wikidata.org/entity/Q40,Австрия,110.54,2002-10-26T00:00:00Z,http://www.wikidata.org/entity/Q120493,Хохтор,641
http://www.wikidata.org/entity/Q372019,Амазония,http://www.wikidata.org/entity/Q155,Бразилия,1066302,1974-02-19T00:00:00Z,,,81
http://www.wikidata.org/entity/Q370501,Гуадалупе-Маунтинс,http://www.wikidata.org/entity/Q30,США,365.84,1972-09-30T00:00:00Z,http://www.wikidata.org/entity/Q32793,Гуадалупе,
http://www.wikidata.org/entity/Q248825,Peak Charles National Park,http://www.wikidata.org/entity/Q408,Австралия,399.53109375,1979-01-01T00:00:00Z,,,305
http://www.wikidata.org/entity/Q282066,Rakiura National Park,http://www.wikidata.org/entity/Q664,Новая Зеландия,1683,2002-01-01T00:00:00Z,,,
http://www.wikidata.org/entity/Q321200,Абията-Шала,http://www.wikidata.org/entity/Q115,Эфиопия,887,1963-01-01T00:00:00Z,,,
http://www.wikidata.org/entity/Q241960,Cheile Bicazului-Hășmaș National Park,http://www.wikidata.org/entity/Q218,Румыния,6915.35781,1990-01-01T00:00:00Z,,,
http://www.wikidata.org/entity/Q222695,Гранд-Титон,http://www.wikidata.org/entity/Q30,США,1254.51,1929-02-26T00:00:00Z,http://www.wikidata.org/entity/Q2078034,Grand Teton,
http://www.wikidata.org/entity/Q372093,Олимпик,http://www.wikidata.org/entity/Q30,США,3733.8297,1938-06-29T00:00:00Z,http://www.wikidata.org/entity/Q522586,Олимпус,
http://www.wikidata.org/entity/Q239264,Dulcie Range National Park,http://www.wikidata.org/entity/Q408,Австралия,187.79,1991-01-01T00:00:00Z,,,532
http://www.wikidata.org/entity/Q317253,Овре Пасвик (национальный парк),http://www.wikidata.org/entity/Q20,Норвегия,119,1970-02-06T00:00:00Z,,,
http://www.wikidata.org/entity/Q263883,Одзала,http://www.wikidata.org/entity/Q971,Республика Конго,13546,1935-01-01T00:00:00Z,,,555
http://www.wikidata.org/entity/Q273195,Карлсбадские пещеры,http://www.wikidata.org/entity/Q30,США,189,1930-05-14T00:00:00Z,,,
http://www.wikidata.org/entity/Q255449,Moresby Range National Park,http://www.wikidata.org/entity/Q408,Австралия,6.47635131835937,2016-01-01T00:00:00Z,,,143
http://www.wikidata.org/entity/Q372019,Амазония,http://www.wikidata.org/entity/Q155,Бразилия,1084895.62,1974-02-19T00:00:00Z,,,81
http://www.wikidata.org/entity/Q384739,Вильсонс-Промонтори,http://www.wikidata.org/entity/Q408,Австралия,49049,1898-07-08T00:00:00Z,,,113
http://www.wikidata.org/entity/Q328488,Салонга,http://www.wikidata.org/entity/Q974,Демократическая Республика Конго,3600000,1970-01-01T00:00:00Z,,,
http://www.wikidata.org/entity/Q328488,Салонга,http://www.wikidata.org/entity/Q974,Демократическая Республика Конго,36000,1970-01-01T00:00:00Z,,,
http://www.wikidata.org/entity/Q385021,Tazekka National Park,http://www.wikidata.org/entity/Q1028,Марокко,137.37,1950-01-01T00:00:00Z,,,
http://www.wikidata.org/entity/Q261577,Глейшер-Бей,http://www.wikidata.org/entity/Q30,США,13287,1980-12-02T00:00:00Z,http://www.wikidata.org/entity/Q1544340,Фэруэдер,
http://www.wikidata.org/entity/Q277145,Тбилисский национальный парк,http://www.wikidata.org/entity/Q230,Грузия,23218,1973-01-01T00:00:00Z,,,
http://www.wikidata.org/entity/Q248825,Peak Charles National Park,http://www.wikidata.org/entity/Q408,Австралия,400,1993-01-01T00:00:00Z,,,305
http://www.wikidata.org/entity/Q248825,Peak Charles National Park,http://www.wikidata.org/entity/Q408,Австралия,399.53109375,1993-01-01T00:00:00Z,,,305
http://www.wikidata.org/entity/Q332381,Жау,http://www.wikidata.org/entity/Q155,Бразилия,2367340,1980-01-01T00:00:00Z,,,57
http://www.wikidata.org/entity/Q319327,национальный парк Аберкромби-Ривер,http://www.wikidata.org/entity/Q408,Австралия,19000,1995-12-01T00:00:00Z,,,785
http://www.wikidata.org/entity/Q319327,национальный парк Аберкромби-Ривер,http://www.wikidata.org/entity/Q408,Австралия,193.40763671875,1995-12-01T00:00:00Z,,,785
http://www.wikidata.org/entity/Q254556,Conondale National Park,http://www.wikidata.org/entity/Q408,Австралия,358.76390625,2018-01-01T00:00:00Z,,,701
http://www.wikidata.org/entity/Q254556,Conondale National Park,http://www.wikidata.org/entity/Q408,Австралия,35648,1977-01-01T00:00:00Z,,,701
http://www.wikidata.org/entity/Q313071,Озеро Накуру,http://www.wikidata.org/entity/Q114,Кения,188,1967-01-01T00:00:00Z,,,
http://www.wikidata.org/entity/Q223969,Арки,http://www.wikidata.org/entity/Q30,США,354.2,1971-11-12T00:00:00Z,http://www.wikidata.org/entity/Q55887719,Elephant Butte,
http://www.wikidata.org/entity/Q308893,Гарамба,http://www.wikidata.org/entity/Q974,Демократическая Республика Конго,500000,1938-01-01T00:00:00Z,,,
http://www.wikidata.org/entity/Q308893,Гарамба,http://www.wikidata.org/entity/Q974,Демократическая Республика Конго,4920,1938-01-01T00:00:00Z,,,
http://www.wikidata.org/entity/Q288545,Gambela National Park,http://www.wikidata.org/entity/Q115,Эфиопия,5061,1974-01-01T00:00:00Z,,,
http://www.wikidata.org/entity/Q255449,Moresby Range National Park,http://www.wikidata.org/entity/Q408,Австралия,6.47635131835937,1973-01-01T00:00:00Z,,,143
http://www.wikidata.org/entity/Q369655,Гезойзе,http://www.wikidata.org/entity/Q40,Австрия,1628.62703,2002-10-26T00:00:00Z,http://www.wikidata.org/entity/Q120493,Хохтор,641
http://www.wikidata.org/entity/Q242681,Мамонтова пещера,http://www.wikidata.org/entity/Q30,США,21191,1941-07-01T00:00:00Z,,,
http://www.wikidata.org/entity/Q237128,Меса-Верде,http://www.wikidata.org/entity/Q30,США,212,1906-01-01T00:00:00Z,http://www.wikidata.org/entity/Q49059900,Park Point,
http://www.wikidata.org/entity/Q368670,Mebbin National Park,http://www.wikidata.org/entity/Q408,Австралия,37.7908764648437,1999-01-01T00:00:00Z,,,
http://www.wikidata.org/entity/Q246121,Kéran National Park,http://www.wikidata.org/entity/Q945,Того,143600,,,,
http://www.wikidata.org/entity/Q255449,Moresby Range National Park,http://www.wikidata.org/entity/Q408,Австралия,616,2016-01-01T00:00:00Z,,,143
http://www.wikidata.org/entity/Q369655,Гезойзе,http://www.wikidata.org/entity/Q40,Австрия,9667.12861,2002-10-26T00:00:00Z,http://www.wikidata.org/entity/Q120493,Хохтор,641
http://www.wikidata.org/entity/Q376436,Викос-Аоос,http://www.wikidata.org/entity/Q41,Греция,126,1973-01-01T00:00:00Z,,,
http://www.wikidata.org/entity/Q318357,Абель-Тасман,http://www.wikidata.org/entity/Q664,Новая Зеландия,2253,1942-01-01T00:00:00Z,,,440
http://www.wikidata.org/entity/Q284749,Kawésqar National Park,http://www.wikidata.org/entity/Q298,Чили,2842329.1,1969-07-22T00:00:00Z,,,
http://www.wikidata.org/entity/Q306193,Острова Чаннел,http://www.wikidata.org/entity/Q30,США,1010,1980-01-01T00:00:00Z,http://www.wikidata.org/entity/Q74662588,El Montañon,
http://www.wikidata.org/entity/Q253455,Dudhwa National Park,http://www.wikidata.org/entity/Q668,Индия,490,1958-01-01T00:00:00Z,,,
http://www.wikidata.org/entity/Q370159,Бако,http://www.wikidata.org/entity/Q833,Малайзия,27,1957-01-01T00:00:00Z,,,
http://www.wikidata.org/entity/Q305169,Лос-Катиос,http://www.wikidata.org/entity/Q739,Колумбия,72000,1974-08-06T00:00:00Z,,,4
http://www.wikidata.org/entity/Q305169,Лос-Катиос,http://www.wikidata.org/entity/Q739,Колумбия,720,1974-08-06T00:00:00Z,,,4
http://www.wikidata.org/entity/Q242681,Мамонтова пещера,http://www.wikidata.org/entity/Q30,США,54011.91,1941-07-01T00:00:00Z,,,
http://www.wikidata.org/entity/Q382227,Gargano National Park,http://www.wikidata.org/entity/Q38,Италия,1181,1991-01-01T00:00:00Z,,,
http://www.wikidata.org/entity/Q319356,Абердэр (национальный парк),http://www.wikidata.org/entity/Q114,Кения,766,1950-01-01T00:00:00Z,,,
http://www.wikidata.org/entity/Q255449,Moresby Range National Park,http://www.wikidata.org/entity/Q408,Австралия,616,1973-01-01T00:00:00Z,,,143
http://www.wikidata.org/entity/Q254556,Conondale National Park,http://www.wikidata.org/entity/Q408,Австралия,35648,2018-01-01T00:00:00Z,,,701
http://www.wikidata.org/entity/Q328577,Таи,http://www.wikidata.org/entity/Q1008,Кот-д’Ивуар,330000,1972-01-01T00:00:00Z,,,218
http://www.wikidata.org/entity/Q328577,Таи,http://www.wikidata.org/entity/Q1008,Кот-д’Ивуар,3300,1972-01-01T00:00:00Z,,,218
http://www.wikidata.org/entity/Q382227,Gargano National Park,http://www.wikidata.org/entity/Q38,Италия,118144,1991-01-01T00:00:00Z,,,
http://www.wikidata.org/entity/Q379080,Форт Иисус,http://www.wikidata.org/entity/Q114,Кения,31,1593-04-11T00:00:00Z,,,
http://www.wikidata.org/entity/Q379080,Форт Иисус,http://www.wikidata.org/entity/Q114,Кения,2.36,1593-04-11T00:00:00Z,,,
http://www.wikidata.org/entity/Q339555,Лас-Эрмосас,http://www.wikidata.org/entity/Q739,Колумбия,12482838,1977-01-01T00:00:00Z,,,
http://www.wikidata.org/entity/Q239264,Dulcie Range National Park,http://www.wikidata.org/entity/Q408,Австралия,190.9,2012-01-01T00:00:00Z,,,532
http://www.wikidata.org/entity/Q283482,Пукаскуа,http://www.wikidata.org/entity/Q16,Канада,1877.8,1971-01-01T00:00:00Z,,,
http://www.wikidata.org/entity/Q376436,Викос-Аоос,http://www.wikidata.org/entity/Q41,Греция,12794.25,1973-01-01T00:00:00Z,,,
http://www.wikidata.org/entity/Q332381,Жау,http://www.wikidata.org/entity/Q155,Бразилия,23779,1980-01-01T00:00:00Z,,,57
http://www.wikidata.org/entity/Q368670,Mebbin National Park,http://www.wikidata.org/entity/Q408,Австралия,38,1999-01-01T00:00:00Z,,,
http://www.wikidata.org/entity/Q306216,Бэдлендс,http://www.wikidata.org/entity/Q30,США,982.4,1939-01-25T00:00:00Z,http://www.wikidata.org/entity/Q7305030,Red Shirt Table,
http://www.wikidata.org/entity/Q385655,Стены Иерусалима,http://www.wikidata.org/entity/Q408,Австралия,518,1978-12-13T00:00:00Z,http://www.wikidata.org/entity/Q1742014,King Davids Peak,1022
http://www.wikidata.org/entity/Q317226,Anárjohka National Park,http://www.wikidata.org/entity/Q20,Норвегия,1414,1975-12-19T00:00:00Z,,,
http://www.wikidata.org/entity/Q733491,Neerabup National Park,http://www.wikidata.org/entity/Q408,Австралия,11,1965-01-01T00:00:00Z,,,58
http://www.wikidata.org/entity/Q715124,Тейде (национальный парк),http://www.wikidata.org/entity/Q29,Испания,189.9,1954-01-22T00:00:00Z,,,2278
http://www.wikidata.org/entity/Q692011,Падьеланта,http://www.wikidata.org/entity/Q34,Швеция,166065.96,1962-06-06T00:00:00Z,,,
http://www.wikidata.org/entity/Q712300,Артурс-Парк (национальный парк),http://www.wikidata.org/entity/Q664,Новая Зеландия,1184.7,1929-07-01T00:00:00Z,,,
http://www.wikidata.org/entity/Q738435,Пиренеи (национальный парк),http://www.wikidata.org/entity/Q142,Франция,457,1967-03-23T00:00:00Z,http://www.wikidata.org/entity/Q1348903,Винемаль,
http://www.wikidata.org/entity/Q702566,Саксонская Швейцария,http://www.wikidata.org/entity/Q183,Германия,9350,1990-01-01T00:00:00Z,http://www.wikidata.org/entity/Q881976,Großer Winterberg,
http://www.wikidata.org/entity/Q702566,Саксонская Швейцария,http://www.wikidata.org/entity/Q183,Германия,93.5,1990-01-01T00:00:00Z,http://www.wikidata.org/entity/Q881976,Großer Winterberg,
http://www.wikidata.org/entity/Q649680,Батьма,http://www.wikidata.org/entity/Q881,Вьетнам,220,1986-01-01T00:00:00Z,,,
http://www.wikidata.org/entity/Q679891,Ниоколо-Коба,http://www.wikidata.org/entity/Q1041,Сенегал,913000,1954-01-01T00:00:00Z,http://www.wikidata.org/entity/Q530850,Assirik,
http://www.wikidata.org/entity/Q679891,Ниоколо-Коба,http://www.wikidata.org/entity/Q1041,Сенегал,9130,1954-01-01T00:00:00Z,http://www.wikidata.org/entity/Q530850,Assirik,
http://www.wikidata.org/entity/Q692011,Падьеланта,http://www.wikidata.org/entity/Q34,Швеция,33831.32,1962-06-06T00:00:00Z,,,
http://www.wikidata.org/entity/Q716801,Аруша (национальный парк),http://www.wikidata.org/entity/Q924,Танзания,552,1960-01-01T00:00:00Z,,,
http://www.wikidata.org/entity/Q650710,Ноэль-Кемпфф-Меркадо,http://www.wikidata.org/entity/Q750,Боливия,750000,1979-06-28T00:00:00Z,,,252
http://www.wikidata.org/entity/Q655191,Rocky Cape National Park,http://www.wikidata.org/entity/Q408,Австралия,30.9763364377618,1967-06-21T00:00:00Z,,,5
http://www.wikidata.org/entity/Q738582,Клуэйн,http://www.wikidata.org/entity/Q16,Канада,21980,1972-01-01T00:00:00Z,http://www.wikidata.org/entity/Q120306,Логан,
http://www.wikidata.org/entity/Q656363,Руаха,http://www.wikidata.org/entity/Q924,Танзания,20.226,1964-01-01T00:00:00Z,,,
http://www.wikidata.org/entity/Q643818,Belair National Park,http://www.wikidata.org/entity/Q408,Австралия,8.37261108398437,1891-01-01T00:00:00Z,,,304
http://www.wikidata.org/entity/Q738428,Дзукийский национальный парк,http://www.wikidata.org/entity/Q37,Литва,585.19,1991-01-01T00:00:00Z,,,
http://www.wikidata.org/entity/Q667469,Шэннон (национальный парк),http://www.wikidata.org/entity/Q408,Австралия,535,1988-01-01T00:00:00Z,,,192
http://www.wikidata.org/entity/Q686088,Ллогара,http://www.wikidata.org/entity/Q222,Албания,1010,1966-01-01T00:00:00Z,,,
http://www.wikidata.org/entity/Q674231,Auburn River National Park,http://www.wikidata.org/entity/Q408,Австралия,4.0949755859375,1964-01-01T00:00:00Z,,,218
http://www.wikidata.org/entity/Q691597,Сонфьеллет,http://www.wikidata.org/entity/Q34,Швеция,3733.467,1909-05-24T00:00:00Z,,,1276
http://www.wikidata.org/entity/Q682401,Eudlo Creek National Park,http://www.wikidata.org/entity/Q408,Австралия,0.421891555786133,1997-01-01T00:00:00Z,,,48
http://www.wikidata.org/entity/Q674231,Auburn River National Park,http://www.wikidata.org/entity/Q408,Австралия,405,2001-01-01T00:00:00Z,,,218
http://www.wikidata.org/entity/Q732723,Пакленица,http://www.wikidata.org/entity/Q224,Хорватия,95,1949-01-01T00:00:00Z,http://www.wikidata.org/entity/Q1524307,Vaganski vrh,
http://www.wikidata.org/entity/Q692011,Падьеланта,http://www.wikidata.org/entity/Q34,Швеция,15.703,1962-06-06T00:00:00Z,,,
http://www.wikidata.org/entity/Q702566,Саксонская Швейцария,http://www.wikidata.org/entity/Q183,Германия,9350,1990-10-01T00:00:00Z,http://www.wikidata.org/entity/Q881976,Großer Winterberg,
http://www.wikidata.org/entity/Q702566,Саксонская Швейцария,http://www.wikidata.org/entity/Q183,Германия,93.5,1990-10-01T00:00:00Z,http://www.wikidata.org/entity/Q881976,Großer Winterberg,
http://www.wikidata.org/entity/Q733491,Neerabup National Park,http://www.wikidata.org/entity/Q408,Австралия,11,1972-01-01T00:00:00Z,,,58
http://www.wikidata.org/entity/Q738435,Пиренеи (национальный парк),http://www.wikidata.org/entity/Q142,Франция,45707,1967-01-01T00:00:00Z,http://www.wikidata.org/entity/Q1348903,Винемаль,
http://www.wikidata.org/entity/Q684121,Ytre Hvaler National Park,http://www.wikidata.org/entity/Q20,Норвегия,354.84,2009-06-26T00:00:00Z,,,
http://www.wikidata.org/entity/Q648907,Sanjay Gandhi National Park,http://www.wikidata.org/entity/Q668,Индия,104,1942-01-01T00:00:00Z,,,
http://www.wikidata.org/entity/Q724310,Тейден-Нене,http://www.wikidata.org/entity/Q16,Канада,14305,2019-08-21T00:00:00Z,,,
http://www.wikidata.org/entity/Q680312,Конгильио,http://www.wikidata.org/entity/Q298,Чили,60832,1950-05-26T00:00:00Z,http://www.wikidata.org/entity/Q164121,Льяйма,1941
http://www.wikidata.org/entity/Q655191,Rocky Cape National Park,http://www.wikidata.org/entity/Q408,Австралия,3064,2002-01-01T00:00:00Z,,,5
http://www.wikidata.org/entity/Q717804,Jirisan National Park,http://www.wikidata.org/entity/Q884,Республика Корея,47175,1967-01-01T00:00:00Z,,,
http://www.wikidata.org/entity/Q682401,Eudlo Creek National Park,http://www.wikidata.org/entity/Q408,Австралия,0.421891555786133,1951-01-01T00:00:00Z,,,48
http://www.wikidata.org/entity/Q735229,Порт-Кэмпбелл,http://www.wikidata.org/entity/Q408,Австралия,1830,1964-01-01T00:00:00Z,,,40
http://www.wikidata.org/entity/Q726863,Дубль-Ве,http://www.wikidata.org/entity/Q962,Бенин,10182.8,1954-01-01T00:00:00Z,,,
http://www.wikidata.org/entity/Q733491,Neerabup National Park,http://www.wikidata.org/entity/Q408,Австралия,9.73476623535156,1965-01-01T00:00:00Z,,,58
http://www.wikidata.org/entity/Q700204,Нокберге,http://www.wikidata.org/entity/Q40,Австрия,183,1987-01-01T00:00:00Z,,,
http://www.wikidata.org/entity/Q663484,Национальный парк Родна,http://www.wikidata.org/entity/Q218,Румыния,46599,1990-01-01T00:00:00Z,,,
http://www.wikidata.org/entity/Q647777,Ленсойс-Мараньенсис,http://www.wikidata.org/entity/Q155,Бразилия,1566,1981-06-02T00:00:00Z,,,
http://www.wikidata.org/entity/Q647777,Ленсойс-Мараньенсис,http://www.wikidata.org/entity/Q155,Бразилия,7303,1981-06-02T00:00:00Z,,,
http://www.wikidata.org/entity/Q707982,Кэньдин,http://www.wikidata.org/entity/Q865,Китайская Республика (Тайвань),333,1984-01-01T00:00:00Z,,,
http://www.wikidata.org/entity/Q650992,Эль-Кала,http://www.wikidata.org/entity/Q262,Алжир,800,1993-01-01T00:00:00Z,,,
http://www.wikidata.org/entity/Q691597,Сонфьеллет,http://www.wikidata.org/entity/Q34,Швеция,21.116,1909-05-24T00:00:00Z,,,1276
http://www.wikidata.org/entity/Q647777,Ленсойс-Мараньенсис,http://www.wikidata.org/entity/Q155,Бразилия,149259,1981-06-02T00:00:00Z,,,
http://www.wikidata.org/entity/Q647777,Ленсойс-Мараньенсис,http://www.wikidata.org/entity/Q155,Бразилия,156562,1981-06-02T00:00:00Z,,,
http://www.wikidata.org/entity/Q679568,Пурнулулу,http://www.wikidata.org/entity/Q408,Австралия,2397,1987-01-01T00:00:00Z,,,287
http://www.wikidata.org/entity/Q691597,Сонфьеллет,http://www.wikidata.org/entity/Q34,Швеция,10356.85,1909-05-24T00:00:00Z,,,1276
http://www.wikidata.org/entity/Q741557,Japoon National Park,http://www.wikidata.org/entity/Q408,Австралия,247.940078125,1992-01-01T00:00:00Z,,,156
http://www.wikidata.org/entity/Q643818,Belair National Park,http://www.wikidata.org/entity/Q408,Австралия,839,1999-01-01T00:00:00Z,,,304
http://www.wikidata.org/entity/Q663484,Национальный парк Родна,http://www.wikidata.org/entity/Q218,Румыния,46599,2000-01-01T00:00:00Z,,,
http://www.wikidata.org/entity/Q691597,Сонфьеллет,http://www.wikidata.org/entity/Q34,Швеция,10378.02,1909-05-24T00:00:00Z,,,1276
http://www.wikidata.org/entity/Q707427,Тароко,http://www.wikidata.org/entity/Q865,Китайская Республика (Тайвань),920,1986-01-01T00:00:00Z,,,
http://www.wikidata.org/entity/Q707067,Пукхансан,http://www.wikidata.org/entity/Q884,Республика Корея,76.92,1983-01-01T00:00:00Z,,,
http://www.wikidata.org/entity/Q693254,Мана-Пулс,http://www.wikidata.org/entity/Q954,Зимбабве,219600,1975-01-01T00:00:00Z,,,
http://www.wikidata.org/entity/Q674231,Auburn River National Park,http://www.wikidata.org/entity/Q408,Австралия,405,1964-01-01T00:00:00Z,,,218
http://www.wikidata.org/entity/Q738435,Пиренеи (национальный парк),http://www.wikidata.org/entity/Q142,Франция,457,1967-01-01T00:00:00Z,http://www.wikidata.org/entity/Q1348903,Винемаль,
http://www.wikidata.org/entity/Q667469,Шэннон (национальный парк),http://www.wikidata.org/entity/Q408,Австралия,526.2223046875,1988-01-01T00:00:00Z,,,192
http://www.wikidata.org/entity/Q706310,Сораксан,http://www.wikidata.org/entity/Q884,Республика Корея,173.69,1970-01-01T00:00:00Z,,,
http://www.wikidata.org/entity/Q706310,Сораксан,http://www.wikidata.org/entity/Q884,Республика Корея,39822,1970-01-01T00:00:00Z,,,
http://www.wikidata.org/entity/Q706310,Сораксан,http://www.wikidata.org/entity/Q884,Республика Корея,398.24,1970-01-01T00:00:00Z,,,
http://www.wikidata.org/entity/Q666044,Пиельекайсе,http://www.wikidata.org/entity/Q34,Швеция,0.062,1909-05-24T00:00:00Z,,,
http://www.wikidata.org/entity/Q706310,Сораксан,http://www.wikidata.org/entity/Q884,Республика Корея,173.69,1965-01-01T00:00:00Z,,,
http://www.wikidata.org/entity/Q706310,Сораксан,http://www.wikidata.org/entity/Q884,Республика Корея,39822,1965-01-01T00:00:00Z,,,
http://www.wikidata.org/entity/Q706310,Сораксан,http://www.wikidata.org/entity/Q884,Республика Корея,398.24,1965-01-01T00:00:00Z,,,
http://www.wikidata.org/entity/Q739993,Найроби,http://www.wikidata.org/entity/Q114,Кения,117.21,1946-01-01T00:00:00Z,,,
http://www.wikidata.org/entity/Q655191,Rocky Cape National Park,http://www.wikidata.org/entity/Q408,Австралия,3064,1967-06-21T00:00:00Z,,,5
http://www.wikidata.org/entity/Q715124,Тейде (национальный парк),http://www.wikidata.org/entity/Q29,Испания,18824.6115,1954-01-22T00:00:00Z,,,2278
http://www.wikidata.org/entity/Q665459,Гвианская Амазония,http://www.wikidata.org/entity/Q142,Франция,2023569.5059,2007-01-01T00:00:00Z,http://www.wikidata.org/entity/Q2550799,Бельвю,
http://www.wikidata.org/entity/Q732723,Пакленица,http://www.wikidata.org/entity/Q224,Хорватия,9507.56,1949-01-01T00:00:00Z,http://www.wikidata.org/entity/Q1524307,Vaganski vrh,
http://www.wikidata.org/entity/Q735229,Порт-Кэмпбелл,http://www.wikidata.org/entity/Q408,Австралия,1830,2008-01-01T00:00:00Z,,,40
http://www.wikidata.org/entity/Q648548,Гуинди,http://www.wikidata.org/entity/Q668,Индия,2.8,1977-01-01T00:00:00Z,,,
http://www.wikidata.org/entity/Q643818,Belair National Park,http://www.wikidata.org/entity/Q408,Австралия,8.37261108398437,1999-01-01T00:00:00Z,,,304
http://www.wikidata.org/entity/Q663484,Национальный парк Родна,http://www.wikidata.org/entity/Q218,Румыния,47208.57291,1990-01-01T00:00:00Z,,,
http://www.wikidata.org/entity/Q738435,Пиренеи (национальный парк),http://www.wikidata.org/entity/Q142,Франция,45707,1967-03-23T00:00:00Z,http://www.wikidata.org/entity/Q1348903,Винемаль,
http://www.wikidata.org/entity/Q706301,Wolchulsan National Park,http://www.wikidata.org/entity/Q884,Республика Корея,56.22,1988-01-01T00:00:00Z,,,
http://www.wikidata.org/entity/Q696959,Snowy River National Park,http://www.wikidata.org/entity/Q408,Австралия,114600,1979-01-01T00:00:00Z,,,993
http://www.wikidata.org/entity/Q733491,Neerabup National Park,http://www.wikidata.org/entity/Q408,Австралия,9.73476623535156,1972-01-01T00:00:00Z,,,58
http://www.wikidata.org/entity/Q692011,Падьеланта,http://www.wikidata.org/entity/Q34,Швеция,199897.57,1962-06-06T00:00:00Z,,,
http://www.wikidata.org/entity/Q649651,Mweru Wantipa National Park,http://www.wikidata.org/entity/Q953,Замбия,3134,,,,977
http://www.wikidata.org/entity/Q712296,Озеро Кларк,http://www.wikidata.org/entity/Q30,США,16309,1978-01-01T00:00:00Z,http://www.wikidata.org/entity/Q840735,Редаут,
http://www.wikidata.org/entity/Q707996,Шэйпа,http://www.wikidata.org/entity/Q865,Китайская Республика (Тайвань),769.59,1992-01-01T00:00:00Z,,,
http://www.wikidata.org/entity/Q696014,Высокий Тауэрн,http://www.wikidata.org/entity/Q40,Австрия,1856,1981-01-01T00:00:00Z,http://www.wikidata.org/entity/Q3388,Гросглокнер,2944
http://www.wikidata.org/entity/Q665110,Бандипур,http://www.wikidata.org/entity/Q668,Индия,874,1941-01-01T00:00:00Z,,,
http://www.wikidata.org/entity/Q655191,Rocky Cape National Park,http://www.wikidata.org/entity/Q408,Австралия,30.9763364377618,2002-01-01T00:00:00Z,,,5
http://www.wikidata.org/entity/Q663484,Национальный парк Родна,http://www.wikidata.org/entity/Q218,Румыния,47208.57291,2000-01-01T00:00:00Z,,,
http://www.wikidata.org/entity/Q726863,Дубль-Ве,http://www.wikidata.org/entity/Q1032,Нигер,10182.8,1954-01-01T00:00:00Z,,,
http://www.wikidata.org/entity/Q665459,Гвианская Амазония,http://www.wikidata.org/entity/Q142,Франция,33900,2007-01-01T00:00:00Z,http://www.wikidata.org/entity/Q2550799,Бельвю,
http://www.wikidata.org/entity/Q726863,Дубль-Ве,http://www.wikidata.org/entity/Q965,Буркина-Фасо,10182.8,1954-01-01T00:00:00Z,,,
http://www.wikidata.org/entity/Q647206,Мадиди (национальный парк),http://www.wikidata.org/entity/Q750,Боливия,18958,1995-09-21T00:00:00Z,,,247
http://www.wikidata.org/entity/Q680313,Alta Murgia National Park,http://www.wikidata.org/entity/Q38,Италия,680.3,2004-01-01T00:00:00Z,,,
http://www.wikidata.org/entity/Q643818,Belair National Park,http://www.wikidata.org/entity/Q408,Австралия,839,1891-01-01T00:00:00Z,,,304
http://www.wikidata.org/entity/Q674231,Auburn River National Park,http://www.wikidata.org/entity/Q408,Австралия,4.0949755859375,2001-01-01T00:00:00Z,,,218
http://www.wikidata.org/entity/Q675633,Этоша,http://www.wikidata.org/entity/Q1030,Намибия,22270,1907-03-22T00:00:00Z,,,
http://www.wikidata.org/entity/Q666044,Пиельекайсе,http://www.wikidata.org/entity/Q34,Швеция,1401.122,1909-05-24T00:00:00Z,,,
http://www.wikidata.org/entity/Q666044,Пиельекайсе,http://www.wikidata.org/entity/Q34,Швеция,14083.46,1909-05-24T00:00:00Z,,,
http://www.wikidata.org/entity/Q666044,Пиельекайсе,http://www.wikidata.org/entity/Q34,Швеция,15484.65,1909-05-24T00:00:00Z,,,
http://www.wikidata.org/entity/Q815431,Belford National Park,http://www.wikidata.org/entity/Q408,Австралия,2.88469879150391,2003-01-01T00:00:00Z,,,
http://www.wikidata.org/entity/Q816681,Benarkin National Park,http://www.wikidata.org/entity/Q408,Австралия,2.03790435791016,2006-01-01T00:00:00Z,,,350
http://www.wikidata.org/entity/Q815431,Belford National Park,http://www.wikidata.org/entity/Q408,Австралия,2.88469879150391,2006-01-01T00:00:00Z,,,
http://www.wikidata.org/entity/Q816402,Ben Lomond National Park,http://www.wikidata.org/entity/Q408,Австралия,165,2000-01-01T00:00:00Z,,,1312
http://www.wikidata.org/entity/Q816780,Bendidee National Park,http://www.wikidata.org/entity/Q408,Австралия,9.27539733886719,1994-01-01T00:00:00Z,,,248
http://www.wikidata.org/entity/Q804731,Bald Rock National Park,http://www.wikidata.org/entity/Q408,Австралия,88.6911328125,1971-01-01T00:00:00Z,,,1081
http://www.wikidata.org/entity/Q807235,Barakee National Park,http://www.wikidata.org/entity/Q408,Австралия,49.919677734375,1999-01-01T00:00:00Z,,,
http://www.wikidata.org/entity/Q808968,Barron Gorge National Park,http://www.wikidata.org/entity/Q408,Австралия,2825,2010-01-01T00:00:00Z,,,238
http://www.wikidata.org/entity/Q808426,Barnard Island Group National Park,http://www.wikidata.org/entity/Q408,Австралия,0.308970546722412,1998-01-01T00:00:00Z,,,42
http://www.wikidata.org/entity/Q808021,Бардия,http://www.wikidata.org/entity/Q837,Непал,968,1988-01-01T00:00:00Z,,,
http://www.wikidata.org/entity/Q804731,Bald Rock National Park,http://www.wikidata.org/entity/Q408,Австралия,88.6911328125,2002-01-01T00:00:00Z,,,1081
http://www.wikidata.org/entity/Q808968,Barron Gorge National Park,http://www.wikidata.org/entity/Q408,Австралия,27.9423706054687,2010-01-01T00:00:00Z,,,238
http://www.wikidata.org/entity/Q807235,Barakee National Park,http://www.wikidata.org/entity/Q408,Австралия,49.919677734375,2010-01-01T00:00:00Z,,,
http://www.wikidata.org/entity/Q808426,Barnard Island Group National Park,http://www.wikidata.org/entity/Q408,Австралия,0.308970546722412,1994-01-01T00:00:00Z,,,42
http://www.wikidata.org/entity/Q827817,Науэль-Уапи,http://www.wikidata.org/entity/Q414,Аргентина,7050,1934-04-08T00:00:00Z,http://www.wikidata.org/entity/Q422835,Тронадор,904
http://www.wikidata.org/entity/Q828531,Лагуна-Бланка (национальный парк),http://www.wikidata.org/entity/Q414,Аргентина,11251,1940-01-01T00:00:00Z,,,1299
http://www.wikidata.org/entity/Q829128,Baritú National Park,http://www.wikidata.org/entity/Q414,Аргентина,724.39,1974-01-01T00:00:00Z,,,1157
http://www.wikidata.org/entity/Q827526,Mole Creek Karst National Park,http://www.wikidata.org/entity/Q408,Австралия,17.914854850769,1996-01-01T00:00:00Z,,,1126
http://www.wikidata.org/entity/Q829771,Mburucuyá National Park,http://www.wikidata.org/entity/Q414,Аргентина,176.6,,,,
http://www.wikidata.org/entity/Q810277,Basket Swamp National Park,http://www.wikidata.org/entity/Q408,Австралия,28.0498779296875,1999-01-01T00:00:00Z,,,
http://www.wikidata.org/entity/Q829648,Copo National Park,http://www.wikidata.org/entity/Q414,Аргентина,118119,1998-01-01T00:00:00Z,,,
http://www.wikidata.org/entity/Q812025,Бау-Бау (национальный парк),http://www.wikidata.org/entity/Q408,Австралия,13530,1979-01-01T00:00:00Z,,,1363
http://www.wikidata.org/entity/Q827519,Хартц-Маунтинс,http://www.wikidata.org/entity/Q408,Австралия,121.34,2013-01-01T00:00:00Z,http://www.wikidata.org/entity/Q21960733,Hartz Peak,768
http://www.wikidata.org/entity/Q808934,Barrington Tops National Park,http://www.wikidata.org/entity/Q408,Австралия,743,2010-01-01T00:00:00Z,,,1196
http://www.wikidata.org/entity/Q808934,Barrington Tops National Park,http://www.wikidata.org/entity/Q408,Австралия,39120,2010-01-01T00:00:00Z,,,1196
http://www.wikidata.org/entity/Q828353,Лаго-Пуэло,http://www.wikidata.org/entity/Q414,Аргентина,27674,1971-01-01T00:00:00Z,,,1672
http://www.wikidata.org/entity/Q816780,Bendidee National Park,http://www.wikidata.org/entity/Q408,Австралия,931,1979-01-01T00:00:00Z,,,248
http://www.wikidata.org/entity/Q808426,Barnard Island Group National Park,http://www.wikidata.org/entity/Q408,Австралия,308,1998-01-01T00:00:00Z,,,42
http://www.wikidata.org/entity/Q808934,Barrington Tops National Park,http://www.wikidata.org/entity/Q408,Австралия,768.991328125,2010-01-01T00:00:00Z,,,1196
http://www.wikidata.org/entity/Q799956,Bago Bluff National Park,http://www.wikidata.org/entity/Q408,Австралия,4023,1999-01-01T00:00:00Z,,,
http://www.wikidata.org/entity/Q816402,Ben Lomond National Park,http://www.wikidata.org/entity/Q408,Австралия,181.90115234375,1947-01-01T00:00:00Z,,,1312
http://www.wikidata.org/entity/Q806454,Bangadilly National Park,http://www.wikidata.org/entity/Q408,Австралия,21.35,2001-01-01T00:00:00Z,,,
http://www.wikidata.org/entity/Q806454,Bangadilly National Park,http://www.wikidata.org/entity/Q408,Австралия,2143,2001-01-01T00:00:00Z,,,
http://www.wikidata.org/entity/Q827526,Mole Creek Karst National Park,http://www.wikidata.org/entity/Q408,Австралия,1345,1996-01-01T00:00:00Z,,,1126
http://www.wikidata.org/entity/Q824602,Подземная река Пуэрто-Принсеса,http://www.wikidata.org/entity/Q928,Филиппины,22202,1971-03-26T00:00:00Z,,,
http://www.wikidata.org/entity/Q816681,Benarkin National Park,http://www.wikidata.org/entity/Q408,Австралия,218,2006-01-01T00:00:00Z,,,350
http://www.wikidata.org/entity/Q806023,Ban Ban National Park,http://www.wikidata.org/entity/Q408,Австралия,1958,2006-01-01T00:00:00Z,,,395
http://www.wikidata.org/entity/Q808934,Barrington Tops National Park,http://www.wikidata.org/entity/Q408,Австралия,743,1969-01-01T00:00:00Z,,,1196
http://www.wikidata.org/entity/Q829228,Lihué Calel National Park,http://www.wikidata.org/entity/Q414,Аргентина,99.01,1977-01-01T00:00:00Z,,,
http://www.wikidata.org/entity/Q806454,Bangadilly National Park,http://www.wikidata.org/entity/Q408,Австралия,21.35,2007-01-01T00:00:00Z,,,
http://www.wikidata.org/entity/Q806454,Bangadilly National Park,http://www.wikidata.org/entity/Q408,Австралия,2143,2007-01-01T00:00:00Z,,,
http://www.wikidata.org/entity/Q808934,Barrington Tops National Park,http://www.wikidata.org/entity/Q408,Австралия,39120,1969-01-01T00:00:00Z,,,1196
http://www.wikidata.org/entity/Q808426,Barnard Island Group National Park,http://www.wikidata.org/entity/Q408,Австралия,308,1994-01-01T00:00:00Z,,,42
http://www.wikidata.org/entity/Q828155,Национальный парк Крка,http://www.wikidata.org/entity/Q224,Хорватия,11063.68,1985-01-01T00:00:00Z,,,
http://www.wikidata.org/entity/Q815431,Belford National Park,http://www.wikidata.org/entity/Q408,Австралия,294,2003-01-01T00:00:00Z,,,
http://www.wikidata.org/entity/Q814030,Greater Beedelup National Park,http://www.wikidata.org/entity/Q408,Австралия,192.86958984375,1977-01-01T00:00:00Z,,,167
http://www.wikidata.org/entity/Q816671,Benambra National Park,http://www.wikidata.org/entity/Q408,Австралия,14.0015002441406,2001-01-01T00:00:00Z,,,
http://www.wikidata.org/entity/Q827962,Перито-Морено,http://www.wikidata.org/entity/Q414,Аргентина,951.73,1937-01-01T00:00:00Z,,,44.599
http://www.wikidata.org/entity/Q815431,Belford National Park,http://www.wikidata.org/entity/Q408,Австралия,294,2006-01-01T00:00:00Z,,,
http://www.wikidata.org/entity/Q808934,Barrington Tops National Park,http://www.wikidata.org/entity/Q408,Австралия,768.991328125,1969-01-01T00:00:00Z,,,1196
http://www.wikidata.org/entity/Q804881,Горы Бале (национальный парк),http://www.wikidata.org/entity/Q115,Эфиопия,2471,1969-01-01T00:00:00Z,,,
http://www.wikidata.org/entity/Q805409,Балликрой,http://www.wikidata.org/entity/Q27,Ирландия,117.79,1998-01-01T00:00:00Z,,,
http://www.wikidata.org/entity/Q808720,Barool National Park,http://www.wikidata.org/entity/Q408,Австралия,11214,1999-01-01T00:00:00Z,,,
http://www.wikidata.org/entity/Q816402,Ben Lomond National Park,http://www.wikidata.org/entity/Q408,Австралия,165,1947-01-01T00:00:00Z,,,1312
http://www.wikidata.org/entity/Q808827,Barranyi (North Island) National Park,http://www.wikidata.org/entity/Q408,Австралия,53.811259765625,1991-01-01T00:00:00Z,,,14
http://www.wikidata.org/entity/Q804731,Bald Rock National Park,http://www.wikidata.org/entity/Q408,Австралия,75,1971-01-01T00:00:00Z,,,1081
http://www.wikidata.org/entity/Q827519,Хартц-Маунтинс,http://www.wikidata.org/entity/Q408,Австралия,72.26,2013-01-01T00:00:00Z,http://www.wikidata.org/entity/Q21960733,Hartz Peak,768
http://www.wikidata.org/entity/Q828404,Йохо,http://www.wikidata.org/entity/Q16,Канада,1313.1,1886-10-10T00:00:00Z,http://www.wikidata.org/entity/Q3861599,Гудсир (гора),
http://www.wikidata.org/entity/Q827519,Хартц-Маунтинс,http://www.wikidata.org/entity/Q408,Австралия,121.34,1939-01-01T00:00:00Z,http://www.wikidata.org/entity/Q21960733,Hartz Peak,768
http://www.wikidata.org/entity/Q814030,Greater Beedelup National Park,http://www.wikidata.org/entity/Q408,Австралия,192.86958984375,2004-01-01T00:00:00Z,,,167
http://www.wikidata.org/entity/Q824602,Подземная река Пуэрто-Принсеса,http://www.wikidata.org/entity/Q928,Филиппины,22202,1999-11-12T00:00:00Z,,,
http://www.wikidata.org/entity/Q814030,Greater Beedelup National Park,http://www.wikidata.org/entity/Q408,Австралия,18,1977-01-01T00:00:00Z,,,167
http://www.wikidata.org/entity/Q804731,Bald Rock National Park,http://www.wikidata.org/entity/Q408,Австралия,75,2002-01-01T00:00:00Z,,,1081
http://www.wikidata.org/entity/Q816671,Benambra National Park,http://www.wikidata.org/entity/Q408,Австралия,1399,2001-01-01T00:00:00Z,,,
http://www.wikidata.org/entity/Q829260,Калилегуа,http://www.wikidata.org/entity/Q414,Аргентина,76.3,1979-07-19T00:00:00Z,,,
http://www.wikidata.org/entity/Q828206,Lanín National Park,http://www.wikidata.org/entity/Q414,Аргентина,3790,1937-01-01T00:00:00Z,http://www.wikidata.org/entity/Q389121,Ланин,1595
http://www.wikidata.org/entity/Q804673,Balbalasang-Balbalan National Park,http://www.wikidata.org/entity/Q928,Филиппины,3923,1972-01-01T00:00:00Z,,,
http://www.wikidata.org/entity/Q806310,Бандхавгарх (национальный парк),http://www.wikidata.org/entity/Q668,Индия,448,1968-01-01T00:00:00Z,,,
http://www.wikidata.org/entity/Q806454,Bangadilly National Park,http://www.wikidata.org/entity/Q408,Австралия,21.3507592773438,2001-01-01T00:00:00Z,,,
http://www.wikidata.org/entity/Q816780,Bendidee National Park,http://www.wikidata.org/entity/Q408,Австралия,9.27539733886719,1979-01-01T00:00:00Z,,,248
http://www.wikidata.org/entity/Q808720,Barool National Park,http://www.wikidata.org/entity/Q408,Австралия,111.638115234375,1999-01-01T00:00:00Z,,,
http://www.wikidata.org/entity/Q808827,Barranyi (North Island) National Park,http://www.wikidata.org/entity/Q408,Австралия,5421,1991-01-01T00:00:00Z,,,14
http://www.wikidata.org/entity/Q806454,Bangadilly National Park,http://www.wikidata.org/entity/Q408,Австралия,21.3507592773438,2007-01-01T00:00:00Z,,,
http://www.wikidata.org/entity/Q816780,Bendidee National Park,http://www.wikidata.org/entity/Q408,Австралия,931,1994-01-01T00:00:00Z,,,248
http://www.wikidata.org/entity/Q807235,Barakee National Park,http://www.wikidata.org/entity/Q408,Австралия,498,1999-01-01T00:00:00Z,,,
http://www.wikidata.org/entity/Q814030,Greater Beedelup National Park,http://www.wikidata.org/entity/Q408,Австралия,18,2004-01-01T00:00:00Z,,,167
http://www.wikidata.org/entity/Q808827,Barranyi (North Island) National Park,http://www.wikidata.org/entity/Q408,Австралия,53.811259765625,1992-01-01T00:00:00Z,,,14
http://www.wikidata.org/entity/Q828291,Национальный парк Лос-Алерсес,http://www.wikidata.org/entity/Q414,Аргентина,188379,1937-01-01T00:00:00Z,http://www.wikidata.org/entity/Q21835769,Cordón de las Pirámides,827
http://www.wikidata.org/entity/Q799956,Bago Bluff National Park,http://www.wikidata.org/entity/Q408,Австралия,39.77396484375,1999-01-01T00:00:00Z,,,
http://www.wikidata.org/entity/Q827526,Mole Creek Karst National Park,http://www.wikidata.org/entity/Q408,Австралия,17.914854850769,2016-01-01T00:00:00Z,,,1126
http://www.wikidata.org/entity/Q807235,Barakee National Park,http://www.wikidata.org/entity/Q408,Австралия,498,2010-01-01T00:00:00Z,,,
http://www.wikidata.org/entity/Q806023,Ban Ban National Park,http://www.wikidata.org/entity/Q408,Австралия,19.5805456542969,2006-01-01T00:00:00Z,,,395
http://www.wikidata.org/entity/Q828642,Río Pilcomayo National Park,http://www.wikidata.org/entity/Q414,Аргентина,51889,1951-01-01T00:00:00Z,,,
http://www.wikidata.org/entity/Q808968,Barron Gorge National Park,http://www.wikidata.org/entity/Q408,Австралия,2825,1940-01-01T00:00:00Z,,,238
http://www.wikidata.org/entity/Q810692,Bataan National Park,http://www.wikidata.org/entity/Q928,Филиппины,256.76,1945-12-01T00:00:00Z,,,
http://www.wikidata.org/entity/Q828601,El Rey National Park,http://www.wikidata.org/entity/Q414,Аргентина,44162,1948-01-01T00:00:00Z,,,902
http://www.wikidata.org/entity/Q827519,Хартц-Маунтинс,http://www.wikidata.org/entity/Q408,Австралия,72.26,1939-01-01T00:00:00Z,http://www.wikidata.org/entity/Q21960733,Hartz Peak,768
http://www.wikidata.org/entity/Q812025,Бау-Бау (национальный парк),http://www.wikidata.org/entity/Q408,Австралия,13530,1986-01-01T00:00:00Z,,,1363
http://www.wikidata.org/entity/Q828709,Огненная Земля,http://www.wikidata.org/entity/Q414,Аргентина,630,1960-10-15T00:00:00Z,http://www.wikidata.org/entity/Q2946780,Cerro Vinciguerra,807
http://www.wikidata.org/entity/Q808968,Barron Gorge National Park,http://www.wikidata.org/entity/Q408,Австралия,27.9423706054687,1940-01-01T00:00:00Z,,,238
http://www.wikidata.org/entity/Q815977,Bellinger River National Park,http://www.wikidata.org/entity/Q408,Австралия,28.3163452148438,1997-01-01T00:00:00Z,,,232
http://www.wikidata.org/entity/Q827526,Mole Creek Karst National Park,http://www.wikidata.org/entity/Q408,Австралия,1345,2016-01-01T00:00:00Z,,,1126
http://www.wikidata.org/entity/Q808827,Barranyi (North Island) National Park,http://www.wikidata.org/entity/Q408,Австралия,5421,1992-01-01T00:00:00Z,,,14
http://www.wikidata.org/entity/Q829012,Los Arrayanes National Park,http://www.wikidata.org/entity/Q414,Аргентина,184,1971-01-01T00:00:00Z,,,805
http://www.wikidata.org/entity/Q829012,Los Arrayanes National Park,http://www.wikidata.org/entity/Q414,Аргентина,184,1971-01-01T00:00:00Z,,,881
http://www.wikidata.org/entity/Q816402,Ben Lomond National Park,http://www.wikidata.org/entity/Q408,Австралия,181.90115234375,2000-01-01T00:00:00Z,,,1312
http://www.wikidata.org/entity/Q829805,Эль-Леонсито,http://www.wikidata.org/entity/Q414,Аргентина,897.06,1994-01-01T00:00:00Z,,,
http://www.wikidata.org/entity/Q828291,Национальный парк Лос-Алерсес,http://www.wikidata.org/entity/Q414,Аргентина,207313,1937-01-01T00:00:00Z,http://www.wikidata.org/entity/Q21835769,Cordón de las Pirámides,827
http://www.wikidata.org/entity/Q815977,Bellinger River National Park,http://www.wikidata.org/entity/Q408,Австралия,2830,1997-01-01T00:00:00Z,,,232
http://www.wikidata.org/entity/Q829474,Los Cardones National Park,http://www.wikidata.org/entity/Q414,Аргентина,641.17,1996-11-20T00:00:00Z,http://www.wikidata.org/entity/Q21839388,Cerro Malcante,
http://www.wikidata.org/entity/Q936623,Кингс-Каньон,http://www.wikidata.org/entity/Q30,США,1869,1940-01-01T00:00:00Z,http://www.wikidata.org/entity/Q4327485,Норт-Палисейд (гора),3281
http://www.wikidata.org/entity/Q932232,Алтай-Таван-Богд,http://www.wikidata.org/entity/Q711,Монголия,6560.89,1996-01-01T00:00:00Z,,,
http://www.wikidata.org/entity/Q953092,Абиску,http://www.wikidata.org/entity/Q34,Швеция,0,1909-05-24T00:00:00Z,,,512
http://www.wikidata.org/entity/Q938754,Ferntree Creek National Park,http://www.wikidata.org/entity/Q408,Австралия,0.717004623413086,2016-01-01T00:00:00Z,,,78
http://www.wikidata.org/entity/Q948585,Heathcote National Park,http://www.wikidata.org/entity/Q408,Австралия,27.3594799804687,2016-01-01T00:00:00Z,,,93
http://www.wikidata.org/entity/Q934161,Cania Gorge National Park,http://www.wikidata.org/entity/Q408,Австралия,30,1994-01-01T00:00:00Z,,,482
http://www.wikidata.org/entity/Q948585,Heathcote National Park,http://www.wikidata.org/entity/Q408,Австралия,27.3594799804687,1967-10-01T00:00:00Z,,,93
http://www.wikidata.org/entity/Q940680,Марайа-Айленд,http://www.wikidata.org/entity/Q408,Австралия,115.5,2007-01-01T00:00:00Z,,,51
http://www.wikidata.org/entity/Q932736,Национальный парк Вулканов,http://www.wikidata.org/entity/Q1037,Руанда,130,1969-01-01T00:00:00Z,,,
http://www.wikidata.org/entity/Q934019,Nelson Lakes National Park,http://www.wikidata.org/entity/Q664,Новая Зеландия,1020,1956-01-01T00:00:00Z,,,761
http://www.wikidata.org/entity/Q940680,Марайа-Айленд,http://www.wikidata.org/entity/Q408,Австралия,115.5,1972-01-01T00:00:00Z,,,51
http://www.wikidata.org/entity/Q956929,Budderoo National Park,http://www.wikidata.org/entity/Q408,Австралия,0,1986-01-01T00:00:00Z,,,637
http://www.wikidata.org/entity/Q956929,Budderoo National Park,http://www.wikidata.org/entity/Q408,Австралия,60,1986-01-01T00:00:00Z,,,637
http://www.wikidata.org/entity/Q948585,Heathcote National Park,http://www.wikidata.org/entity/Q408,Австралия,23,2016-01-01T00:00:00Z,,,93
http://www.wikidata.org/entity/Q934161,Cania Gorge National Park,http://www.wikidata.org/entity/Q408,Австралия,29.2426928710938,1994-01-01T00:00:00Z,,,482
http://www.wikidata.org/entity/Q944542,Монга,http://www.wikidata.org/entity/Q408,Австралия,269.89482421875,2001-01-01T00:00:00Z,,,
http://www.wikidata.org/entity/Q940680,Марайа-Айленд,http://www.wikidata.org/entity/Q408,Австралия,115.065900267465,2007-01-01T00:00:00Z,,,51
http://www.wikidata.org/entity/Q948585,Heathcote National Park,http://www.wikidata.org/entity/Q408,Австралия,23,1967-10-01T00:00:00Z,,,93
http://www.wikidata.org/entity/Q932535,Watagans National Park,http://www.wikidata.org/entity/Q408,Австралия,7751,1999-01-01T00:00:00Z,,,
http://www.wikidata.org/entity/Q934161,Cania Gorge National Park,http://www.wikidata.org/entity/Q408,Австралия,30,1977-01-01T00:00:00Z,,,482
http://www.wikidata.org/entity/Q940680,Марайа-Айленд,http://www.wikidata.org/entity/Q408,Австралия,115.065900267465,1972-01-01T00:00:00Z,,,51
http://www.wikidata.org/entity/Q953092,Абиску,http://www.wikidata.org/entity/Q34,Швеция,7720.55,1909-05-24T00:00:00Z,,,512
http://www.wikidata.org/entity/Q944542,Монга,http://www.wikidata.org/entity/Q408,Австралия,269.89482421875,2010-01-01T00:00:00Z,,,
http://www.wikidata.org/entity/Q936482,Murray - Sunset National Park,http://www.wikidata.org/entity/Q408,Австралия,665400,1991-01-01T00:00:00Z,,,
http://www.wikidata.org/entity/Q932535,Watagans National Park,http://www.wikidata.org/entity/Q408,Австралия,7751,2007-01-01T00:00:00Z,,,
http://www.wikidata.org/entity/Q935435,Национальный парк Лаука,http://www.wikidata.org/entity/Q298,Чили,137883,1970-01-01T00:00:00Z,http://www.wikidata.org/entity/Q255010,Паринакота,
http://www.wikidata.org/entity/Q934161,Cania Gorge National Park,http://www.wikidata.org/entity/Q408,Австралия,29.2426928710938,1977-01-01T00:00:00Z,,,482
http://www.wikidata.org/entity/Q932964,Национальный парк Янчеп,http://www.wikidata.org/entity/Q408,Австралия,28.5970043945313,1957-01-01T00:00:00Z,,,
http://www.wikidata.org/entity/Q951837,Татра (национальный парк),http://www.wikidata.org/entity/Q408,Австралия,43,1971-01-01T00:00:00Z,,,238
http://www.wikidata.org/entity/Q945780,Сарек,http://www.wikidata.org/entity/Q34,Швеция,4790.006,1909-06-21T00:00:00Z,,,
http://www.wikidata.org/entity/Q936482,Murray - Sunset National Park,http://www.wikidata.org/entity/Q408,Австралия,665400,2011-01-01T00:00:00Z,,,
http://www.wikidata.org/entity/Q946244,São Joaquim National Park,http://www.wikidata.org/entity/Q155,Бразилия,493,1961-01-01T00:00:00Z,,,
http://www.wikidata.org/entity/Q944329,Маунт-Рейнир,http://www.wikidata.org/entity/Q30,США,953.5,1899-03-02T00:00:00Z,http://www.wikidata.org/entity/Q194057,Рейнир,
http://www.wikidata.org/entity/Q946244,São Joaquim National Park,http://www.wikidata.org/entity/Q155,Бразилия,49672,1961-01-01T00:00:00Z,,,
http://www.wikidata.org/entity/Q932964,Национальный парк Янчеп,http://www.wikidata.org/entity/Q408,Австралия,28,1957-01-01T00:00:00Z,,,
http://www.wikidata.org/entity/Q932964,Национальный парк Янчеп,http://www.wikidata.org/entity/Q408,Австралия,28.5970043945313,2002-01-01T00:00:00Z,,,
http://www.wikidata.org/entity/Q953092,Абиску,http://www.wikidata.org/entity/Q34,Швеция,954.871,1909-05-24T00:00:00Z,,,512
http://www.wikidata.org/entity/Q955861,Рондане,http://www.wikidata.org/entity/Q20,Норвегия,963.5,1962-01-01T00:00:00Z,,,
http://www.wikidata.org/entity/Q951837,Татра (национальный парк),http://www.wikidata.org/entity/Q408,Австралия,43.2240441894531,1971-01-01T00:00:00Z,,,238
http://www.wikidata.org/entity/Q945780,Сарек,http://www.wikidata.org/entity/Q34,Швеция,1062.155,1909-06-21T00:00:00Z,,,
http://www.wikidata.org/entity/Q953092,Абиску,http://www.wikidata.org/entity/Q34,Швеция,6765.63,1909-05-24T00:00:00Z,,,512
http://www.wikidata.org/entity/Q937596,Andre Felix National Park,http://www.wikidata.org/entity/Q929,Центральноафриканская Республика,1700,1960-01-01T00:00:00Z,,,
http://www.wikidata.org/entity/Q956929,Budderoo National Park,http://www.wikidata.org/entity/Q408,Австралия,0,2001-01-01T00:00:00Z,,,637
http://www.wikidata.org/entity/Q956929,Budderoo National Park,http://www.wikidata.org/entity/Q408,Австралия,60,2001-01-01T00:00:00Z,,,637
http://www.wikidata.org/entity/Q951837,Татра (национальный парк),http://www.wikidata.org/entity/Q408,Австралия,43,1972-01-01T00:00:00Z,,,238
http://www.wikidata.org/entity/Q953920,Weddin Mountains National Park,http://www.wikidata.org/entity/Q408,Австралия,8361,2006-01-01T00:00:00Z,,,318
http://www.wikidata.org/entity/Q932964,Национальный парк Янчеп,http://www.wikidata.org/entity/Q408,Австралия,28,2002-01-01T00:00:00Z,,,
http://www.wikidata.org/entity/Q953920,Weddin Mountains National Park,http://www.wikidata.org/entity/Q408,Австралия,87.183935546875,2006-01-01T00:00:00Z,,,318
http://www.wikidata.org/entity/Q953920,Weddin Mountains National Park,http://www.wikidata.org/entity/Q408,Австралия,8361,1971-01-01T00:00:00Z,,,318
http://www.wikidata.org/entity/Q953920,Weddin Mountains National Park,http://www.wikidata.org/entity/Q408,Австралия,87.183935546875,1971-01-01T00:00:00Z,,,318
http://www.wikidata.org/entity/Q945780,Сарек,http://www.wikidata.org/entity/Q34,Швеция,193675.33,1909-06-21T00:00:00Z,,,
http://www.wikidata.org/entity/Q944803,Garigal National Park,http://www.wikidata.org/entity/Q408,Австралия,0,2004-01-01T00:00:00Z,,,102
http://www.wikidata.org/entity/Q944803,Garigal National Park,http://www.wikidata.org/entity/Q408,Австралия,22,2004-01-01T00:00:00Z,,,102
http://www.wikidata.org/entity/Q932535,Watagans National Park,http://www.wikidata.org/entity/Q408,Австралия,77.9461767578125,1999-01-01T00:00:00Z,,,
http://www.wikidata.org/entity/Q949297,Джим Корбетт,http://www.wikidata.org/entity/Q668,Индия,1288,1936-01-01T00:00:00Z,,,
http://www.wikidata.org/entity/Q944803,Garigal National Park,http://www.wikidata.org/entity/Q408,Австралия,0,1991-01-01T00:00:00Z,,,102
http://www.wikidata.org/entity/Q944803,Garigal National Park,http://www.wikidata.org/entity/Q408,Австралия,22,1991-01-01T00:00:00Z,,,102
http://www.wikidata.org/entity/Q938754,Ferntree Creek National Park,http://www.wikidata.org/entity/Q408,Австралия,0.717004623413086,1947-01-01T00:00:00Z,,,78
http://www.wikidata.org/entity/Q944542,Монга,http://www.wikidata.org/entity/Q408,Австралия,25144,2001-01-01T00:00:00Z,,,
http://www.wikidata.org/entity/Q932535,Watagans National Park,http://www.wikidata.org/entity/Q408,Австралия,77.9461767578125,2007-01-01T00:00:00Z,,,
http://www.wikidata.org/entity/Q945780,Сарек,http://www.wikidata.org/entity/Q34,Швеция,198465.57,1909-06-21T00:00:00Z,,,
http://www.wikidata.org/entity/Q951837,Татра (национальный парк),http://www.wikidata.org/entity/Q408,Австралия,43.2240441894531,1972-01-01T00:00:00Z,,,238
http://www.wikidata.org/entity/Q944542,Монга,http://www.wikidata.org/entity/Q408,Австралия,25144,2010-01-01T00:00:00Z,,,
http://www.wikidata.org/entity/Q921508,Finke Gorge National Park,http://www.wikidata.org/entity/Q408,Австралия,358.161280713081,1966-01-01T00:00:00Z,,,644
http://www.wikidata.org/entity/Q918615,Дайамантина (национальный парк),http://www.wikidata.org/entity/Q408,Австралия,5070,1993-01-01T00:00:00Z,,,123
http://www.wikidata.org/entity/Q906973,Murramarang National Park,http://www.wikidata.org/entity/Q408,Австралия,22,1973-01-01T00:00:00Z,,,47
http://www.wikidata.org/entity/Q918062,Drysdale River National Park,http://www.wikidata.org/entity/Q408,Австралия,4476.733125,1974-09-27T00:00:00Z,,,249
http://www.wikidata.org/entity/Q902778,Уотертон-Лейкс,http://www.wikidata.org/entity/Q16,Канада,505,1895-05-20T00:00:00Z,http://www.wikidata.org/entity/Q3321701,Mount Blakiston,
http://www.wikidata.org/entity/Q921508,Finke Gorge National Park,http://www.wikidata.org/entity/Q408,Австралия,94.7771796703339,1966-01-01T00:00:00Z,,,644
http://www.wikidata.org/entity/Q903323,Кутеней,http://www.wikidata.org/entity/Q16,Канада,1406.4,1920-01-01T00:00:00Z,http://www.wikidata.org/entity/Q5254807,Deltaform Mountain,
http://www.wikidata.org/entity/Q918256,Witjira National Park,http://www.wikidata.org/entity/Q408,Австралия,7.7,1985-01-01T00:00:00Z,,,105
http://www.wikidata.org/entity/Q897623,Фертё-Ханшаг,http://www.wikidata.org/entity/Q28,Венгрия,237.44,1991-01-01T00:00:00Z,,,
http://www.wikidata.org/entity/Q894991,Bouddi National Park,http://www.wikidata.org/entity/Q408,Австралия,1532,1967-10-01T00:00:00Z,,,63
http://www.wikidata.org/entity/Q894672,Kamay Botany Bay National Park,http://www.wikidata.org/entity/Q408,Австралия,4.99973114013672,1984-01-01T00:00:00Z,,,28
http://www.wikidata.org/entity/Q928618,Brook Islands National Park,http://www.wikidata.org/entity/Q408,Австралия,639,1994-01-01T00:00:00Z,,,40
http://www.wikidata.org/entity/Q928618,Brook Islands National Park,http://www.wikidata.org/entity/Q408,Австралия,0.587471694946289,1994-01-01T00:00:00Z,,,40
http://www.wikidata.org/entity/Q895450,Bowling Green Bay National Park,http://www.wikidata.org/entity/Q408,Австралия,576.9690234375,1977-01-01T00:00:00Z,,,4
http://www.wikidata.org/entity/Q917653,Brisbane Water National Park,http://www.wikidata.org/entity/Q408,Австралия,120,1967-10-01T00:00:00Z,,,110
http://www.wikidata.org/entity/Q894983,Букль-де-Бауле,http://www.wikidata.org/entity/Q912,Мали,3330,1982-01-01T00:00:00Z,,,
http://www.wikidata.org/entity/Q924315,Culgoa National Park,http://www.wikidata.org/entity/Q408,Австралия,378.5869921875,1996-01-01T00:00:00Z,,,136
http://www.wikidata.org/entity/Q921508,Finke Gorge National Park,http://www.wikidata.org/entity/Q408,Австралия,358.161280713081,2010-01-01T00:00:00Z,,,644
http://www.wikidata.org/entity/Q917644,Брисбен-Рэнджес,http://www.wikidata.org/entity/Q408,Австралия,8885,1977-01-01T00:00:00Z,,,244
http://www.wikidata.org/entity/Q917801,Geikie Gorge National Park,http://www.wikidata.org/entity/Q408,Австралия,27.4781103515625,1967-01-01T00:00:00Z,,,124
http://www.wikidata.org/entity/Q930677,Freycinet National Park,http://www.wikidata.org/entity/Q408,Австралия,168,2008-01-01T00:00:00Z,,,207
http://www.wikidata.org/entity/Q918064,William Bay National Park,http://www.wikidata.org/entity/Q408,Австралия,17,1981-01-01T00:00:00Z,,,4
http://www.wikidata.org/entity/Q918064,William Bay National Park,http://www.wikidata.org/entity/Q408,Австралия,0.295355739593506,1971-01-01T00:00:00Z,,,4
http://www.wikidata.org/entity/Q901646,Торрес дель Пайне,http://www.wikidata.org/entity/Q298,Чили,181414,1959-05-13T00:00:00Z,,,579
http://www.wikidata.org/entity/Q923213,Quezon Protected Landscape,http://www.wikidata.org/entity/Q928,Филиппины,9.83,1934-10-25T00:00:00Z,,,
http://www.wikidata.org/entity/Q922898,Кишкуншаг,http://www.wikidata.org/entity/Q28,Венгрия,50523,1975-01-01T00:00:00Z,,,
http://www.wikidata.org/entity/Q930677,Freycinet National Park,http://www.wikidata.org/entity/Q408,Австралия,168.638716394224,1916-01-01T00:00:00Z,,,207
http://www.wikidata.org/entity/Q921508,Finke Gorge National Park,http://www.wikidata.org/entity/Q408,Австралия,94.7771796703339,2010-01-01T00:00:00Z,,,644
http://www.wikidata.org/entity/Q921864,Broad Sound Islands National Park,http://www.wikidata.org/entity/Q408,Австралия,276,2000-01-01T00:00:00Z,,,59
http://www.wikidata.org/entity/Q906973,Murramarang National Park,http://www.wikidata.org/entity/Q408,Австралия,22,2018-01-01T00:00:00Z,,,47
http://www.wikidata.org/entity/Q917644,Брисбен-Рэнджес,http://www.wikidata.org/entity/Q408,Австралия,8885,1973-01-01T00:00:00Z,,,244
http://www.wikidata.org/entity/Q918062,Drysdale River National Park,http://www.wikidata.org/entity/Q408,Австралия,4.483,1974-09-27T00:00:00Z,,,249
http://www.wikidata.org/entity/Q922736,Niumi National Park,http://www.wikidata.org/entity/Q1005,Гамбия,4940,1987-01-01T00:00:00Z,,,
http://www.wikidata.org/entity/Q918064,William Bay National Park,http://www.wikidata.org/entity/Q408,Австралия,17.1604455566406,1987-01-01T00:00:00Z,,,4
http://www.wikidata.org/entity/Q918256,Witjira National Park,http://www.wikidata.org/entity/Q408,Австралия,7680.955,1985-01-01T00:00:00Z,,,105
http://www.wikidata.org/entity/Q921508,Finke Gorge National Park,http://www.wikidata.org/entity/Q408,Австралия,45843,1966-01-01T00:00:00Z,,,644
http://www.wikidata.org/entity/Q921508,Finke Gorge National Park,http://www.wikidata.org/entity/Q408,Австралия,358.161280713081,2011-01-01T00:00:00Z,,,644
http://www.wikidata.org/entity/Q894991,Bouddi National Park,http://www.wikidata.org/entity/Q408,Австралия,16.1774096679687,2006-01-01T00:00:00Z,,,63
http://www.wikidata.org/entity/Q922823,Broadwater National Park,http://www.wikidata.org/entity/Q408,Австралия,4225,2012-01-01T00:00:00Z,,,11
http://www.wikidata.org/entity/Q895450,Bowling Green Bay National Park,http://www.wikidata.org/entity/Q408,Австралия,58128,2010-01-01T00:00:00Z,,,4
http://www.wikidata.org/entity/Q918211,Mbam Djerem National Park,http://www.wikidata.org/entity/Q1009,Камерун,4165,2000-01-01T00:00:00Z,,,
http://www.wikidata.org/entity/Q925214,Тасман,http://www.wikidata.org/entity/Q408,Австралия,109.066131114298,1999-04-30T00:00:00Z,,,213
http://www.wikidata.org/entity/Q921508,Finke Gorge National Park,http://www.wikidata.org/entity/Q408,Австралия,94.7771796703339,2011-01-01T00:00:00Z,,,644
http://www.wikidata.org/entity/Q922823,Broadwater National Park,http://www.wikidata.org/entity/Q408,Австралия,40.9881396484375,2012-01-01T00:00:00Z,,,11
http://www.wikidata.org/entity/Q918064,William Bay National Park,http://www.wikidata.org/entity/Q408,Австралия,0.295355739593506,1981-01-01T00:00:00Z,,,4
http://www.wikidata.org/entity/Q909755,Десембарко-дель-Гранма,http://www.wikidata.org/entity/Q241,Куба,326,1985-01-01T00:00:00Z,,,
http://www.wikidata.org/entity/Q918615,Дайамантина (национальный парк),http://www.wikidata.org/entity/Q408,Австралия,5112.338125,1993-01-01T00:00:00Z,,,123
