parkLabel,countryLabel,areaKm2,inception,highestPointLabel,unescoStatusLabel
Cotubanamá National Park,Доминиканская Республика,7.964,,,Объект из предварительного списка Всемирного наследия
Кейп-Рейндж,Австралия,6.9488,1965-01-01T00:00:00Z,,
Кейп-Рейндж,Австралия,6.9488,1972-01-01T00:00:00Z,,
Янгуди (национальный парк),Эфиопия,47.31,1999-01-01T00:00:00Z,,
Северный Велебит,Хорватия,203551.12,1981-01-01T00:00:00Z,,site of community importance
Северный Велебит,Хорватия,1.09,1981-01-01T00:00:00Z,,site of community importance
Северный Велебит,Хорватия,203551.12,1999-06-17T00:00:00Z,,site of community importance
Северный Велебит,Хорватия,1.09,1999-06-17T00:00:00Z,,site of community importance
Toro Toro National Park,Боливия,1.65,1989-07-26T00:00:00Z,,
Wild Cattle Island National Park,Австралия,0.0532083618164063,1992-01-01T00:00:00Z,,
Wild Cattle Island National Park,Австралия,0.58,1992-01-01T00:00:00Z,,
Wild Cattle Island National Park,Австралия,0.0532083618164063,1994-01-01T00:00:00Z,,
Wild Cattle Island National Park,Австралия,0.58,1994-01-01T00:00:00Z,,
Гёйгёль,Азербайджан,1.2755,2008-01-01T00:00:00Z,,
Гонарежу,Зимбабве,50.53,1975-01-01T00:00:00Z,,
Туктут-Ногаит,Канада,181.81,1998-01-01T00:00:00Z,,
Garig Gunak Barlu National Park,Австралия,22.6004209742308,1981-01-01T00:00:00Z,,
Garig Gunak Barlu National Park,Австралия,0.02207,1981-01-01T00:00:00Z,,
Garig Gunak Barlu National Park,Австралия,22.6004209742308,2000-01-01T00:00:00Z,,
Garig Gunak Barlu National Park,Австралия,0.02207,2000-01-01T00:00:00Z,,
Тортугеро,Коста-Рика,3.12,1975-01-01T00:00:00Z,,
Гейтс-оф-те-Арктик,США,342.87,1980-01-01T00:00:00Z,Mount Igikpak,
Долина Цветов,Индия,71.783,,,всемирное наследие
Villarrica National Park,Чили,53460,1940-11-28T00:00:00Z,Ланин,
Villarrica National Park,Чили,6.3,1940-11-28T00:00:00Z,Ланин,
Лейк-Маньяра,Танзания,6.44,1960-01-01T00:00:00Z,,
Полонины,Словакия,1.0973,1997-10-01T00:00:00Z,,
Полонины,Словакия,30749.806,1997-10-01T00:00:00Z,,
Полонины,Словакия,2.9805,1997-10-01T00:00:00Z,,
Yarriabini National Park,Австралия,0.218148608398437,2003-01-01T00:00:00Z,,
Yarriabini National Park,Австралия,21.83,2003-01-01T00:00:00Z,,
Yarriabini National Park,Австралия,0.218148608398437,2010-01-01T00:00:00Z,,
Yarriabini National Park,Австралия,21.83,2010-01-01T00:00:00Z,,
Катмай,США,165.64,1980-01-01T00:00:00Z,Григгс,
Чако,Аргентина,0.14981,1954-10-22T00:00:00Z,,
Тайяталь,Австрия,1330,1999-01-01T00:00:00Z,,
Тайяталь,Австрия,1325.69857,1999-01-01T00:00:00Z,,
Тайяталь,Австрия,1330,2000-01-01T00:00:00Z,,
Тайяталь,Австрия,1325.69857,2000-01-01T00:00:00Z,,
Банде-Амир,Афганистан,5.9,2009-01-01T00:00:00Z,,Объект из предварительного списка Всемирного наследия
Walyunga National Park,Австралия,0.18,1970-01-01T00:00:00Z,,
Walyunga National Park,Австралия,0.181365856933594,1970-01-01T00:00:00Z,,
Walyunga National Park,Австралия,0.18,1985-01-01T00:00:00Z,,
Walyunga National Park,Австралия,0.181365856933594,1985-01-01T00:00:00Z,,
Апарадус-да-Серра (национальный парк),Бразилия,1.025,1959-01-01T00:00:00Z,,
Апарадус-да-Серра (национальный парк),Бразилия,13148,1959-01-01T00:00:00Z,,
Serra do Itajaí National Park,Бразилия,5.7374,2004-06-04T00:00:00Z,,
Serra do Itajaí National Park,Бразилия,56918,2004-06-04T00:00:00Z,,
Arakwal National Park,Австралия,0.0199408660888672,2001-01-01T00:00:00Z,,
Arakwal National Park,Австралия,0.0199,2001-01-01T00:00:00Z,,
Arakwal National Park,Австралия,0.0199408660888672,2009-01-01T00:00:00Z,,
Arakwal National Park,Австралия,0.0199,2009-01-01T00:00:00Z,,
West Hill National Park,Австралия,0.10659267578125,1971-01-01T00:00:00Z,,
West Hill National Park,Австралия,1.08,1971-01-01T00:00:00Z,,
West Hill National Park,Австралия,0.10659267578125,2003-01-01T00:00:00Z,,
West Hill National Park,Австралия,1.08,2003-01-01T00:00:00Z,,
Морн-Труа-Питон,Доминика,6857,1975-01-01T00:00:00Z,,всемирное наследие
Рисняк,Хорватия,6340.29,1953-01-01T00:00:00Z,,
Рисняк,Хорватия,6340.29,1959-01-01T00:00:00Z,,
Ubajara National Park,Бразилия,0.63,1959-01-01T00:00:00Z,,
Ubajara National Park,Бразилия,6269,1959-01-01T00:00:00Z,,
Puyehue National Park,Чили,106757.09,1941-01-01T00:00:00Z,,
Vesuvius National Park,Италия,0.726,1991-06-05T00:00:00Z,Везувий,
Vesuvius National Park,Италия,7259,1991-06-05T00:00:00Z,Везувий,
Сент-Лоуренс-Айлендс,Канада,0.235,1904-01-01T00:00:00Z,,
Маунт-Ричмонд,Австралия,0.173781970214844,1960-01-01T00:00:00Z,,
Маунт-Ричмонд,Австралия,17.33,1960-01-01T00:00:00Z,,
Маунт-Ричмонд,Австралия,1733,1960-01-01T00:00:00Z,,
Маунт-Ричмонд,Австралия,0.173781970214844,1987-01-01T00:00:00Z,,
Маунт-Ричмонд,Австралия,17.33,1987-01-01T00:00:00Z,,
Маунт-Ричмонд,Австралия,1733,1987-01-01T00:00:00Z,,
Юрё,Швеция,226.66,1991-02-07T00:00:00Z,,
Юрё,Швеция,2007.162,1991-02-07T00:00:00Z,,
Юрё,Швеция,316.11,1991-02-07T00:00:00Z,,
Юрё,Швеция,2323.29,1991-02-07T00:00:00Z,,
Гай-Фокс-Ривер (национальный парк),Австралия,10.82349453125,1972-01-01T00:00:00Z,,
Гай-Фокс-Ривер (национальный парк),Австралия,0.0105937,1972-01-01T00:00:00Z,,
Гай-Фокс-Ривер (национальный парк),Австралия,10.82349453125,2010-01-01T00:00:00Z,,
Гай-Фокс-Ривер (национальный парк),Австралия,0.0105937,2010-01-01T00:00:00Z,,
Национальный парк Аревик,Армения,3.44,2009-01-01T00:00:00Z,,
Национальный парк «Остров Хинчинбрук»,Австралия,3.976928125,1932-01-01T00:00:00Z,,
Национальный парк «Остров Хинчинбрук»,Австралия,4.04,1932-01-01T00:00:00Z,,
Национальный парк «Остров Хинчинбрук»,Австралия,3.976928125,2000-01-01T00:00:00Z,,
Национальный парк «Остров Хинчинбрук»,Австралия,4.04,2000-01-01T00:00:00Z,,
Blackwood National Park,Австралия,0.164733251953125,1991-01-01T00:00:00Z,,
Blackwood National Park,Австралия,16.48,1991-01-01T00:00:00Z,,
Blackwood National Park,Австралия,0.164733251953125,1994-01-01T00:00:00Z,,
Blackwood National Park,Австралия,16.48,1994-01-01T00:00:00Z,,
Woomargama National Park,Австралия,241.85,2001-01-01T00:00:00Z,,
Woomargama National Park,Австралия,2.421934765625,2001-01-01T00:00:00Z,,
Woomargama National Park,Австралия,241.85,2015-01-01T00:00:00Z,,
Woomargama National Park,Австралия,2.421934765625,2015-01-01T00:00:00Z,,
Lomsdal–Visten National Park,Норвегия,110179.92893,2009-01-01T00:00:00Z,,
Lomsdal–Visten National Park,Норвегия,11.02,2009-01-01T00:00:00Z,,
Mũi Cà Mau National Park,Вьетнам,4.1862,2003-01-01T00:00:00Z,,Рамсарское угодье
Капитол-Риф,США,9.7895,1937-08-02T00:00:00Z,,International Dark Sky Park
Deogyusan National Park,Республика Корея,2.3165,1975-01-01T00:00:00Z,,
Уда-Валаве (национальный парк),Шри-Ланка,0.30821,1972-01-01T00:00:00Z,,
Уоррен (национальный парк),Австралия,0.137190295410156,1977-01-01T00:00:00Z,,
Уоррен (национальный парк),Австралия,0.31,1977-01-01T00:00:00Z,,
Уоррен (национальный парк),Австралия,0.161865698242188,1977-01-01T00:00:00Z,,
Уоррен (национальный парк),Австралия,0.137190295410156,1990-01-01T00:00:00Z,,
Уоррен (национальный парк),Австралия,0.31,1990-01-01T00:00:00Z,,
Уоррен (национальный парк),Австралия,0.161865698242188,1990-01-01T00:00:00Z,,
Lochern National Park,Австралия,248.62,1994-01-01T00:00:00Z,,
Lochern National Park,Австралия,2.478872265625,1994-01-01T00:00:00Z,,
Lochern National Park,Австралия,248.62,2017-01-01T00:00:00Z,,
Lochern National Park,Австралия,2.478872265625,2017-01-01T00:00:00Z,,
Magnetic Island National Park,Австралия,0.39360751953125,1954-01-01T00:00:00Z,Mount Cook,
Magnetic Island National Park,Австралия,2.79,1954-01-01T00:00:00Z,Mount Cook,
Magnetic Island National Park,Австралия,0.39360751953125,2018-01-01T00:00:00Z,Mount Cook,
Magnetic Island National Park,Австралия,2.79,2018-01-01T00:00:00Z,Mount Cook,
Мазеппа,Австралия,0.41256220703125,1972-01-01T00:00:00Z,,
Мазеппа,Австралия,4.13,1972-01-01T00:00:00Z,,
Мазеппа,Австралия,0.41256220703125,2001-01-01T00:00:00Z,,
Мазеппа,Австралия,4.13,2001-01-01T00:00:00Z,,
Lindeman Islands National Park,Австралия,0.28063544921875,1941-01-01T00:00:00Z,,
Lindeman Islands National Park,Австралия,2.89,1941-01-01T00:00:00Z,,
Lindeman Islands National Park,Австралия,0.28063544921875,1998-01-01T00:00:00Z,,
Lindeman Islands National Park,Австралия,2.89,1998-01-01T00:00:00Z,,
Mariala National Park,Австралия,2.73,1992-01-01T00:00:00Z,,
Mariala National Park,Австралия,2.7043619140625,1992-01-01T00:00:00Z,,
Mariala National Park,Австралия,2.73,1994-01-01T00:00:00Z,,
Mariala National Park,Австралия,2.7043619140625,1994-01-01T00:00:00Z,,
Littabella National Park,Австралия,0.838,1980-01-01T00:00:00Z,,
Littabella National Park,Австралия,0.83827294921875,1980-01-01T00:00:00Z,,
Littabella National Park,Австралия,0.838,2009-01-01T00:00:00Z,,
Littabella National Park,Австралия,0.83827294921875,2009-01-01T00:00:00Z,,
Гленвех,Ирландия,16.05,1984-01-01T00:00:00Z,Errigal,
Форе дю Дэй,Джибути,0.14,1939-01-01T00:00:00Z,,Объект из предварительного списка Всемирного наследия
Вангануи,Новая Зеландия,7.42,1986-01-01T00:00:00Z,,
Fazao Mafakassa National Park,Того,6.9,1975-01-01T00:00:00Z,,Объект из предварительного списка Всемирного наследия
Woolooma National Park,Австралия,0.0496546844482422,2005-01-01T00:00:00Z,,
Woolooma National Park,Австралия,4.95,2005-01-01T00:00:00Z,,
Woolooma National Park,Австралия,0.0496546844482422,2005-12-23T00:00:00Z,,
Woolooma National Park,Австралия,4.95,2005-12-23T00:00:00Z,,
Секвойя,США,16.35,1890-09-25T00:00:00Z,Уитни,
Торнгат-Маунтинс,Канада,97,2005-12-01T00:00:00Z,Mount Caubvick,
Кайахога-Валли,США,1.333,2000-10-11T00:00:00Z,,
Cunnawarra National Park,Австралия,1.62313017578125,1999-01-01T00:00:00Z,,
Cunnawarra National Park,Австралия,1.62313017578125,2003-01-01T00:00:00Z,,
Йеллоустонский национальный парк,США,898349,1872-03-01T00:00:00Z,Eagle Peak,всемирное наследие
Йеллоустонский национальный парк,США,898317,1872-03-01T00:00:00Z,Eagle Peak,всемирное наследие
Йеллоустонский национальный парк,США,89.831743,1872-03-01T00:00:00Z,Eagle Peak,всемирное наследие
Йеллоустонский национальный парк,США,2219791,1872-03-01T00:00:00Z,Eagle Peak,всемирное наследие
Чиллаго-Мунгана Кейвс,Австралия,0.03575,1995-01-01T00:00:00Z,,
Чиллаго-Мунгана Кейвс,Австралия,0.348290991210937,1995-01-01T00:00:00Z,,
Чиллаго-Мунгана Кейвс,Австралия,0.03575,2008-01-01T00:00:00Z,,
Чиллаго-Мунгана Кейвс,Австралия,0.348290991210937,2008-01-01T00:00:00Z,,
Цзючжайгоу,Китай,72000,1978-01-01T00:00:00Z,,всемирное наследие
Grey Peaks National Park,Австралия,10.83,1971-01-01T00:00:00Z,,
Grey Peaks National Park,Австралия,0.334796508789062,1971-01-01T00:00:00Z,,
Grey Peaks National Park,Австралия,10.83,2015-01-01T00:00:00Z,,
Grey Peaks National Park,Австралия,0.334796508789062,2015-01-01T00:00:00Z,,
Halifax Bay Wetlands National Park,Австралия,17.98,1994-01-01T00:00:00Z,,
Halifax Bay Wetlands National Park,Австралия,0.180720080566406,1994-01-01T00:00:00Z,,
Halifax Bay Wetlands National Park,Австралия,17.98,2010-01-01T00:00:00Z,,
Halifax Bay Wetlands National Park,Австралия,0.180720080566406,2010-01-01T00:00:00Z,,
Hasties Swamp National Park,Австралия,5.66,1980-01-01T00:00:00Z,,
Hasties Swamp National Park,Австралия,0.00553630180358887,1980-01-01T00:00:00Z,,
Hasties Swamp National Park,Австралия,5.66,1994-01-01T00:00:00Z,,
Hasties Swamp National Park,Австралия,0.00553630180358887,1994-01-01T00:00:00Z,,
Национальный парк Ала-Арча,Кыргызстан,1.94,1976-04-29T00:00:00Z,Пик Семёнова-Тян-Шанского,
Банф,Канада,66.41,1885-11-25T00:00:00Z,Ассинибойн,часть объекта всемирного наследия
Los Haitises National Park,Доминиканская Республика,6.3168,1976-01-01T00:00:00Z,,
Hann Tableland National Park,Австралия,1.07978583984375,1989-01-01T00:00:00Z,,
Hann Tableland National Park,Австралия,10.82,1989-01-01T00:00:00Z,,
Hann Tableland National Park,Австралия,1.07978583984375,2004-01-01T00:00:00Z,,
Hann Tableland National Park,Австралия,10.82,2004-01-01T00:00:00Z,,
Национальный парк имени Александра Гумбольдта,Куба,71140,2001-02-02T00:00:00Z,,всемирное наследие
Национальный парк имени Александра Гумбольдта,Куба,70.68,2001-02-02T00:00:00Z,,всемирное наследие
Пики Европы (национальный парк),Испания,66104.90139,1918-07-24T00:00:00Z,,
Пики Европы (национальный парк),Испания,67127,1918-07-24T00:00:00Z,,
Дарьен,Панама,59.7,1980-01-01T00:00:00Z,,всемирное наследие
Дарьен,Панама,579000,1980-01-01T00:00:00Z,,всемирное наследие
Fort Lytton National Park,Австралия,1.26,1990-01-01T00:00:00Z,,
Fort Lytton National Park,Австралия,0.00128492441177368,1990-01-01T00:00:00Z,,
Fort Lytton National Park,Австралия,1.26,1996-01-01T00:00:00Z,,
Fort Lytton National Park,Австралия,0.00128492441177368,1996-01-01T00:00:00Z,,
Лувин-Натуралисте,Австралия,1.56,1957-01-01T00:00:00Z,,
Лувин-Натуралисте,Австралия,0.0107619567871094,1957-01-01T00:00:00Z,,
Лувин-Натуралисте,Австралия,2.14877578125,1957-01-01T00:00:00Z,,
Лувин-Натуралисте,Австралия,0.0000565802901983261,1957-01-01T00:00:00Z,,
Лувин-Натуралисте,Австралия,1.56,1979-01-01T00:00:00Z,,
Лувин-Натуралисте,Австралия,0.0107619567871094,1979-01-01T00:00:00Z,,
Лувин-Натуралисте,Австралия,2.14877578125,1979-01-01T00:00:00Z,,
Лувин-Натуралисте,Австралия,0.0000565802901983261,1979-01-01T00:00:00Z,,
Лувин-Натуралисте,Австралия,1.56,1991-01-01T00:00:00Z,,
Лувин-Натуралисте,Австралия,0.0107619567871094,1991-01-01T00:00:00Z,,
Лувин-Натуралисте,Австралия,2.14877578125,1991-01-01T00:00:00Z,,
Лувин-Натуралисте,Австралия,0.0000565802901983261,1991-01-01T00:00:00Z,,
Лувин-Натуралисте,Австралия,1.56,2000-01-01T00:00:00Z,,
Лувин-Натуралисте,Австралия,0.0107619567871094,2000-01-01T00:00:00Z,,
Лувин-Натуралисте,Австралия,2.14877578125,2000-01-01T00:00:00Z,,
Лувин-Натуралисте,Австралия,0.0000565802901983261,2000-01-01T00:00:00Z,,
Симлипал,Индия,27.5,1980-01-01T00:00:00Z,,
Гунунг Мулу,Малайзия,528.64,1974-01-01T00:00:00Z,,всемирное наследие
Гунунг Мулу,Малайзия,528.64,1974-01-01T00:00:00Z,,national natural historic site of Malaysia
Sorkheh Hesar National Park,Иран,9168,,,
Sorkheh Hesar National Park,Иран,8694,,,
Грейт-Отуэй,Австралия,110555,2005-12-11T00:00:00Z,,
Грейт-Отуэй,Австралия,11.04161953125,2005-12-11T00:00:00Z,,
Грейт-Отуэй,Австралия,103185,2005-12-11T00:00:00Z,,
Грейт-Отуэй,Австралия,110555,2017-01-01T00:00:00Z,,
Грейт-Отуэй,Австралия,11.04161953125,2017-01-01T00:00:00Z,,
Грейт-Отуэй,Австралия,103185,2017-01-01T00:00:00Z,,
Сакликент,Турция,12390,1996-01-01T00:00:00Z,,
Уэст-Кейп-Хоуи,Австралия,0.35,1985-01-01T00:00:00Z,,
Уэст-Кейп-Хоуи,Австралия,0.36712490234375,1985-01-01T00:00:00Z,,
Уэст-Кейп-Хоуи,Австралия,0.35,1987-01-01T00:00:00Z,,
Уэст-Кейп-Хоуи,Австралия,0.36712490234375,1987-01-01T00:00:00Z,,
Олимп,Греция,19139.59,1938-01-01T00:00:00Z,Митикас,Специальная область сохранения
Олимп,Греция,19139.59,1938-01-01T00:00:00Z,Митикас,особая природоохранная зона ЕС по защите птиц
Semenic-Cheile Carașului National Park,Румыния,36089.53581,1990-01-01T00:00:00Z,,
Semenic-Cheile Carașului National Park,Румыния,3.6214,1990-01-01T00:00:00Z,,
Semenic-Cheile Carașului National Park,Румыния,36089.53581,2000-01-01T00:00:00Z,,
Semenic-Cheile Carașului National Park,Румыния,3.6214,2000-01-01T00:00:00Z,,
Швейцарский национальный парк,Швейцария,1.723,1914-01-01T00:00:00Z,,
Швейцарский национальный парк,Швейцария,17032.75,1914-01-01T00:00:00Z,,
Швейцарский национальный парк,Швейцария,17032.72868,1914-01-01T00:00:00Z,,
Те Уревера,Новая Зеландия,21.27,1954-01-01T00:00:00Z,,
Галапагос (национальный парк),Эквадор,7665100,1959-01-01T00:00:00Z,,
Manuel Antonio National Park,Коста-Рика,6.82,1972-01-01T00:00:00Z,,
Королевский национальный парк,Австралия,0.0015,1879-01-01T00:00:00Z,,listed on the Australian National Heritage List
Королевский национальный парк,Австралия,1.53240771484375,1879-01-01T00:00:00Z,,listed on the Australian National Heritage List
Королевский национальный парк,Австралия,0.0015,2016-01-01T00:00:00Z,,listed on the Australian National Heritage List
Королевский национальный парк,Австралия,1.53240771484375,2016-01-01T00:00:00Z,,listed on the Australian National Heritage List
Gorongosa National Park,Мозамбик,40,1960-07-23T00:00:00Z,,
Стерлинг-Рейндж,Австралия,11.5662,1913-01-01T00:00:00Z,,listed on the Australian National Heritage List
Стерлинг-Рейндж,Австралия,11.5662,1994-01-01T00:00:00Z,,listed on the Australian National Heritage List
Стерлинг-Рейндж,Австралия,11.5662,2011-01-01T00:00:00Z,,listed on the Australian National Heritage List
Национальный парк Акагера,Руанда,11,1934-01-01T00:00:00Z,,ключевые орнитологические территории
Cabañeros National Park,Испания,4.09,1995-01-01T00:00:00Z,,
Cabañeros National Park,Испания,40875.11478,1995-01-01T00:00:00Z,,
Бьёрнландет,Швеция,35.41,1991-02-07T00:00:00Z,,
Бьёрнландет,Швеция,2333.25,1991-02-07T00:00:00Z,,
Бьёрнландет,Швеция,2371.19,1991-02-07T00:00:00Z,,
Бьёрнландет,Швеция,2050.691,1991-02-07T00:00:00Z,,
Jardine River National Park,Австралия,23.7,1994-01-01T00:00:00Z,,
Jardine River National Park,Австралия,23.45883125,1994-01-01T00:00:00Z,,
Jardine River National Park,Австралия,23.7,2017-01-01T00:00:00Z,,
Таджикский национальный парк,Таджикистан,2611674,1992-01-01T00:00:00Z,,всемирное наследие
Cozia National Park,Румыния,1.6721,1990-01-01T00:00:00Z,,
Cozia National Park,Румыния,16731.80876,1990-01-01T00:00:00Z,,
Cozia National Park,Румыния,1.6721,2000-01-01T00:00:00Z,,
Cozia National Park,Румыния,16731.80876,2000-01-01T00:00:00Z,,
Călimani National Park,Румыния,0.24041,1990-01-01T00:00:00Z,,
Călimani National Park,Румыния,24442.89069,1990-01-01T00:00:00Z,,
Defileul Jiului National Park,Румыния,1.3759,2005-01-01T00:00:00Z,,
Defileul Jiului National Park,Румыния,10978.82039,2005-01-01T00:00:00Z,,
Defileul Jiului National Park,Румыния,1.3759,2006-01-01T00:00:00Z,,
Defileul Jiului National Park,Румыния,10978.82039,2006-01-01T00:00:00Z,,
National Park Ceahlău,Румыния,7765.30118,1954-01-01T00:00:00Z,,
National Park Ceahlău,Румыния,7765.30118,2000-01-01T00:00:00Z,,
Kibira National Park,Бурунди,4,1933-12-12T00:00:00Z,,
Rusizi National Park,Бурунди,9000,,,
Assagny National Park,Кот-д’Ивуар,1.94,1981-01-01T00:00:00Z,,Рамсарское угодье
Mount Manipur National Park,Индия,46.62,1979-01-01T00:00:00Z,,
Иона,Ангола,152,1964-12-26T00:00:00Z,,
Шивапури-Нагарджун,Непал,61,2002-01-01T00:00:00Z,,
Кангандала,Ангола,6.3,1970-06-25T00:00:00Z,,
Камея (национальный парк),Ангола,14.45,1957-12-11T00:00:00Z,,
Мупа,Ангола,66,1964-12-26T00:00:00Z,,
Бикаури,Ангола,77.72,1964-12-26T00:00:00Z,,
Al Hoceima National Park,Марокко,4.7,1942-01-01T00:00:00Z,,
Кисама,Ангола,99.6,1957-04-11T00:00:00Z,,
Una National Park,Босния и Герцеговина,1.98,2008-01-01T00:00:00Z,,Объект из предварительного списка Всемирного наследия
Пик Неблины,Бразилия,2248635,1979-01-01T00:00:00Z,,Объект из предварительного списка Всемирного наследия
Пик Неблины,Бразилия,222,1979-01-01T00:00:00Z,,Объект из предварительного списка Всемирного наследия
Pantanal Matogrossense National Park,Бразилия,13.56,1981-01-01T00:00:00Z,,Рамсарское угодье
Pantanal Matogrossense National Park,Бразилия,135923,1981-01-01T00:00:00Z,,Рамсарское угодье
Rundle Range National Park,Австралия,0.215434594726562,1993-01-01T00:00:00Z,,
Rundle Range National Park,Австралия,2.17,1993-01-01T00:00:00Z,,
Rundle Range National Park,Австралия,0.215434594726562,1994-01-01T00:00:00Z,,
Rundle Range National Park,Австралия,2.17,1994-01-01T00:00:00Z,,
Yuwi Paree Toolkoon National Park,Австралия,3.41,1998-01-01T00:00:00Z,,
Yuwi Paree Toolkoon National Park,Австралия,0.00440212554931641,1998-01-01T00:00:00Z,,
Yuwi Paree Toolkoon National Park,Австралия,3.41,2010-01-01T00:00:00Z,,
Yuwi Paree Toolkoon National Park,Австралия,0.00440212554931641,2010-01-01T00:00:00Z,,
Southern National Park,Южный Судан,228,1939-01-01T00:00:00Z,,
Шей-Пхоксундо,Непал,35.55,1984-01-01T00:00:00Z,,
Ayubia National Park,Пакистан,0.3312,1984-01-01T00:00:00Z,Miranjani,
Чиррипо,Коста-Рика,5.0124,1975-01-01T00:00:00Z,,
Precipice National Park,Австралия,10.4,1989-01-01T00:00:00Z,,
Precipice National Park,Австралия,1.05344150390625,1989-01-01T00:00:00Z,,
Precipice National Park,Австралия,10.4,1998-01-01T00:00:00Z,,
Precipice National Park,Австралия,1.05344150390625,1998-01-01T00:00:00Z,,
Palmerston Rocks National Park,Австралия,0.000951708507537842,1967-01-01T00:00:00Z,,
Palmerston Rocks National Park,Австралия,9.52,1967-01-01T00:00:00Z,,
Palmerston Rocks National Park,Австралия,0.000951708507537842,1994-01-01T00:00:00Z,,
Palmerston Rocks National Park,Австралия,9.52,1994-01-01T00:00:00Z,,
Old Oyo National Park,Нигерия,0.02512,1999-01-01T00:00:00Z,,
Хенифис (национальный парк),Марокко,18.5,2006-01-01T00:00:00Z,,Объект из предварительного списка Всемирного наследия
Sharjah National Park,Объединённые Арабские Эмираты,630000,1982-01-01T00:00:00Z,,
Национальный парк Тхрумшинг,Бутан,9.05,1998-01-01T00:00:00Z,,
Anamudi Shola National Park,Индия,1126,2003-01-01T00:00:00Z,,часть объекта всемирного наследия
Lawachara National Park,Бангладеш,0.125,1996-01-01T00:00:00Z,,
Wadden Sea National Park,Дания,0.01466,2008-01-01T00:00:00Z,,Рамсарское угодье
Арчипьелаго-Лос-Рокес,Венесуэла,22.112,1972-08-09T00:00:00Z,,Рамсарское угодье
Dzanga-Ndoki National Park,Центральноафриканская Республика,1787950,1990-01-01T00:00:00Z,,часть объекта всемирного наследия
Dzanga-Ndoki National Park,Центральноафриканская Республика,746309,1990-01-01T00:00:00Z,,часть объекта всемирного наследия
Jaua-Sarisariñama National Park,Венесуэла,23.247,1978-12-12T00:00:00Z,,
Mochima National Park,Венесуэла,9.4935,1973-12-19T00:00:00Z,,
Пьятра-Крайулуй,Румыния,1.4733,1938-01-01T00:00:00Z,,
Пьятра-Крайулуй,Румыния,14795.98464,1938-01-01T00:00:00Z,,
Пьятра-Крайулуй,Румыния,1.4733,1990-01-01T00:00:00Z,,
Пьятра-Крайулуй,Румыния,14795.98464,1990-01-01T00:00:00Z,,
Parima-Tapirapecó National Park,Венесуэла,427.488,1991-06-05T00:00:00Z,,
Santos Luzardo National Park,Венесуэла,58.4368,1988-02-24T00:00:00Z,,
Serranía La Neblina National Park,Венесуэла,124.354,1978-12-12T00:00:00Z,,
Ирики,Марокко,1.23,1994-01-01T00:00:00Z,,
Джебель-Шамби (биосферный резерват),Тунис,6723,1980-12-18T00:00:00Z,,
Dghoumes National Park,Тунис,0.8,2010-03-29T00:00:00Z,,
Дурмитор,Черногория,32100,1952-01-01T00:00:00Z,,всемирное наследие
Дурмитор,Черногория,32519,1952-01-01T00:00:00Z,,всемирное наследие
Fulufjellet National Park,Норвегия,8243.72076,2012-04-24T00:00:00Z,,
Fulufjellet National Park,Норвегия,0.825,2012-04-24T00:00:00Z,,
Кайетур,Гайана,6.268,1929-01-01T00:00:00Z,,
Khenifra National Park,Марокко,20.27,2008-01-01T00:00:00Z,,
Таласемтан,Марокко,5.89,2004-01-01T00:00:00Z,,Объект из предварительного списка Всемирного наследия
Serra de Itabaiana National Park,Бразилия,8025,2005-01-01T00:00:00Z,,
Serra de Itabaiana National Park,Бразилия,80.3,2005-01-01T00:00:00Z,,
Forêts National Park,Франция,56612.914,2019-11-06T00:00:00Z,Haut de Baissey,
Forêts National Park,Франция,56612.9124,2019-11-06T00:00:00Z,Haut de Baissey,
Wicklow Mountains National Park,Ирландия,2.0483,1991-01-01T00:00:00Z,,
Бадиар (национальный парк),Гвинея,3.82,1985-01-01T00:00:00Z,,
Saslaya National Park,Никарагуа,1.5,1971-01-01T00:00:00Z,,
Haut Atlas Oriental National Park,Марокко,4.9,,,
Пелистер,Северная Македония,1.715,1948-11-30T00:00:00Z,,
Ainos National Park,Греция,2779.43,1962-01-01T00:00:00Z,,
Ainos National Park,Греция,0.2831,1962-01-01T00:00:00Z,,
Национальный парк Скадарское Озеро,Черногория,4,1983-01-01T00:00:00Z,,
Национальный парк Скадарское Озеро,Черногория,40000,1983-01-01T00:00:00Z,,
Mahatma Gandhi Marine National Park,Индия,0.29043,1983-01-01T00:00:00Z,,
Selva de Florencia National Natural Park,Колумбия,1002012,,,
Abrolhos Marine National Park,Бразилия,87954,1983-01-01T00:00:00Z,,Рамсарское угодье
Uramba Bahía Málaga National Natural Park,Колумбия,47094,,,
La Paya Natural National Park,Колумбия,440125,,,
Macuira National Natural Park,Колумбия,2.5,,,
Sanquianga National Natural Park,Колумбия,80000,,,
Paramillo National Natural Park,Колумбия,46,,,
Taeanhaean National Park,Республика Корея,3.26,1978-01-01T00:00:00Z,,
Taeanhaean National Park,Республика Корея,3.7702,1978-01-01T00:00:00Z,,
Gayasan National Park,Республика Корея,16.76,1972-01-01T00:00:00Z,,
Вёрджин-Айлендс,США,0.596,1956-08-02T00:00:00Z,,
Вёрджин-Айлендс,США,0.596,1976-01-01T00:00:00Z,,
Gyeongju National Park,Республика Корея,137.09,1968-01-01T00:00:00Z,,
Mount William National Park,Австралия,1.8591,1973-01-01T00:00:00Z,,
River Gambia National Park,Гамбия,5.85,1978-01-01T00:00:00Z,,
Juwangsan National Park,Республика Корея,107.42,1976-01-01T00:00:00Z,,
Juwangsan National Park,Республика Корея,1.056,1976-01-01T00:00:00Z,,
Smith Islands National Park,Австралия,0.113512976074219,1994-01-01T00:00:00Z,,
Smith Islands National Park,Австралия,1.19,1994-01-01T00:00:00Z,,
Smith Islands National Park,Австралия,0.113512976074219,1998-01-01T00:00:00Z,,
Smith Islands National Park,Австралия,1.19,1998-01-01T00:00:00Z,,
Southwood National Park,Австралия,7.12,1970-01-01T00:00:00Z,,
Southwood National Park,Австралия,0.711990283203125,1970-01-01T00:00:00Z,,
Southwood National Park,Австралия,7.12,2001-01-01T00:00:00Z,,
Southwood National Park,Австралия,0.711990283203125,2001-01-01T00:00:00Z,,
Национальный парк Комоэ,Кот-д’Ивуар,114.915,1968-01-01T00:00:00Z,,всемирное наследие
Национальный парк Комоэ,Кот-д’Ивуар,1150000,1968-01-01T00:00:00Z,,всемирное наследие
Джаспер,Канада,108.78,1907-09-14T00:00:00Z,Колумбия,парк тёмного неба
Джаспер,Канада,108.78,1907-09-14T00:00:00Z,Колумбия,часть объекта всемирного наследия
Нижнее Замбези (национальный парк),Замбия,40.92,1983-01-01T00:00:00Z,,
Луамбе (национальный парк),Замбия,3.61,,,
Национальный парк Маново-Гоунда-Сен-Флорис,Центральноафриканская Республика,1740000,1979-05-17T00:00:00Z,,всемирное наследие
Национальный парк Маново-Гоунда-Сен-Флорис,Центральноафриканская Республика,174,1979-05-17T00:00:00Z,,всемирное наследие
Горы Сымен,Эфиопия,4.12,1969-01-01T00:00:00Z,Рас-Дашэн,всемирное наследие
Горы Сымен,Эфиопия,13600,1969-01-01T00:00:00Z,Рас-Дашэн,всемирное наследие
Манас,Индия,26,1990-01-01T00:00:00Z,,всемирное наследие
Манас,Индия,39100,1990-01-01T00:00:00Z,,всемирное наследие
Пном Кулен,Камбоджа,3.75,1993-01-01T00:00:00Z,,
Savage River National Park,Австралия,1.7987982421875,1999-01-01T00:00:00Z,,
Savage River National Park,Австралия,17.98,1999-01-01T00:00:00Z,,
Takamanda National Park,Камерун,6.76,2008-01-01T00:00:00Z,,Объект из предварительного списка Всемирного наследия
Dorrigo National Park,Австралия,1.1768556640625,1967-01-01T00:00:00Z,,часть объекта всемирного наследия
Dorrigo National Park,Австралия,7885,1967-01-01T00:00:00Z,,часть объекта всемирного наследия
Dorrigo National Park,Австралия,1.19,1967-01-01T00:00:00Z,,часть объекта всемирного наследия
Dorrigo National Park,Австралия,1.1768556640625,2003-01-01T00:00:00Z,,часть объекта всемирного наследия
Dorrigo National Park,Австралия,7885,2003-01-01T00:00:00Z,,часть объекта всемирного наследия
Dorrigo National Park,Австралия,1.19,2003-01-01T00:00:00Z,,часть объекта всемирного наследия
Idalia National Park,Австралия,0.0144,1990-01-01T00:00:00Z,,
Idalia National Park,Австралия,14.1021015625,1990-01-01T00:00:00Z,,
Idalia National Park,Австралия,0.0144,1998-01-01T00:00:00Z,,
Idalia National Park,Австралия,14.1021015625,1998-01-01T00:00:00Z,,
Brindabella National Park,Австралия,2.12882109375,1996-01-01T00:00:00Z,,listed on the Australian National Heritage List
Brindabella National Park,Австралия,0.18454,1996-01-01T00:00:00Z,,listed on the Australian National Heritage List
Brindabella National Park,Австралия,2.12882109375,2014-01-01T00:00:00Z,,listed on the Australian National Heritage List
Brindabella National Park,Австралия,0.18454,2014-01-01T00:00:00Z,,listed on the Australian National Heritage List
Раго,Норвегия,1.71,1971-01-22T00:00:00Z,,
Раго,Норвегия,16192.56281,1971-01-22T00:00:00Z,,
Сундарбан,Индия,133010,1984-01-01T00:00:00Z,,всемирное наследие
Сундарбан,Индия,13.3012,1984-01-01T00:00:00Z,,всемирное наследие
Тель Беэр-Шева,Израиль,108.53,,,часть объекта всемирного наследия
Тель Беэр-Шева,Израиль,3.09,,,часть объекта всемирного наследия
Архипелаг Маддалена,Италия,2.0146,1994-01-01T00:00:00Z,,
Архипелаг Маддалена,Италия,20146,1994-01-01T00:00:00Z,,
Грейтер-Бендиго,Австралия,1.7568845703125,2002-01-01T00:00:00Z,,
Грейтер-Бендиго,Австралия,17615,2002-01-01T00:00:00Z,,
Грейтер-Бендиго,Австралия,170.07,2002-01-01T00:00:00Z,,
Грейтер-Бендиго,Австралия,1.7568845703125,2006-01-01T00:00:00Z,,
Грейтер-Бендиго,Австралия,17615,2006-01-01T00:00:00Z,,
Грейтер-Бендиго,Австралия,170.07,2006-01-01T00:00:00Z,,
Национальный парк Банк-д'Арген,Мавритания,120,1976-01-01T00:00:00Z,,всемирное наследие
Национальный парк Банк-д'Арген,Мавритания,1200000,1976-01-01T00:00:00Z,,всемирное наследие
Национальный парк Банк-д'Арген,Мавритания,120,1978-01-01T00:00:00Z,,всемирное наследие
Национальный парк Банк-д'Арген,Мавритания,1200000,1978-01-01T00:00:00Z,,всемирное наследие
Национальный парк Банк-д'Арген,Мавритания,120,1976-01-01T00:00:00Z,,Рамсарское угодье
Национальный парк Банк-д'Арген,Мавритания,1200000,1976-01-01T00:00:00Z,,Рамсарское угодье
Национальный парк Банк-д'Арген,Мавритания,120,1978-01-01T00:00:00Z,,Рамсарское угодье
Национальный парк Банк-д'Арген,Мавритания,1200000,1978-01-01T00:00:00Z,,Рамсарское угодье
Murray Valley National Park,Австралия,3.951476953125,2010-01-01T00:00:00Z,,
Murray Valley National Park,Австралия,41601,2010-01-01T00:00:00Z,,
Murray Valley National Park,Австралия,3.951476953125,2014-01-01T00:00:00Z,,
Murray Valley National Park,Австралия,41601,2014-01-01T00:00:00Z,,
Hat Head National Park,Австралия,0.74,1972-01-01T00:00:00Z,,
Hat Head National Park,Австралия,0.74011806640625,1972-01-01T00:00:00Z,,
Hat Head National Park,Австралия,0.74,2006-01-01T00:00:00Z,,
Hat Head National Park,Австралия,0.74011806640625,2006-01-01T00:00:00Z,,
Каньонлендс,США,337598,1964-09-12T00:00:00Z,Cathedral Point,International Dark Sky Park
Chaelundi National Park,Австралия,191.74,1997-01-01T00:00:00Z,,
Chaelundi National Park,Австралия,1.9125697265625,1997-01-01T00:00:00Z,,
Chaelundi National Park,Австралия,191.74,2007-01-01T00:00:00Z,,
Chaelundi National Park,Австралия,1.9125697265625,2007-01-01T00:00:00Z,,
Дунай-Ипой,Венгрия,6.0314,1997-01-01T00:00:00Z,,
Перияр,Индия,77700,1982-01-01T00:00:00Z,,часть объекта всемирного наследия
Разна,Латвия,59615,2007-01-01T00:00:00Z,,
Greenmount National Park,Австралия,0.0202309585571289,1959-01-01T00:00:00Z,,
Greenmount National Park,Австралия,0.56,1959-01-01T00:00:00Z,,
Greenmount National Park,Австралия,0.0202309585571289,1972-01-01T00:00:00Z,,
Greenmount National Park,Австралия,0.56,1972-01-01T00:00:00Z,,
Реюньон,Франция,105514.9038,2007-01-01T00:00:00Z,Питон-де-Неж,
Реюньон,Франция,10.5447,2007-01-01T00:00:00Z,Питон-де-Неж,
Nini Suhien National Park,Гана,3.43,1976-01-01T00:00:00Z,,
Туран,Иран,144.1523,1972-01-01T00:00:00Z,,Объект из предварительного списка Всемирного наследия
Туран,Иран,310487,1972-01-01T00:00:00Z,,Объект из предварительного списка Всемирного наследия
Туран,Иран,101073,1972-01-01T00:00:00Z,,Объект из предварительного списка Всемирного наследия
Туран,Иран,1441523,1972-01-01T00:00:00Z,,Объект из предварительного списка Всемирного наследия
Туран,Иран,10.1073,1972-01-01T00:00:00Z,,Объект из предварительного списка Всемирного наследия
Туран,Иран,144.1523,1976-01-01T00:00:00Z,,Объект из предварительного списка Всемирного наследия
Туран,Иран,310487,1976-01-01T00:00:00Z,,Объект из предварительного списка Всемирного наследия
Belair National Park,Австралия,8.39,1891-01-01T00:00:00Z,,
Belair National Park,Австралия,0.0837261108398437,1891-01-01T00:00:00Z,,
Belair National Park,Австралия,8.39,1999-01-01T00:00:00Z,,
Belair National Park,Австралия,0.0837261108398437,1999-01-01T00:00:00Z,,
Мадиди (национальный парк),Боливия,189.58,1995-09-21T00:00:00Z,,
Ленсойс-Мараньенсис,Бразилия,149259,1981-06-02T00:00:00Z,,всемирное наследие
Ленсойс-Мараньенсис,Бразилия,15.66,1981-06-02T00:00:00Z,,всемирное наследие
Ленсойс-Мараньенсис,Бразилия,156562,1981-06-02T00:00:00Z,,всемирное наследие
Ленсойс-Мараньенсис,Бразилия,7303,1981-06-02T00:00:00Z,,всемирное наследие
Гуинди,Индия,0.028,1977-01-01T00:00:00Z,,
Sanjay Gandhi National Park,Индия,1.04,1942-01-01T00:00:00Z,,
Mweru Wantipa National Park,Замбия,31.34,,,
Батьма,Вьетнам,2.2,1986-01-01T00:00:00Z,,
Ноэль-Кемпфф-Меркадо,Боливия,750000,1979-06-28T00:00:00Z,,всемирное наследие
Ноэль-Кемпфф-Меркадо,Боливия,1523446,1979-06-28T00:00:00Z,,всемирное наследие
Эль-Кала,Алжир,8,1993-01-01T00:00:00Z,,Объект из предварительного списка Всемирного наследия
Rocky Cape National Park,Австралия,30.64,1967-06-21T00:00:00Z,,
Rocky Cape National Park,Австралия,0.309763364377618,1967-06-21T00:00:00Z,,
Rocky Cape National Park,Австралия,30.64,2002-01-01T00:00:00Z,,
Rocky Cape National Park,Австралия,0.309763364377618,2002-01-01T00:00:00Z,,
Руаха,Танзания,0.20226,1964-01-01T00:00:00Z,,
Национальный парк Родна,Румыния,46599,1990-01-01T00:00:00Z,,
Национальный парк Родна,Румыния,47208.57291,1990-01-01T00:00:00Z,,
Национальный парк Родна,Румыния,46599,2000-01-01T00:00:00Z,,
Национальный парк Родна,Румыния,47208.57291,2000-01-01T00:00:00Z,,
Бандипур,Индия,8.74,1941-01-01T00:00:00Z,,
Гвианская Амазония,Франция,2023569.5059,2007-01-01T00:00:00Z,Бельвю,
Гвианская Амазония,Франция,339,2007-01-01T00:00:00Z,Бельвю,
Пиельекайсе,Швеция,1401.122,1909-05-24T00:00:00Z,,
Пиельекайсе,Швеция,0.062,1909-05-24T00:00:00Z,,
Пиельекайсе,Швеция,15484.65,1909-05-24T00:00:00Z,,
Пиельекайсе,Швеция,14083.46,1909-05-24T00:00:00Z,,
Шэннон (национальный парк),Австралия,5.262223046875,1988-01-01T00:00:00Z,,
Шэннон (национальный парк),Австралия,5.35,1988-01-01T00:00:00Z,,
Auburn River National Park,Австралия,4.05,1964-01-01T00:00:00Z,,
Auburn River National Park,Австралия,0.040949755859375,1964-01-01T00:00:00Z,,
Auburn River National Park,Австралия,4.05,2001-01-01T00:00:00Z,,
Auburn River National Park,Австралия,0.040949755859375,2001-01-01T00:00:00Z,,
Этоша,Намибия,222.7,1907-03-22T00:00:00Z,,
Пурнулулу,Австралия,243830.87982283,1987-01-01T00:00:00Z,,всемирное наследие
Пурнулулу,Австралия,79602,1987-01-01T00:00:00Z,,всемирное наследие
Пурнулулу,Австралия,23.97,1987-01-01T00:00:00Z,,всемирное наследие
Пурнулулу,Австралия,24.3830875,1987-01-01T00:00:00Z,,всемирное наследие
Пурнулулу,Австралия,239723,1987-01-01T00:00:00Z,,всемирное наследие
Пурнулулу,Австралия,243830.87982283,1987-01-01T00:00:00Z,,listed on the Australian National Heritage List
Пурнулулу,Австралия,79602,1987-01-01T00:00:00Z,,listed on the Australian National Heritage List
Пурнулулу,Австралия,23.97,1987-01-01T00:00:00Z,,listed on the Australian National Heritage List
Пурнулулу,Австралия,24.3830875,1987-01-01T00:00:00Z,,listed on the Australian National Heritage List
Пурнулулу,Австралия,239723,1987-01-01T00:00:00Z,,listed on the Australian National Heritage List
Ниоколо-Коба,Сенегал,91.3,1954-01-01T00:00:00Z,Assirik,всемирное наследие
Ниоколо-Коба,Сенегал,913000,1954-01-01T00:00:00Z,Assirik,всемирное наследие
Конгильио,Чили,60832,1950-05-26T00:00:00Z,Льяйма,
Конгильио,Чили,6.08,1950-05-26T00:00:00Z,Льяйма,
Alta Murgia National Park,Италия,6.803,2004-01-01T00:00:00Z,,
Alta Murgia National Park,Италия,68033,2004-01-01T00:00:00Z,,
Eudlo Creek National Park,Австралия,0.00421891555786133,1951-01-01T00:00:00Z,,
Eudlo Creek National Park,Австралия,0.00421891555786133,1997-01-01T00:00:00Z,,
Ytre Hvaler National Park,Норвегия,35480.25611,2009-06-26T00:00:00Z,,
Ytre Hvaler National Park,Норвегия,3.5484,2009-06-26T00:00:00Z,,
Ллогара,Албания,1010,1966-01-01T00:00:00Z,,
Ллогара,Албания,1010,1966-01-01T00:00:00Z,,
Сонфьеллет,Швеция,3733.467,1909-05-24T00:00:00Z,,
Сонфьеллет,Швеция,10378.02,1909-05-24T00:00:00Z,,
Сонфьеллет,Швеция,21.116,1909-05-24T00:00:00Z,,
Сонфьеллет,Швеция,10356.85,1909-05-24T00:00:00Z,,
Падьеланта,Швеция,199897.57,1962-06-06T00:00:00Z,,
Падьеланта,Швеция,15.703,1962-06-06T00:00:00Z,,
Падьеланта,Швеция,33831.32,1962-06-06T00:00:00Z,,
Падьеланта,Швеция,166065.96,1962-06-06T00:00:00Z,,
Мана-Пулс,Зимбабве,219600,1975-01-01T00:00:00Z,,Рамсарское угодье
Мана-Пулс,Зимбабве,219600,1975-01-01T00:00:00Z,,часть объекта всемирного наследия
Высокий Тауэрн,Австрия,18.56,1981-01-01T00:00:00Z,Гросглокнер,ключевые орнитологические территории
Высокий Тауэрн,Австрия,18.56,1981-01-01T00:00:00Z,Гросглокнер,Объект из предварительного списка Всемирного наследия
Snowy River National Park,Австралия,114600,1979-01-01T00:00:00Z,,listed on the Australian National Heritage List
Snowy River National Park,Австралия,11.47059140625,1979-01-01T00:00:00Z,,listed on the Australian National Heritage List
Нокберге,Австрия,1.83,1987-01-01T00:00:00Z,,
Саксонская Швейцария,Германия,0.935,1990-01-01T00:00:00Z,Großer Winterberg,
Саксонская Швейцария,Германия,9350,1990-01-01T00:00:00Z,Großer Winterberg,
Саксонская Швейцария,Германия,0.935,1990-10-01T00:00:00Z,Großer Winterberg,
Саксонская Швейцария,Германия,9350,1990-10-01T00:00:00Z,Großer Winterberg,
Wolchulsan National Park,Республика Корея,0.5622,1988-01-01T00:00:00Z,,
Сораксан,Республика Корея,3.9824,1965-01-01T00:00:00Z,,Объект из предварительного списка Всемирного наследия
Сораксан,Республика Корея,1.7369,1965-01-01T00:00:00Z,,Объект из предварительного списка Всемирного наследия
Сораксан,Республика Корея,398.22,1965-01-01T00:00:00Z,,Объект из предварительного списка Всемирного наследия
Сораксан,Республика Корея,3.9824,1970-01-01T00:00:00Z,,Объект из предварительного списка Всемирного наследия
Сораксан,Республика Корея,1.7369,1970-01-01T00:00:00Z,,Объект из предварительного списка Всемирного наследия
Сораксан,Республика Корея,398.22,1970-01-01T00:00:00Z,,Объект из предварительного списка Всемирного наследия
Пукхансан,Республика Корея,0.7692,1983-01-01T00:00:00Z,,
Тароко,Китайская Республика (Тайвань),9.2,1986-01-01T00:00:00Z,,
Кэньдин,Китайская Республика (Тайвань),3.33,1984-01-01T00:00:00Z,,
Шэйпа,Китайская Республика (Тайвань),7.6959,1992-01-01T00:00:00Z,,
Озеро Кларк,США,163.09,1978-01-01T00:00:00Z,Редаут,
Артурс-Парк (национальный парк),Новая Зеландия,11.847,1929-07-01T00:00:00Z,,
Тейде (национальный парк),Испания,1.899,1954-01-22T00:00:00Z,,всемирное наследие
Тейде (национальный парк),Испания,18824.6115,1954-01-22T00:00:00Z,,всемирное наследие
Аруша (национальный парк),Танзания,5.52,1960-01-01T00:00:00Z,,
Jirisan National Park,Республика Корея,471.75,1967-01-01T00:00:00Z,,
Тейден-Нене,Канада,143.05,2019-08-21T00:00:00Z,,
Дубль-Ве,Бенин,101.828,1954-01-01T00:00:00Z,,часть объекта всемирного наследия
Дубль-Ве,Буркина-Фасо,101.828,1954-01-01T00:00:00Z,,часть объекта всемирного наследия
Абиску,Швеция,954.871,1909-05-24T00:00:00Z,,
Абиску,Швеция,7720.55,1909-05-24T00:00:00Z,,
Абиску,Швеция,6765.63,1909-05-24T00:00:00Z,,
Weddin Mountains National Park,Австралия,83.61,1971-01-01T00:00:00Z,,
Weddin Mountains National Park,Австралия,0.87183935546875,1971-01-01T00:00:00Z,,
Weddin Mountains National Park,Австралия,83.61,2006-01-01T00:00:00Z,,
Weddin Mountains National Park,Австралия,0.87183935546875,2006-01-01T00:00:00Z,,
Рондане,Норвегия,9.635,1962-01-01T00:00:00Z,,
Budderoo National Park,Австралия,0.6,1986-01-01T00:00:00Z,,
Budderoo National Park,Австралия,0,1986-01-01T00:00:00Z,,
Budderoo National Park,Австралия,0.6,2001-01-01T00:00:00Z,,
Budderoo National Park,Австралия,0,2001-01-01T00:00:00Z,,
Serpentine National Park,Австралия,0.066253564453125,1957-01-01T00:00:00Z,,
Serpentine National Park,Австралия,0.44,1957-01-01T00:00:00Z,,
Serpentine National Park,Австралия,0.362287890625,1957-01-01T00:00:00Z,,
Serpentine National Park,Австралия,0.066253564453125,1972-01-01T00:00:00Z,,
Serpentine National Park,Австралия,0.44,1972-01-01T00:00:00Z,,
Serpentine National Park,Австралия,0.362287890625,1972-01-01T00:00:00Z,,
Serpentine National Park,Австралия,0.066253564453125,2002-01-01T00:00:00Z,,
Serpentine National Park,Австралия,0.44,2002-01-01T00:00:00Z,,
Serpentine National Park,Австралия,0.362287890625,2002-01-01T00:00:00Z,,
Велька-Фатра (национальный парк),Словакия,40874.85,2002-01-01T00:00:00Z,Остредок,
Велька-Фатра (национальный парк),Словакия,4.0371,2002-01-01T00:00:00Z,Остредок,
Стокс (национальный парк),Австралия,1.00271279296875,1976-01-01T00:00:00Z,,
Стокс (национальный парк),Австралия,1.06,1976-01-01T00:00:00Z,,
Стокс (национальный парк),Австралия,1.00271279296875,1989-01-01T00:00:00Z,,
Стокс (национальный парк),Австралия,1.06,1989-01-01T00:00:00Z,,
Лесьюр (национальный парк),Австралия,27230.8356511,1992-01-01T00:00:00Z,,listed on the Australian National Heritage List
Лесьюр (национальный парк),Австралия,0.02699,1992-01-01T00:00:00Z,,listed on the Australian National Heritage List
Лесьюр (национальный парк),Австралия,2.72308359375,1992-01-01T00:00:00Z,,listed on the Australian National Heritage List
Goold Island National Park,Австралия,0.0807110717773437,1936-01-01T00:00:00Z,,
Goold Island National Park,Австралия,8.23,1936-01-01T00:00:00Z,,
Goold Island National Park,Австралия,0.0807110717773437,2000-01-01T00:00:00Z,,
Goold Island National Park,Австралия,8.23,2000-01-01T00:00:00Z,,
Дальбю Сёдерскуг,Швеция,0,1918-07-05T00:00:00Z,,
Дальбю Сёдерскуг,Швеция,36.56,1918-07-05T00:00:00Z,,
Дальбю Сёдерскуг,Швеция,36.56,1918-07-05T00:00:00Z,,
Дальбю Сёдерскуг,Швеция,35.766,1918-07-05T00:00:00Z,,
Макалу-Барун,Непал,23.3,1992-01-01T00:00:00Z,,
Масуала (национальный парк),Мадагаскар,212888.9,1997-01-01T00:00:00Z,,часть объекта всемирного наследия
Масуала (национальный парк),Мадагаскар,24,1997-01-01T00:00:00Z,,часть объекта всемирного наследия
Terrick Terrick National Park,Австралия,6390,1999-04-15T00:00:00Z,,
Terrick Terrick National Park,Австралия,3686,1999-04-15T00:00:00Z,,
Terrick Terrick National Park,Австралия,0.638825341796875,1999-04-15T00:00:00Z,,
Terrick Terrick National Park,Австралия,3770,1999-04-15T00:00:00Z,,
Terrick Terrick National Park,Австралия,6390,2006-01-01T00:00:00Z,,
Terrick Terrick National Park,Австралия,3686,2006-01-01T00:00:00Z,,
Terrick Terrick National Park,Австралия,0.638825341796875,2006-01-01T00:00:00Z,,
Terrick Terrick National Park,Австралия,3770,2006-01-01T00:00:00Z,,
Сент-Анн (национальный парк),Сейшельские Острова,0.03887,1973-01-01T00:00:00Z,,
Юго-Западный национальный парк,Австралия,0.06052,1955-01-01T00:00:00Z,,
Юго-Западный национальный парк,Австралия,64.1762545780132,1955-01-01T00:00:00Z,,
Юго-Западный национальный парк,Австралия,0.06052,2013-01-01T00:00:00Z,,
Юго-Западный национальный парк,Австралия,64.1762545780132,2013-01-01T00:00:00Z,,
Sturt National Park,Австралия,0.0310634,1972-01-01T00:00:00Z,,
Sturt National Park,Австралия,32.519765625,1972-01-01T00:00:00Z,,
Sturt National Park,Австралия,0.0310634,2003-01-01T00:00:00Z,,
Sturt National Park,Австралия,32.519765625,2003-01-01T00:00:00Z,,
Guanacaste National Park,Белиз,23,1994-01-01T00:00:00Z,,
Toonumbar National Park,Австралия,1.49387021484375,1995-12-22T00:00:00Z,,
Toonumbar National Park,Австралия,14.91,1995-12-22T00:00:00Z,,
Toonumbar National Park,Австралия,1.49387021484375,1999-01-01T00:00:00Z,,
Toonumbar National Park,Австралия,14.91,1999-01-01T00:00:00Z,,
Бутринти (национальный парк),Албания,9424.4,2000-01-01T00:00:00Z,,
Бутринти (национальный парк),Албания,0.94244,2000-01-01T00:00:00Z,,
Бутринти (национальный парк),Албания,9424.4,2013-01-01T00:00:00Z,,
Бутринти (национальный парк),Албания,0.94244,2013-01-01T00:00:00Z,,
Mount Cook National Park,Австралия,5.02,1970-01-01T00:00:00Z,,
Mount Cook National Park,Австралия,0.0493294097900391,1970-01-01T00:00:00Z,,
Mount Cook National Park,Австралия,5.02,1994-01-01T00:00:00Z,,
Mount Cook National Park,Австралия,0.0493294097900391,1994-01-01T00:00:00Z,,
Girramay National Park,Австралия,3.377438671875,1977-01-01T00:00:00Z,,
Girramay National Park,Австралия,337.3,1977-01-01T00:00:00Z,,
Girramay National Park,Австралия,3.377438671875,2009-01-01T00:00:00Z,,
Girramay National Park,Австралия,337.3,2009-01-01T00:00:00Z,,
Д’Антркасто (национальный парк),Австралия,11.90078671875,1980-01-01T00:00:00Z,,
Д’Антркасто (национальный парк),Австралия,0.01167,1980-01-01T00:00:00Z,,
Ghin-Doo-Ee National Park,Австралия,48.19,1999-01-01T00:00:00Z,,
Ghin-Doo-Ee National Park,Австралия,0.47965556640625,1999-01-01T00:00:00Z,,
Ghin-Doo-Ee National Park,Австралия,48.19,2003-01-01T00:00:00Z,,
Ghin-Doo-Ee National Park,Австралия,0.47965556640625,2003-01-01T00:00:00Z,,
Frankland Group National Park,Австралия,9.42,1994-01-01T00:00:00Z,,
Frankland Group National Park,Австралия,0.00834307098388672,1994-01-01T00:00:00Z,,
Frankland Group National Park,Австралия,9.42,1998-01-01T00:00:00Z,,
Frankland Group National Park,Австралия,0.00834307098388672,1998-01-01T00:00:00Z,,
Macalister Range National Park,Австралия,55.63,2010-01-01T00:00:00Z,,
Macalister Range National Park,Австралия,0.55643798828125,2010-01-01T00:00:00Z,,
Брус,Канада,1.54,,,
Томорр (национальный парк),Албания,26086,1956-01-01T00:00:00Z,,
Томорр (национальный парк),Албания,0.247231,1956-01-01T00:00:00Z,,
Isla Gorge National Park,Австралия,0.7861287109375,1964-01-01T00:00:00Z,,
Isla Gorge National Park,Австралия,7.85,1964-01-01T00:00:00Z,,
Isla Gorge National Park,Австралия,0.7861287109375,1994-01-01T00:00:00Z,,
Isla Gorge National Park,Австралия,7.85,1994-01-01T00:00:00Z,,
Dryander National Park,Австралия,119.64,1938-01-01T00:00:00Z,,
Dryander National Park,Австралия,1.3212587890625,1938-01-01T00:00:00Z,,
Dryander National Park,Австралия,119.64,2015-01-01T00:00:00Z,,
Dryander National Park,Австралия,1.3212587890625,2015-01-01T00:00:00Z,,
Budawang National Park,Австралия,2.37,1977-01-01T00:00:00Z,,
Budawang National Park,Австралия,2.3797767578125,1977-01-01T00:00:00Z,,
Игуасу,Бразилия,185262.5,1939-01-10T00:00:00Z,,всемирное наследие
Гауя,Латвия,91790,1973-09-14T00:00:00Z,,
Jardine River National Park,Австралия,23.45883125,2017-01-01T00:00:00Z,,
Изало,Мадагаскар,81.54,1999-01-01T00:00:00Z,,
Туран,Иран,101073,2002-01-01T00:00:00Z,,Объект из предварительного списка Всемирного наследия
Туран,Иран,1441523,2002-01-01T00:00:00Z,,Объект из предварительного списка Всемирного наследия
Туран,Иран,10.1073,2002-01-01T00:00:00Z,,Объект из предварительного списка Всемирного наследия
Annan River (Yuku Baja-Muliku) National Park,Австралия,0.86856025390625,2006-01-01T00:00:00Z,,
Annan River (Yuku Baja-Muliku) National Park,Австралия,8.83,2006-01-01T00:00:00Z,,
Лейк-Эйлдон,Австралия,2.786134765625,1997-06-04T00:00:00Z,,
Лейк-Эйлдон,Австралия,27750,1997-06-04T00:00:00Z,,
Лейк-Эйлдон,Австралия,27750,1997-06-04T00:00:00Z,,
Лейк-Эйлдон,Австралия,2.786134765625,1998-01-01T00:00:00Z,,
Лейк-Эйлдон,Австралия,27750,1998-01-01T00:00:00Z,,
Лейк-Эйлдон,Австралия,27750,1998-01-01T00:00:00Z,,
Buila-Vânturarița National Park,Румыния,0.4186,2005-01-01T00:00:00Z,,
Buila-Vânturarița National Park,Румыния,4480.27052,2005-01-01T00:00:00Z,,
Какум,Гана,3.75,1992-01-01T00:00:00Z,,Объект из предварительного списка Всемирного наследия
Маврово,Северная Македония,72204.1,1949-01-01T00:00:00Z,,
Хамра,Швеция,1380.73,1909-06-21T00:00:00Z,,
Хамра,Швеция,60.171,1909-06-21T00:00:00Z,,
Хамра,Швеция,1320.53,1909-06-21T00:00:00Z,,
Хамра,Швеция,692.716,1909-06-21T00:00:00Z,,
Lake Gairdner National Park,Австралия,0.05481,1991-01-01T00:00:00Z,,
Lake Gairdner National Park,Австралия,55.6894375,1991-01-01T00:00:00Z,,
Lake Gairdner National Park,Австралия,0.05481,2007-01-01T00:00:00Z,,
Lake Gairdner National Park,Австралия,55.6894375,2007-01-01T00:00:00Z,,
Wadbilliga National Park,Австралия,98.53,1979-01-01T00:00:00Z,,
Wadbilliga National Park,Австралия,9.54551953125,1979-01-01T00:00:00Z,,
Wadbilliga National Park,Австралия,98.53,2004-01-01T00:00:00Z,,
Wadbilliga National Park,Австралия,9.54551953125,2004-01-01T00:00:00Z,,
Монтаньяс-ду-Тумукумаке (национальный парк),Бразилия,3835266,2002-08-22T00:00:00Z,,
Монтаньяс-ду-Тумукумаке (национальный парк),Бразилия,384.64,2002-08-22T00:00:00Z,,
Monte Roraima National Park,Бразилия,11.67,1989-01-01T00:00:00Z,,
Monte Roraima National Park,Бразилия,115120,1989-01-01T00:00:00Z,,
Sobaeksan National Park,Республика Корея,3.2238,1987-01-01T00:00:00Z,,
Муддус,Швеция,1824.216,1942-04-21T00:00:00Z,,
Муддус,Швеция,51136.95,1942-04-21T00:00:00Z,,
Муддус,Швеция,49312.64,1942-04-21T00:00:00Z,,
Муддус,Швеция,21505.222,1942-04-21T00:00:00Z,,
Bladensburg National Park,Австралия,8.4254,1984-01-01T00:00:00Z,,
Bladensburg National Park,Австралия,8.42535859375,1984-01-01T00:00:00Z,,
Bladensburg National Park,Австралия,8.49,1984-01-01T00:00:00Z,,
Mummel Gulf National Park,Австралия,141.27,1999-01-01T00:00:00Z,,
Mummel Gulf National Park,Австралия,1.40569365234375,1999-01-01T00:00:00Z,,
Mummel Gulf National Park,Австралия,141.27,2007-01-01T00:00:00Z,,
Mummel Gulf National Park,Австралия,1.40569365234375,2007-01-01T00:00:00Z,,
Джорджиан-Бей-Айлендс,Канада,0.256,1930-01-01T00:00:00Z,,
Мунчике,Колумбия,4.4,1977-01-01T00:00:00Z,,
Yaigojé-Apaporis National Park,Колумбия,1056549,,,
Tinigua National Natural Park,Колумбия,2018.75,,,
Cordillera de los Picachos National Natural Park,Колумбия,7.66,,,
Yariguíes National Park,Колумбия,59288,2005-01-01T00:00:00Z,,
Историко-природный парк Ширкент,Таджикистан,3.19,1991-01-01T00:00:00Z,,
National Park Munții Măcinului,Румыния,0.021,2000-01-01T00:00:00Z,,
Chiaksan National Park,Республика Корея,1.8209,1984-01-01T00:00:00Z,,
Chiaksan National Park,Республика Корея,181.57,1984-01-01T00:00:00Z,,
Chiaksan National Park,Республика Корея,1.7567,1984-01-01T00:00:00Z,,
Northumberland Islands National Park,Австралия,1.72,1994-01-01T00:00:00Z,,
Northumberland Islands National Park,Австралия,0.158931909179688,1994-01-01T00:00:00Z,,
Northumberland Islands National Park,Австралия,1.72,2000-01-01T00:00:00Z,,
Northumberland Islands National Park,Австралия,0.158931909179688,2000-01-01T00:00:00Z,,
Wondul Range National Park,Австралия,35.55,1992-01-01T00:00:00Z,,
Wondul Range National Park,Австралия,1.462356640625,1992-01-01T00:00:00Z,,
Wondul Range National Park,Австралия,35.55,2015-01-01T00:00:00Z,,
Wondul Range National Park,Австралия,1.462356640625,2015-01-01T00:00:00Z,,
Национальный парк Остров Бриби,Австралия,0.8611947265625,1994-01-01T00:00:00Z,,
Национальный парк Остров Бриби,Австралия,0.8611947265625,2018-01-01T00:00:00Z,,
Туран,Иран,101073,1976-01-01T00:00:00Z,,Объект из предварительного списка Всемирного наследия
Туран,Иран,1441523,1976-01-01T00:00:00Z,,Объект из предварительного списка Всемирного наследия
Туран,Иран,10.1073,1976-01-01T00:00:00Z,,Объект из предварительного списка Всемирного наследия
Туран,Иран,144.1523,2002-01-01T00:00:00Z,,Объект из предварительного списка Всемирного наследия
Туран,Иран,310487,2002-01-01T00:00:00Z,,Объект из предварительного списка Всемирного наследия
Порт-Кэмпбелл,Австралия,0.240431372070313,1964-01-01T00:00:00Z,,
Порт-Кэмпбелл,Австралия,1830,1964-01-01T00:00:00Z,,
Порт-Кэмпбелл,Австралия,1.75,1964-01-01T00:00:00Z,,
Порт-Кэмпбелл,Австралия,0.240431372070313,2008-01-01T00:00:00Z,,
Порт-Кэмпбелл,Австралия,1830,2008-01-01T00:00:00Z,,
Порт-Кэмпбелл,Австралия,1.75,2008-01-01T00:00:00Z,,
Дзукийский национальный парк,Литва,5.8519,1991-01-01T00:00:00Z,,
Пиренеи (национальный парк),Франция,4.57,1967-01-01T00:00:00Z,Винемаль,
Пиренеи (национальный парк),Франция,45707,1967-01-01T00:00:00Z,Винемаль,
Пиренеи (национальный парк),Франция,4.57,1967-03-23T00:00:00Z,Винемаль,
Пиренеи (национальный парк),Франция,45707,1967-03-23T00:00:00Z,Винемаль,
Клуэйн,Канада,219.8,1972-01-01T00:00:00Z,Логан,часть объекта всемирного наследия
Найроби,Кения,1.1721,1946-01-01T00:00:00Z,,
Japoon National Park,Австралия,247.99,1992-01-01T00:00:00Z,,
Japoon National Park,Австралия,2.47940078125,1992-01-01T00:00:00Z,,
Japoon National Park,Австралия,247.99,2010-01-01T00:00:00Z,,
Japoon National Park,Австралия,2.47940078125,2010-01-01T00:00:00Z,,
Ордеса-и-Монте-Пердидо,Испания,1.56,1918-08-16T00:00:00Z,Монте-Пердидо,
Ордеса-и-Монте-Пердидо,Испания,15690.61287,1918-08-16T00:00:00Z,Монте-Пердидо,
Койба,Панама,270125,1992-01-01T00:00:00Z,,всемирное наследие
Койба,Панама,5.03,1992-01-01T00:00:00Z,,всемирное наследие
Игуасу,Бразилия,169695.88,1939-01-10T00:00:00Z,,всемирное наследие
Игуасу,Бразилия,165411,1939-01-10T00:00:00Z,,всемирное наследие
Дубль-Ве,Нигер,101.828,1954-01-01T00:00:00Z,,часть объекта всемирного наследия
Пакленица,Хорватия,0.95,1949-01-01T00:00:00Z,Vaganski vrh,часть объекта всемирного наследия
Пакленица,Хорватия,9507.56,1949-01-01T00:00:00Z,Vaganski vrh,часть объекта всемирного наследия
Neerabup National Park,Австралия,0.0973476623535156,1965-01-01T00:00:00Z,,
Neerabup National Park,Австралия,0.11,1965-01-01T00:00:00Z,,
Neerabup National Park,Австралия,0.0973476623535156,1972-01-01T00:00:00Z,,
Neerabup National Park,Австралия,0.11,1972-01-01T00:00:00Z,,
Serra da Bocaina National Park,Бразилия,130900,1971-01-01T00:00:00Z,,Объект из предварительного списка Всемирного наследия
Serra da Bocaina National Park,Бразилия,258921,1971-01-01T00:00:00Z,,Объект из предварительного списка Всемирного наследия
Serra da Bocaina National Park,Бразилия,173,1971-01-01T00:00:00Z,,Объект из предварительного списка Всемирного наследия
Serra da Bocaina National Park,Бразилия,106393,1971-01-01T00:00:00Z,,Объект из предварительного списка Всемирного наследия
Serra da Bocaina National Park,Бразилия,106565,1971-01-01T00:00:00Z,,Объект из предварительного списка Всемирного наследия
Serra da Bocaina National Park,Бразилия,130900,1971-01-01T00:00:00Z,,часть объекта всемирного наследия
Serra da Bocaina National Park,Бразилия,258921,1971-01-01T00:00:00Z,,часть объекта всемирного наследия
Serra da Bocaina National Park,Бразилия,173,1971-01-01T00:00:00Z,,часть объекта всемирного наследия
Serra da Bocaina National Park,Бразилия,106393,1971-01-01T00:00:00Z,,часть объекта всемирного наследия
Serra da Bocaina National Park,Бразилия,106565,1971-01-01T00:00:00Z,,часть объекта всемирного наследия
Serra da Cutia National Park,Бразилия,283499,2001-01-01T00:00:00Z,,
Chiquibul National Park,Белиз,11.5715,1991-01-01T00:00:00Z,,
Чьюлу,Кения,7.41,1983-01-01T00:00:00Z,,
Khao Phanom Bencha National Park,Таиланд,0.5,1981-07-09T00:00:00Z,,
Khao Phanom Bencha National Park,Таиланд,31325,1981-07-09T00:00:00Z,,
Cusuco National Park,Гондурас,2.2223,1959-01-01T00:00:00Z,,
Dehing Patkai National Park,Индия,2.31,,,
Dongsha Atoll National Park,Китайская Республика (Тайвань),35.37,2007-01-01T00:00:00Z,,
Dryandra Woodland National Park,Австралия,28066,1976-01-01T00:00:00Z,,listed on the Register of the National Estate
Dryandra Woodland National Park,Австралия,28066,2022-01-17T00:00:00Z,,listed on the Register of the National Estate
Эль-Импосибле,Сальвадор,0.382,1989-01-01T00:00:00Z,,
Cerro Hoya National Park,Панама,32.557,1984-10-02T00:00:00Z,,
Fort Dupont Park,США,376,1930-01-01T00:00:00Z,,
Гал-Оя,Шри-Ланка,2.59,1954-02-12T00:00:00Z,,
Goz Beïda National Park,Чад,30,,,
Гранди-Сертан-Вередас,Бразилия,23.08,1989-04-12T00:00:00Z,,
Гранди-Сертан-Вередас,Бразилия,230851,1989-04-12T00:00:00Z,,
Grass Hills National Park,Индия,3123,,,часть объекта всемирного наследия
Gulf of Mannar Marine National Park,Индия,0.0623,1986-01-01T00:00:00Z,,
Gyeryongsan National Park,Республика Корея,231.65,1968-01-01T00:00:00Z,,
Hallasan National Park,Республика Корея,9093.1,1970-01-01T00:00:00Z,,часть объекта всемирного наследия
Hallasan National Park,Республика Корея,7347.4,1970-01-01T00:00:00Z,,часть объекта всемирного наследия
Hallasan National Park,Республика Корея,1.53,1970-01-01T00:00:00Z,,часть объекта всемирного наследия
Q5709313,Иран,3477,,,
Q5710639,Иран,6991,,,
Q5711198,Иран,7038,,,
Q5723228,Иран,31755,,,
Ansenuza national park,Аргентина,66.1416,1994-01-01T00:00:00Z,,
Ansenuza national park,Аргентина,66.1416,2022-06-30T00:00:00Z,,
Q5727821,Иран,47262,,,
Q5775353,Иран,9265,,,
Ilhas dos Currais Marine National Park,Бразилия,1360,2013-01-01T00:00:00Z,,
Esteros de Farrapos e Islas del Río Uruguay National  Park,Уругвай,1.681,2008-01-01T00:00:00Z,,Рамсарское угодье
Национальный парк Баму,Иран,48211,,,
Национальный морской парк Нехилу,Иран,20434,,,
Q5907119,Иран,8231,,,
Q5933828,Иран,27717,,,
Urmia Lake National Park,Иран,570000,,,
Urmia Lake National Park,Иран,541315,,,
Tang-e Sayad National Park,Иран,4372,,,
Nayband National Marine Park,Иран,47759,,,
Дюны Индианы,США,0.633216,1966-11-05T00:00:00Z,,
Дюны Индианы,США,15349,1966-11-05T00:00:00Z,,
Дюны Индианы,США,0.633216,2019-02-15T00:00:00Z,,
Дюны Индианы,США,15349,2019-02-15T00:00:00Z,,
Camino de Cruces National Park,Панама,0.4791,1992-01-01T00:00:00Z,,
Nationalpark Lago Enriqillo e Isla Cabritos,Доминиканская Республика,406.54,,,
Cocos Island National Park,Коста-Рика,19.7141,1978-01-01T00:00:00Z,,всемирное наследие
Cocos Island National Park,Коста-Рика,199790,1978-01-01T00:00:00Z,,всемирное наследие
Parnassos National Park,Греция,0.3513,,,
Пико Базиль (национальный парк),Экваториальная Гвинея,3.3,2000-01-01T00:00:00Z,Пико Базиле,
Catatumbo Barí National Natural Park,Колумбия,158125,1989-01-01T00:00:00Z,,
Nonguén National Park,Чили,3055,2009-12-30T00:00:00Z,,
João Vieira and Poilão Marine National Park,Гвинея-Бисау,4.95,2000-08-01T00:00:00Z,,
Национальный парк Севан,Армения,150100,1978-01-01T00:00:00Z,,
Kubah National Park,Малайзия,0.2285,,,
Kumana National Park,Шри-Ланка,35664,1970-01-01T00:00:00Z,,
Kund Park,Пакистан,150,2000-01-01T00:00:00Z,,
Kyambura Game Reserve,Уганда,1.56,1962-01-01T00:00:00Z,,
Kyambura Game Reserve,Уганда,1.56,1965-01-01T00:00:00Z,,
Ла-Тигра,Гондурас,2.4341,1980-01-01T00:00:00Z,,
Laguna de La Restinga National Park,Венесуэла,1.785,1975-02-06T00:00:00Z,,Рамсарское угодье
Lantoto National Park,Южный Судан,7.6,,,
Национальный парк Лар,Иран,35765,,,
Shambe National Park,Южный Судан,6.2,1985-01-01T00:00:00Z,,
Tandooreh National Park,Иран,35542,,,
Luengue-Luiana National Park,Ангола,226.1,2011-01-01T00:00:00Z,,
Machiara National Park,Пакистан,13532,1996-01-01T00:00:00Z,,
Maderas Volcano Natural Reserve,Никарагуа,0.2637,1992-01-01T00:00:00Z,,
Mbaéré-Bodingué National Park,Центральноафриканская Республика,8.66,2007-01-01T00:00:00Z,,
Mbaéré-Bodingué National Park,Центральноафриканская Республика,8.72,2007-01-01T00:00:00Z,,
Беловежский национальный парк,Польша,1.05173,1932-01-01T00:00:00Z,,часть объекта всемирного наследия
Missolonghi–Aitoliko Lagoons,Греция,0.442,,,Рамсарское угодье
Mombasa Marine National Park and Reserve,Кения,2,1986-01-01T00:00:00Z,,
Монтекристо,Сальвадор,0.1973,1987-11-18T00:00:00Z,,
Morne Diablotin National Park,Доминика,0.3614,2000-01-01T00:00:00Z,,Объект из предварительного списка Всемирного наследия
Naejangsan National Park,Республика Корея,0.81715,1971-01-01T00:00:00Z,,
Nascentes do Rio Parnaíba National Park,Бразилия,749766,2002-01-01T00:00:00Z,,
Nascentes do Rio Parnaíba National Park,Бразилия,72.98,2002-01-01T00:00:00Z,,
Odaesan National Park,Республика Корея,303.93,1975-01-01T00:00:00Z,,
Odaesan National Park,Республика Корея,3.2635,1975-01-01T00:00:00Z,,
Okeluse Forest Reserve,Нигерия,1.44,,,
Oluwa Forest Reserve,Нигерия,8.29,,,
Orango Islands National Park,Гвинея-Бисау,15.8235,2000-08-01T00:00:00Z,,
Pau Brasil National Park,Бразилия,18934,1999-04-20T00:00:00Z,,часть объекта всемирного наследия
Pau Brasil National Park,Бразилия,11538,1999-04-20T00:00:00Z,,часть объекта всемирного наследия
Pau Brasil National Park,Бразилия,1145,1999-04-20T00:00:00Z,,часть объекта всемирного наследия
Payne's Creek National Park,Белиз,14739,1994-01-01T00:00:00Z,,
Хоф-Пальмахим,Израиль,0.00221,2003-01-01T00:00:00Z,,
Копаоник,Сербия,11810,1981-01-01T00:00:00Z,,
Río Clarillo National Park,Чили,13085,1982-01-01T00:00:00Z,,
Saint-Hilaire/Lange National Park,Бразилия,24352,2001-05-23T00:00:00Z,,
Saint-Hilaire/Lange National Park,Бразилия,2.5119,2001-05-23T00:00:00Z,,
Sarstoon-Temash National Park,Белиз,16938,1994-01-01T00:00:00Z,,Рамсарское угодье
Satchari National Park,Бангладеш,0.0243,2005-01-01T00:00:00Z,,
Sea Acres National Park,Австралия,0.00709974365234375,1987-01-01T00:00:00Z,,
Sea Acres National Park,Австралия,0.00709974365234375,2010-01-01T00:00:00Z,,
Gunung Ledang National Park,Малайзия,8611.4,2003-07-01T00:00:00Z,,national natural historic site of Malaysia
Serra da Bodoquena National Park,Бразилия,7.8681,2000-01-01T00:00:00Z,,
Serra da Bodoquena National Park,Бразилия,76975,2000-01-01T00:00:00Z,,
Serra da Bocaina National Park,Бразилия,10.4,1971-01-01T00:00:00Z,,Объект из предварительного списка Всемирного наследия
Cunnawarra National Park,Австралия,163.15,1999-01-01T00:00:00Z,,
Cunnawarra National Park,Австралия,163.15,2003-01-01T00:00:00Z,,
Айл-Ройал,США,23.14,1940-04-03T00:00:00Z,Mount Desor,
Фолгефонна,Норвегия,54803.21561,2005-04-29T00:00:00Z,,
Фолгефонна,Норвегия,5.4803,2005-04-29T00:00:00Z,,
Girraween National Park,Австралия,1.17020078125,1966-01-01T00:00:00Z,,
Girraween National Park,Австралия,1.18,1966-01-01T00:00:00Z,,
Cheile Nerei-Beușnița National Park,Румыния,3.6758,1990-01-01T00:00:00Z,,
Cheile Nerei-Beușnița National Park,Румыния,36795.88039,1990-01-01T00:00:00Z,,
Cheile Nerei-Beușnița National Park,Румыния,3.6758,2000-01-01T00:00:00Z,,
Cheile Nerei-Beușnița National Park,Румыния,36795.88039,2000-01-01T00:00:00Z,,
Minerva Hills National Park,Австралия,0.278154809570313,1994-01-01T00:00:00Z,,
Minerva Hills National Park,Австралия,2.79,1994-01-01T00:00:00Z,,
Molle Islands National Park,Австралия,0.177476794433594,1937-01-01T00:00:00Z,,
Molle Islands National Park,Австралия,1.77,1937-01-01T00:00:00Z,,
Molle Islands National Park,Австралия,0.177476794433594,1998-01-01T00:00:00Z,,
Molle Islands National Park,Австралия,1.77,1998-01-01T00:00:00Z,,
Caparaó National Park,Бразилия,2.6,1961-05-14T00:00:00Z,,
Caparaó National Park,Бразилия,31763,1961-05-14T00:00:00Z,,
Вануаз,Франция,5.28,1963-01-01T00:00:00Z,Grande Casse,Объект из предварительного списка Всемирного наследия
Вануаз,Франция,52839,1963-01-01T00:00:00Z,Grande Casse,Объект из предварительного списка Всемирного наследия
Вануаз,Франция,5.28,1963-07-06T00:00:00Z,Grande Casse,Объект из предварительного списка Всемирного наследия
Вануаз,Франция,52839,1963-07-06T00:00:00Z,Grande Casse,Объект из предварительного списка Всемирного наследия
Millstream Chichester National Park,Австралия,23.8451609375,1970-01-01T00:00:00Z,,
Millstream Chichester National Park,Австралия,0.01997,1970-01-01T00:00:00Z,,
Millstream Chichester National Park,Австралия,23.8451609375,1972-01-01T00:00:00Z,,
Millstream Chichester National Park,Австралия,0.01997,1972-01-01T00:00:00Z,,
Эрринундра (национальный парк),Австралия,4.0101,1988-01-01T00:00:00Z,,
Эрринундра (национальный парк),Австралия,43090,1988-01-01T00:00:00Z,,
Эрринундра (национальный парк),Австралия,39870,1988-01-01T00:00:00Z,,
Конгари,США,26276,2003-11-10T00:00:00Z,,Национальная природная достопримечательность
Конгари,США,26276,2003-11-10T00:00:00Z,,Рамсарское угодье
Сайлент-Вэлли (национальный парк),Индия,8952,1980-01-01T00:00:00Z,,часть объекта всемирного наследия
Барма,Австралия,28505,2010-06-29T00:00:00Z,,
Йосемити,США,30.2719,1890-10-01T00:00:00Z,Лайелл,всемирное наследие
Йосемити,США,307934,1890-10-01T00:00:00Z,Лайелл,всемирное наследие
Брокмен (национальный парк),Австралия,0.00512273941040039,1977-01-01T00:00:00Z,,
Брокмен (национальный парк),Австралия,0.49,1977-01-01T00:00:00Z,,
Nullarbor National Park,Австралия,0.05781,1979-01-01T00:00:00Z,,
Nullarbor National Park,Австралия,3.24255,1979-01-01T00:00:00Z,,
Nullarbor National Park,Австралия,0.05781,2006-01-01T00:00:00Z,,
Nullarbor National Park,Австралия,3.24255,2006-01-01T00:00:00Z,,
Rajaji National Park,Индия,8,1983-01-01T00:00:00Z,,
Юнкердаль,Норвегия,6.82,2004-01-01T00:00:00Z,,
Юнкердаль,Норвегия,68205.91447,2004-01-01T00:00:00Z,,
Skarvan and Roltdalen National Park,Норвегия,4.41,2004-01-01T00:00:00Z,,
Skarvan and Roltdalen National Park,Норвегия,44166.28938,2004-01-01T00:00:00Z,,
Йостедалсбреен,Норвегия,131391.52051,1991-10-25T00:00:00Z,,
Йостедалсбреен,Норвегия,13.14,1991-10-25T00:00:00Z,,
Sjunkhatten National Park,Норвегия,41730.45552,2010-01-01T00:00:00Z,,
Sjunkhatten National Park,Норвегия,4.17,2010-01-01T00:00:00Z,,
Редвуд,США,77746.46,1968-10-02T00:00:00Z,,
Казиранга,Индия,170,1905-01-01T00:00:00Z,,всемирное наследие
Казиранга,Индия,42996,1905-01-01T00:00:00Z,,всемирное наследие
Moorrinya National Park,Австралия,3.25935703125,1993-01-01T00:00:00Z,,
Moorrinya National Park,Австралия,326.07,1993-01-01T00:00:00Z,,
Moorrinya National Park,Австралия,3.25935703125,1995-01-01T00:00:00Z,,
Moorrinya National Park,Австралия,326.07,1995-01-01T00:00:00Z,,
Бримстоун-Хилл-Фортресс,Сент-Китс и Невис,15.37,1987-01-01T00:00:00Z,,всемирное наследие
Иввавик,Канада,97.5,1984-01-01T00:00:00Z,,
Тонгариро,Новая Зеландия,79596,1887-01-01T00:00:00Z,,всемирное наследие
Тонгариро,Новая Зеландия,7.9596,1887-01-01T00:00:00Z,,всемирное наследие
Буджамулла,Австралия,28.159153125,1985-01-01T00:00:00Z,,
Буджамулла,Австралия,28.2,1985-01-01T00:00:00Z,,
Буджамулла,Австралия,28.159153125,2003-01-01T00:00:00Z,,
Буджамулла,Австралия,28.2,2003-01-01T00:00:00Z,,
Ретезат,Румыния,38047,1935-01-01T00:00:00Z,,
Ретезат,Румыния,38319.01022,1935-01-01T00:00:00Z,,
Ретезат,Румыния,38047,1988-01-01T00:00:00Z,,
Ретезат,Румыния,38319.01022,1988-01-01T00:00:00Z,,
Зайон,США,148016,1919-11-19T00:00:00Z,Horse Ranch Mountain,International Dark Sky Park
Зайон,США,5.958699,1919-11-19T00:00:00Z,Horse Ranch Mountain,International Dark Sky Park
Хавайи-Волкейнос,США,554,1916-01-01T00:00:00Z,Мауна-Лоа,всемирное наследие
Хавайи-Волкейнос,США,87940,1916-01-01T00:00:00Z,Мауна-Лоа,всемирное наследие
Pioneer Peaks National Park,Австралия,0.188011291503906,1992-01-01T00:00:00Z,,
Pioneer Peaks National Park,Австралия,1.89,1992-01-01T00:00:00Z,,
Pioneer Peaks National Park,Австралия,0.188011291503906,2004-01-01T00:00:00Z,,
Pioneer Peaks National Park,Австралия,1.89,2004-01-01T00:00:00Z,,
Reliance Creek National Park,Австралия,0.00286943168640137,1980-01-01T00:00:00Z,,
Reliance Creek National Park,Австралия,0.00286943168640137,2007-01-01T00:00:00Z,,
Mount O'Connell National Park,Австралия,7.57,1989-01-01T00:00:00Z,,
Mount O'Connell National Park,Австралия,0.0757736633300781,1989-01-01T00:00:00Z,,
Mount O'Connell National Park,Австралия,7.57,1994-01-01T00:00:00Z,,
Mount O'Connell National Park,Австралия,0.0757736633300781,1994-01-01T00:00:00Z,,
Mount Pinbarren National Park,Австралия,0.00227454299926758,1929-01-01T00:00:00Z,,
Mount Pinbarren National Park,Австралия,2.27,1929-01-01T00:00:00Z,,
Mount Pinbarren National Park,Австралия,0.00227454299926758,2002-01-01T00:00:00Z,,
Mount Pinbarren National Park,Австралия,2.27,2002-01-01T00:00:00Z,,
Mount Martin National Park,Австралия,0.227256323242188,1994-01-01T00:00:00Z,,
Mount Martin National Park,Австралия,21.73,1994-01-01T00:00:00Z,,
Mount Martin National Park,Австралия,0.227256323242188,2008-01-01T00:00:00Z,,
Mount Martin National Park,Австралия,21.73,2008-01-01T00:00:00Z,,
Стаатен Ривер,Австралия,46.87734375,1977-01-01T00:00:00Z,,
Стаатен Ривер,Австралия,0.047,1977-01-01T00:00:00Z,,
Стаатен Ривер,Австралия,46.87734375,1994-01-01T00:00:00Z,,
Стаатен Ривер,Австралия,0.047,1994-01-01T00:00:00Z,,
Лос-Гласьярес,Аргентина,44.59,1939-01-01T00:00:00Z,Фицрой,всемирное наследие
Лос-Гласьярес,Аргентина,726927,1939-01-01T00:00:00Z,Фицрой,всемирное наследие
Денали,США,0.24585,1917-01-01T00:00:00Z,Мак-Кинли,
Брайс-Каньон,США,1.45,1928-09-15T00:00:00Z,Rainbow Point,International Dark Sky Park
Budawang National Park,Австралия,23732,1977-01-01T00:00:00Z,,
Буффало-Спрингс (национальный заповедник),Кения,1.31,1985-01-01T00:00:00Z,,
Bugong National Park,Австралия,0.100348291015625,2001-01-01T00:00:00Z,,
Bugong National Park,Австралия,10.22,2001-01-01T00:00:00Z,,
Bulabog Putian National Park,Филиппины,8.54,1961-06-14T00:00:00Z,,
Bulburin National Park,Австралия,32.66,2006-01-01T00:00:00Z,,
Bulburin National Park,Австралия,3.429652734375,2006-01-01T00:00:00Z,,
Bulburin National Park,Австралия,32.66,2015-01-01T00:00:00Z,,
Bulburin National Park,Австралия,3.429652734375,2015-01-01T00:00:00Z,,
Bulleringa National Park,Австралия,5.378742578125,1992-01-01T00:00:00Z,,
Bulleringa National Park,Австралия,5.44,1992-01-01T00:00:00Z,,
Bulleringa National Park,Австралия,5.378742578125,1994-01-01T00:00:00Z,,
Bulleringa National Park,Австралия,5.44,1994-01-01T00:00:00Z,,
Bundjalung National Park,Австралия,2.1,1980-01-01T00:00:00Z,,
Bundjalung National Park,Австралия,2.121344921875,1980-01-01T00:00:00Z,,
Bundjalung National Park,Австралия,2.1,2011-01-01T00:00:00Z,,
Bundjalung National Park,Австралия,2.121344921875,2011-01-01T00:00:00Z,,
Bungawalbin National Park,Австралия,3.73,1999-01-01T00:00:00Z,,
Bungawalbin National Park,Австралия,0.37111953125,1999-01-01T00:00:00Z,,
Bungonia National Park,Австралия,0.0768986877441406,2010-01-01T00:00:00Z,,
Bungonia National Park,Австралия,0.77,2010-01-01T00:00:00Z,,
Bungonia National Park,Австралия,0.0768986877441406,2010-05-01T00:00:00Z,,
Bungonia National Park,Австралия,0.77,2010-05-01T00:00:00Z,,
Bunya Mountains National Park,Австралия,1.9385994140625,1908-01-01T00:00:00Z,,
Bunya Mountains National Park,Австралия,19.23,1908-01-01T00:00:00Z,,
Bunya Mountains National Park,Австралия,1.9385994140625,2017-01-01T00:00:00Z,,
Bunya Mountains National Park,Австралия,19.23,2017-01-01T00:00:00Z,,
Burleigh Head National Park,Австралия,0.00273164768218994,1994-01-01T00:00:00Z,,
Burleigh Head National Park,Австралия,2.76,1994-01-01T00:00:00Z,,
Бурроуа-Пайн-Маунтин,Австралия,1.896378125,1978-01-01T00:00:00Z,,
Бурроуа-Пайн-Маунтин,Австралия,1.84,1978-01-01T00:00:00Z,,
Бурроуа-Пайн-Маунтин,Австралия,184,1978-01-01T00:00:00Z,,
Burrum Coast National Park,Австралия,2.61,1994-01-01T00:00:00Z,,
Burrum Coast National Park,Австралия,2.5922224609375,1994-01-01T00:00:00Z,,
Burrum Coast National Park,Австралия,2.61,2008-01-01T00:00:00Z,,
Burrum Coast National Park,Австралия,2.5922224609375,2008-01-01T00:00:00Z,,
Butterleaf National Park,Австралия,0.3,1999-01-01T00:00:00Z,,
Butterleaf National Park,Австралия,0.300483471679687,1999-01-01T00:00:00Z,,
Byfield National Park,Австралия,1.4645,1988-01-01T00:00:00Z,,
Byfield National Park,Австралия,1.4886294921875,1988-01-01T00:00:00Z,,
Byfield National Park,Австралия,1.4645,2004-01-01T00:00:00Z,,
Byfield National Park,Австралия,1.4886294921875,2004-01-01T00:00:00Z,,
Бенуэ (национальный парк),Камерун,18,1968-01-01T00:00:00Z,,
Бёргефьель (национальный парк),Норвегия,14.47,1963-08-09T00:00:00Z,,
Бёргефьель (национальный парк),Норвегия,145073.42984,1963-08-09T00:00:00Z,,
Кернгормс,Великобритания,452809.88,2003-01-01T00:00:00Z,Бен-Макдюи,national park of Scotland
Гран-Сассо и Монти-делла-Лага,Италия,148935,1991-01-01T00:00:00Z,Корно-Гранде,особая природоохранная зона ЕС по защите птиц
Рас-Мохаммед,Египет,8.5,1983-01-01T00:00:00Z,,Объект из предварительного списка Всемирного наследия
Guadeloupe National Park,Франция,22061.7695,1989-01-01T00:00:00Z,Суфриер (Бас-Тер),
Guadeloupe National Park,Франция,212463.2809,1989-01-01T00:00:00Z,Суфриер (Бас-Тер),
Guadeloupe National Park,Франция,0.173,1989-01-01T00:00:00Z,Суфриер (Бас-Тер),
Camooweal Caves National Park,Австралия,1.38,1988-01-01T00:00:00Z,,
Camooweal Caves National Park,Австралия,1.38,1994-01-01T00:00:00Z,,
Moreton Island National Park,Австралия,1.6972181640625,1966-01-01T00:00:00Z,,
Moreton Island National Park,Австралия,1.6972181640625,2007-01-01T00:00:00Z,,
Юйшань,Китайская Республика (Тайвань),105490,1985-04-10T00:00:00Z,,
Hubei Shennongjia,Китай,70467,,,всемирное наследие
Chagres National Park,Панама,12.9,1985-01-01T00:00:00Z,,
České Švýcarsko National Park,Чехия,7927.7566,2000-01-01T00:00:00Z,Růžovský vrch,
Turquino National Park,Куба,229.38,1980-01-01T00:00:00Z,Пик Туркино,
Saint Katherine Protectorate,Египет,43.5,,,
Рара,Непал,1.06,1976-01-01T00:00:00Z,,
Галичица,Северная Македония,22750,1958-01-01T00:00:00Z,,
Уилпатту,Шри-Ланка,10.85,1938-01-01T00:00:00Z,,
Brasília National Park,Бразилия,42356,1961-01-01T00:00:00Z,,
Brasília National Park,Бразилия,4.2383,1961-01-01T00:00:00Z,,
Алгетский национальный парк,Грузия,68.22,1965-01-01T00:00:00Z,,
Cerro Cora National Park,Парагвай,120.38,1976-01-01T00:00:00Z,,
Эндау-Ромпин,Малайзия,340,1993-01-01T00:00:00Z,,
Эндау-Ромпин,Малайзия,4.8364,1993-01-01T00:00:00Z,,
Эндау-Ромпин,Малайзия,8.7,1993-01-01T00:00:00Z,,
Национальный парк Банке,Непал,5.5,2010-01-01T00:00:00Z,,
Ruvubu National Park,Бурунди,50800,1980-03-03T00:00:00Z,,Объект из предварительного списка Всемирного наследия
Ruvubu National Park,Бурунди,50800,1980-03-03T00:00:00Z,,Рамсарское угодье
Чандоли,Индия,3.1767,1985-01-01T00:00:00Z,,часть объекта всемирного наследия
Чандоли,Индия,30890,1985-01-01T00:00:00Z,,часть объекта всемирного наследия
Парк Леуми,Израиль,1800,1953-01-01T00:00:00Z,,
Cerro Castillo National Park,Чили,179550,1970-06-19T00:00:00Z,,
Cerro Castillo National Park,Чили,143502,1970-06-19T00:00:00Z,,
Cerro Castillo National Park,Чили,179550,2018-07-07T00:00:00Z,,
Cerro Castillo National Park,Чили,143502,2018-07-07T00:00:00Z,,
Чжанцзяцзе,Китай,4.7915,1982-01-01T00:00:00Z,,
Ciénagas de Juan Manuel National Park,Венесуэла,18.8512,1991-01-01T00:00:00Z,,
Буррен (национальный парк),Ирландия,0.15,1991-01-01T00:00:00Z,,
Буррен (национальный парк),Ирландия,2000,1991-01-01T00:00:00Z,,
Bidoup Núi Bà National Park,Вьетнам,5.7512,2004-11-19T00:00:00Z,,
Matese National Park,Италия,87900,1993-01-01T00:00:00Z,,
Matese National Park,Италия,87900,1993-01-01T00:00:00Z,,
Matese National Park,Италия,87900,1993-09-01T00:00:00Z,,
Matese National Park,Италия,87900,1993-09-01T00:00:00Z,,
Национальный парк Моррокой,Венесуэла,32090,1974-05-26T00:00:00Z,,
Аггёльский национальный парк,Азербайджан,1.7924,2003-01-01T00:00:00Z,,
Апшеронский национальный парк,Азербайджан,0.0783,2005-01-01T00:00:00Z,,
Арагуаиа (национальный парк),Бразилия,555478,1959-01-01T00:00:00Z,,
Арагуаиа (национальный парк),Бразилия,55.55,1959-01-01T00:00:00Z,,
Национальный парк Буйратау,Казахстан,8.9,2011-03-11T00:00:00Z,,
Национальный парк Бурабай,Казахстан,129299,2000-01-01T00:00:00Z,,
Дельта Аксьоса,Греция,3.3779,1971-01-01T00:00:00Z,,
Сэйбл-Айленд (национальный парк),Канада,0.2984,2013-12-01T00:00:00Z,,
Жонгар-Алатауский национальный парк,Казахстан,356022,2010-04-30T00:00:00Z,,
Иле-Алатауский национальный парк,Казахстан,199621,1996-01-01T00:00:00Z,,Объект из предварительного списка Всемирного наследия
Катон-Карагайский национальный парк,Казахстан,64.3477,2001-07-17T00:00:00Z,,
Национальный парк Кокшетау,Казахстан,182076,1996-04-10T00:00:00Z,,
Национальный парк Кольсайские озёра,Казахстан,161045,2007-02-07T00:00:00Z,,
"Манас (национальный парк, Бутан)",Бутан,10.57,1966-01-01T00:00:00Z,,Объект из предварительного списка Всемирного наследия
Мили-Маунтинс (национальный парк),Канада,107,,,
Нарынский государственный заповедник,Кыргызстан,10.552,1983-01-01T00:00:00Z,,
Национальный морской парк Лас-Баулас,Коста-Рика,2.2,1991-01-01T00:00:00Z,,
Онон-Балж,Монголия,29.2374,2000-01-01T00:00:00Z,,
Botum Sakor National Park,Камбоджа,17.125,1993-01-01T00:00:00Z,,
Langtang National Park,Непал,17.1,1976-01-01T00:00:00Z,,
Parsa National Park,Непал,4.99,,,
Сайрам-Угамский национальный парк,Казахстан,149037.1,2006-01-26T00:00:00Z,,
Синевир (национальный парк),Украина,40400,1974-01-01T00:00:00Z,,
Хорго-Тэрхийн-Цагаан-Нуур,Монголия,7.6893,1965-01-01T00:00:00Z,,
Цамбагарав-Уул (национальный парк),Монголия,11.37,2000-01-01T00:00:00Z,,
Чарынский национальный парк,Казахстан,127050,2004-02-23T00:00:00Z,,
Ширванский национальный парк,Азербайджан,5.4374,2003-07-05T00:00:00Z,,
Национальный парк Вулкан Тенорио,Коста-Рика,1.2903,1976-01-01T00:00:00Z,,
La Cangreja National Park,Коста-Рика,2519,2003-06-05T00:00:00Z,,
Tapantí National Park,Коста-Рика,5.832,1982-01-01T00:00:00Z,,
Al Saleel National Park,Оман,2.2,1997-01-01T00:00:00Z,,
Альтос де Нсорк (национальный парк),Экваториальная Гвинея,80000,2000-01-01T00:00:00Z,,
Cayambe Coca National Park,Эквадор,403103,1970-11-17T00:00:00Z,,
Angammedilla National Park,Шри-Ланка,0.75,2006-06-06T00:00:00Z,,
Araucárias National Park,Бразилия,12810,2005-01-01T00:00:00Z,,
Araucárias National Park,Бразилия,1.2841,2005-01-01T00:00:00Z,,
Bahía Portete – Kaurrele National Natural Park,Колумбия,1.408,,,
Turuepano National Park,Венесуэла,7.712,1991-06-05T00:00:00Z,,
Национальный парк Мариуса,Венесуэла,32.551,1991-06-05T00:00:00Z,,
Cerro El Copey National Park,Венесуэла,0.688,1974-02-27T00:00:00Z,Cerro El Copey,
El Tamá National Park,Венесуэла,14.0031,1978-01-01T00:00:00Z,,
Guatopo National Park,Венесуэла,12.2464,1958-03-28T00:00:00Z,,
Yacambú National Park,Венесуэла,1.46,1962-06-12T00:00:00Z,,
Yurubí National Park,Венесуэла,2.367,1960-03-18T00:00:00Z,,
Duida-Marahuaca National Park,Венесуэла,23.657,1978-12-12T00:00:00Z,,
Эль-Гуачаро,Венесуэла,6.294,1975-05-27T00:00:00Z,Cerro Negro,национальный исторический памятник Венесуэлы
Banhine National Park,Мозамбик,70,1973-01-01T00:00:00Z,,national park of Mozambique
Battery Kemble Park,США,2.79,,,
Bhawal National Park,Бангладеш,0.5022,1974-01-01T00:00:00Z,,
Blue and John Crow Mountains National Park,Ямайка,12.2377,1993-01-01T00:00:00Z,,
Национальный парк Бокор,Камбоджа,14.23,1993-01-01T00:00:00Z,,
Национальный парк Реам,Камбоджа,2.1,1993-01-01T00:00:00Z,,
Broghil Valley National Park,Пакистан,114744,,,
Prespa National Park,Албания,27750,1999-01-01T00:00:00Z,,Рамсарское угодье
Prespa National Park,Албания,0.2775,1999-01-01T00:00:00Z,,Рамсарское угодье
Mols Bjerge National Park,Дания,1.8,2007-01-01T00:00:00Z,,
Cabrits National Park,Доминика,2.1489,1986-01-01T00:00:00Z,,
Campos Gerais National Park,Бразилия,21299,2006-01-01T00:00:00Z,,
Campos Gerais National Park,Бразилия,2.15,2006-01-01T00:00:00Z,,
Кантаньес (национальный парк),Гвинея-Бисау,6.8,1980-01-01T00:00:00Z,,
Кантаньес (национальный парк),Гвинея-Бисау,10.5767,1980-01-01T00:00:00Z,,
Кантаньес (национальный парк),Гвинея-Бисау,6.8,2007-10-01T00:00:00Z,,
Тосканский архипелаг,Италия,73622,1989-01-01T00:00:00Z,,
Тосканский архипелаг,Италия,7.9168,1989-01-01T00:00:00Z,,
Тосканский архипелаг,Италия,73622,1996-01-01T00:00:00Z,,
Тосканский архипелаг,Италия,7.9168,1996-01-01T00:00:00Z,,
Columbey National Park,Австралия,7.87,2007-07-01T00:00:00Z,,
Columbey National Park,Австралия,0.128704931640625,2007-07-01T00:00:00Z,,
Columbey National Park,Австралия,7.87,2016-01-01T00:00:00Z,,
Columbey National Park,Австралия,0.128704931640625,2016-01-01T00:00:00Z,,
Coorabakh National Park,Австралия,0.18,1999-01-01T00:00:00Z,,
Coorabakh National Park,Австралия,0.180656274414062,1999-01-01T00:00:00Z,,
Scone Mountain National Park,Австралия,0.00780406723022461,2005-01-01T00:00:00Z,,
Scone Mountain National Park,Австралия,0.78,2005-01-01T00:00:00Z,,
Scone Mountain National Park,Австралия,0.00780406723022461,2005-12-01T00:00:00Z,,
Scone Mountain National Park,Австралия,0.78,2005-12-01T00:00:00Z,,
Llanganates National Park,Эквадор,21.9919,1996-01-01T00:00:00Z,Cerro Hermoso,
Yuraygir National Park,Австралия,3.645476953125,1980-01-01T00:00:00Z,,
Yuraygir National Park,Австралия,354.03,1980-01-01T00:00:00Z,,
Yuraygir National Park,Австралия,3.645476953125,2010-01-01T00:00:00Z,,
Yuraygir National Park,Австралия,354.03,2010-01-01T00:00:00Z,,
Принс-Альберт,Канада,38.746,1927-01-01T00:00:00Z,,
Huerquehue National Park,Чили,12500,1967-06-09T00:00:00Z,,
Микуми,Танзания,32.3,1964-01-01T00:00:00Z,,
Conimbla National Park,Австралия,0.88476279296875,1980-01-01T00:00:00Z,,
Conimbla National Park,Австралия,0.8471,1980-01-01T00:00:00Z,,
Conimbla National Park,Австралия,0.88476279296875,2008-01-01T00:00:00Z,,
Conimbla National Park,Австралия,0.8471,2008-01-01T00:00:00Z,,
Коннемара (национальный парк),Ирландия,29.57,1980-01-01T00:00:00Z,,
Mitchell River National Park,Австралия,11.5052078125,1962-01-01T00:00:00Z,,
Mitchell River National Park,Австралия,14395,1962-01-01T00:00:00Z,,
Mitchell River National Park,Австралия,11899,1962-01-01T00:00:00Z,,
Mitchell River National Park,Австралия,14394,1962-01-01T00:00:00Z,,
Mitchell River National Park,Австралия,14249,1962-01-01T00:00:00Z,,
Mitchell River National Park,Австралия,1.43886484375,1962-01-01T00:00:00Z,,
Mitchell River National Park,Австралия,1.4389,1962-01-01T00:00:00Z,,
Mitchell River National Park,Австралия,11.5052078125,1986-01-01T00:00:00Z,,
Mitchell River National Park,Австралия,14395,1986-01-01T00:00:00Z,,
Mitchell River National Park,Австралия,11899,1986-01-01T00:00:00Z,,
Mitchell River National Park,Австралия,14394,1986-01-01T00:00:00Z,,
Mitchell River National Park,Австралия,14249,1986-01-01T00:00:00Z,,
Mitchell River National Park,Австралия,1.43886484375,1986-01-01T00:00:00Z,,
Mitchell River National Park,Австралия,1.4389,1986-01-01T00:00:00Z,,
Mitchell River National Park,Австралия,11.5052078125,2000-01-01T00:00:00Z,,
Mitchell River National Park,Австралия,14395,2000-01-01T00:00:00Z,,
Mitchell River National Park,Австралия,11899,2000-01-01T00:00:00Z,,
Mitchell River National Park,Австралия,14394,2000-01-01T00:00:00Z,,
Mitchell River National Park,Австралия,14249,2000-01-01T00:00:00Z,,
Mitchell River National Park,Австралия,1.43886484375,2000-01-01T00:00:00Z,,
Mitchell River National Park,Австралия,1.4389,2000-01-01T00:00:00Z,,
Туарт-Форест,Австралия,0.178522412109375,1987-01-01T00:00:00Z,,
Туарт-Форест,Австралия,0.0264762908935547,1987-01-01T00:00:00Z,,
Туарт-Форест,Австралия,0.2,1987-01-01T00:00:00Z,,
Туарт-Форест,Австралия,0.178522412109375,1994-01-01T00:00:00Z,,
Туарт-Форест,Австралия,0.0264762908935547,1994-01-01T00:00:00Z,,
Туарт-Форест,Австралия,0.2,1994-01-01T00:00:00Z,,
Chingaza National Natural Park,Колумбия,0.766,1977-01-01T00:00:00Z,,Рамсарское угодье
Conway National Park,Австралия,3.263584765625,1938-01-01T00:00:00Z,,
Conway National Park,Австралия,26.46,1938-01-01T00:00:00Z,,
Conway National Park,Австралия,3.263584765625,2014-01-01T00:00:00Z,,
Conway National Park,Австралия,26.46,2014-01-01T00:00:00Z,,
Купракамбра,Австралия,3.88,1988-01-01T00:00:00Z,,
Купракамбра,Австралия,3.5,1988-01-01T00:00:00Z,,
Купракамбра,Австралия,3.85022213232621,1988-01-01T00:00:00Z,,
Купракамбра,Австралия,3.88,1991-01-01T00:00:00Z,,
Купракамбра,Австралия,3.5,1991-01-01T00:00:00Z,,
Купракамбра,Австралия,3.85022213232621,1991-01-01T00:00:00Z,,
Coorong National Park,Австралия,4.901732421875,1967-01-01T00:00:00Z,,Рамсарское угодье
Coorong National Park,Австралия,4.67,1967-01-01T00:00:00Z,,Рамсарское угодье
Coorong National Park,Австралия,4.901732421875,2011-01-01T00:00:00Z,,Рамсарское угодье
Coorong National Park,Австралия,4.67,2011-01-01T00:00:00Z,,Рамсарское угодье
Yalgorup National Park,Австралия,0.00218742275238037,1966-01-01T00:00:00Z,,Рамсарское угодье
Yalgorup National Park,Австралия,0.00672191543579102,1966-01-01T00:00:00Z,,Рамсарское угодье
Yalgorup National Park,Австралия,1.30321337890625,1966-01-01T00:00:00Z,,Рамсарское угодье
Yalgorup National Park,Австралия,0.01159,1966-01-01T00:00:00Z,,Рамсарское угодье
Yalgorup National Park,Австралия,0.100170043945313,1966-01-01T00:00:00Z,,Рамсарское угодье
Yalgorup National Park,Австралия,0.00218742275238037,1976-01-01T00:00:00Z,,Рамсарское угодье
Yalgorup National Park,Австралия,0.00672191543579102,1976-01-01T00:00:00Z,,Рамсарское угодье
Yalgorup National Park,Австралия,1.30321337890625,1976-01-01T00:00:00Z,,Рамсарское угодье
Yalgorup National Park,Австралия,0.01159,1976-01-01T00:00:00Z,,Рамсарское угодье
Yalgorup National Park,Австралия,0.100170043945313,1976-01-01T00:00:00Z,,Рамсарское угодье
Yalgorup National Park,Австралия,0.00218742275238037,2001-01-01T00:00:00Z,,Рамсарское угодье
Yalgorup National Park,Австралия,0.00672191543579102,2001-01-01T00:00:00Z,,Рамсарское угодье
Yalgorup National Park,Австралия,1.30321337890625,2001-01-01T00:00:00Z,,Рамсарское угодье
Yalgorup National Park,Австралия,0.01159,2001-01-01T00:00:00Z,,Рамсарское угодье
Yalgorup National Park,Австралия,0.100170043945313,2001-01-01T00:00:00Z,,Рамсарское угодье
Yalgorup National Park,Австралия,0.00218742275238037,2002-01-01T00:00:00Z,,Рамсарское угодье
Yalgorup National Park,Австралия,0.00672191543579102,2002-01-01T00:00:00Z,,Рамсарское угодье
Yalgorup National Park,Австралия,1.30321337890625,2002-01-01T00:00:00Z,,Рамсарское угодье
Yalgorup National Park,Австралия,0.01159,2002-01-01T00:00:00Z,,Рамсарское угодье
Yalgorup National Park,Австралия,0.100170043945313,2002-01-01T00:00:00Z,,Рамсарское угодье
Yalgorup National Park,Австралия,0.00218742275238037,2017-01-01T00:00:00Z,,Рамсарское угодье
Yalgorup National Park,Австралия,0.00672191543579102,2017-01-01T00:00:00Z,,Рамсарское угодье
Yalgorup National Park,Австралия,1.30321337890625,2017-01-01T00:00:00Z,,Рамсарское угодье
Yalgorup National Park,Австралия,0.01159,2017-01-01T00:00:00Z,,Рамсарское угодье
Yalgorup National Park,Австралия,0.100170043945313,2017-01-01T00:00:00Z,,Рамсарское угодье
Фрэнк-Ханн,Австралия,6.76,1970-01-01T00:00:00Z,,
Фрэнк-Ханн,Австралия,6.87079921875,1970-01-01T00:00:00Z,,
Фрэнк-Ханн,Австралия,6.76,1972-01-01T00:00:00Z,,
Фрэнк-Ханн,Австралия,6.87079921875,1972-01-01T00:00:00Z,,
Юкла (национальный парк),Австралия,0.33,1979-01-01T00:00:00Z,,
Юкла (национальный парк),Австралия,0.37932373046875,1979-01-01T00:00:00Z,,
Cordalba National Park,Австралия,24.73,2007-01-01T00:00:00Z,,
Cordalba National Park,Австралия,0.247692114257813,2007-01-01T00:00:00Z,,
Serra do Divisor National Park,Бразилия,84.63,1989-01-01T00:00:00Z,,Объект из предварительного списка Всемирного наследия
Serra do Divisor National Park,Бразилия,836220,1989-01-01T00:00:00Z,,Объект из предварительного списка Всемирного наследия
Сепфорис,Израиль,0.16,,,
Thirlmere Lakes National Park,Австралия,0.63,1972-01-01T00:00:00Z,,
Thirlmere Lakes National Park,Австралия,0.066233154296875,1972-01-01T00:00:00Z,,
Thirlmere Lakes National Park,Австралия,0.63,2009-01-01T00:00:00Z,,
Thirlmere Lakes National Park,Австралия,0.066233154296875,2009-01-01T00:00:00Z,,
Наракортские пещеры,Австралия,0.0658,1994-01-01T00:00:00Z,,listed on the Australian National Heritage List
Наракортские пещеры,Австралия,3.05,1994-01-01T00:00:00Z,,listed on the Australian National Heritage List
Наракортские пещеры,Австралия,0.0658,2011-01-01T00:00:00Z,,listed on the Australian National Heritage List
Наракортские пещеры,Австралия,3.05,2011-01-01T00:00:00Z,,listed on the Australian National Heritage List
Наракортские пещеры,Австралия,0.0658,1994-01-01T00:00:00Z,,listed on the South Australian Heritage Register
Наракортские пещеры,Австралия,3.05,1994-01-01T00:00:00Z,,listed on the South Australian Heritage Register
Наракортские пещеры,Австралия,0.0658,2011-01-01T00:00:00Z,,listed on the South Australian Heritage Register
Наракортские пещеры,Австралия,3.05,2011-01-01T00:00:00Z,,listed on the South Australian Heritage Register
Наракортские пещеры,Австралия,0.0658,1994-01-01T00:00:00Z,,часть объекта всемирного наследия
Наракортские пещеры,Австралия,3.05,1994-01-01T00:00:00Z,,часть объекта всемирного наследия
Наракортские пещеры,Австралия,0.0658,2011-01-01T00:00:00Z,,часть объекта всемирного наследия
Наракортские пещеры,Австралия,3.05,2011-01-01T00:00:00Z,,часть объекта всемирного наследия
Cottan-Bimbang National Park,Австралия,3.0577798828125,1999-01-01T00:00:00Z,,
Cottan-Bimbang National Park,Австралия,2.69,1999-01-01T00:00:00Z,,
Cottan-Bimbang National Park,Австралия,3.0577798828125,2003-01-01T00:00:00Z,,
Cottan-Bimbang National Park,Австралия,2.69,2003-01-01T00:00:00Z,,
Serra do Cipó National Park,Бразилия,31639,1984-01-01T00:00:00Z,,
Serra do Cipó National Park,Бразилия,3.1,1984-01-01T00:00:00Z,,
Шенандоа,США,8.0539,1935-12-26T00:00:00Z,Hawksbill Mountain,
Халеакала,США,1.346,1961-07-01T00:00:00Z,Халеакала,
Грейт-Бейсин,США,3.12,1987-01-01T00:00:00Z,Уилер Пик,International Dark Sky Park
Крейдл-Маунтин — Лейк-Сент-Клэр,Австралия,16.168,1922-01-01T00:00:00Z,,
Крейдл-Маунтин — Лейк-Сент-Клэр,Австралия,16.1681703125,1922-01-01T00:00:00Z,,
Limmen National Park,Австралия,95.8118242805719,2012-01-01T00:00:00Z,,
Limmen National Park,Австралия,9608.46,2012-01-01T00:00:00Z,,
Хардангервидда,Норвегия,344475.7761,1981-04-10T00:00:00Z,,
Хардангервидда,Норвегия,34.22,1981-04-10T00:00:00Z,,
Onkaparinga River National Park,Австралия,0.154447827148438,1993-01-01T00:00:00Z,,
Onkaparinga River National Park,Австралия,15.54,1993-01-01T00:00:00Z,,
Onkaparinga River National Park,Австралия,0.154447827148438,2001-01-01T00:00:00Z,,
Onkaparinga River National Park,Австралия,15.54,2001-01-01T00:00:00Z,,
Кроаджинголонг,Австралия,87500,1979-04-26T00:00:00Z,,
Кроаджинголонг,Австралия,86000,1979-04-26T00:00:00Z,,
Кроаджинголонг,Австралия,8.851453125,1979-04-26T00:00:00Z,,
Кроаджинголонг,Австралия,88525,1979-04-26T00:00:00Z,,
Кроаджинголонг,Австралия,87500,2013-01-01T00:00:00Z,,
Кроаджинголонг,Австралия,86000,2013-01-01T00:00:00Z,,
Кроаджинголонг,Австралия,8.851453125,2013-01-01T00:00:00Z,,
Кроаджинголонг,Австралия,88525,2013-01-01T00:00:00Z,,
Crows Nest National Park,Австралия,0.18,1992-01-01T00:00:00Z,,
Crows Nest National Park,Австралия,0.17934287109375,1992-01-01T00:00:00Z,,
Crows Nest National Park,Австралия,0.18,2006-01-01T00:00:00Z,,
Crows Nest National Park,Австралия,0.17934287109375,2006-01-01T00:00:00Z,,
Mount Remarkable National Park,Австралия,1.8360841796875,1952-01-01T00:00:00Z,,
Mount Remarkable National Park,Австралия,1.06,1952-01-01T00:00:00Z,,
Mount Remarkable National Park,Австралия,1.8360841796875,2000-01-01T00:00:00Z,,
Mount Remarkable National Park,Австралия,1.06,2000-01-01T00:00:00Z,,
Culgoa Floodplain National Park,Австралия,6.178191796875,1994-01-01T00:00:00Z,,
Culgoa Floodplain National Park,Австралия,6.19,1994-01-01T00:00:00Z,,
Culgoa Floodplain National Park,Австралия,6.178191796875,2008-01-01T00:00:00Z,,
Culgoa Floodplain National Park,Австралия,6.19,2008-01-01T00:00:00Z,,
Хот-Спрингс,США,0.225,1921-03-04T00:00:00Z,Music Mountain,
Драй-Тортугас,США,2.618,1935-01-04T00:00:00Z,,национальный исторический памятник США
Драй-Тортугас,США,2.618,1935-01-04T00:00:00Z,,место из Национального реестра исторических мест США
Curracabundi National Park,Австралия,107.84,2006-06-01T00:00:00Z,,
Curracabundi National Park,Австралия,1.5363267578125,2006-06-01T00:00:00Z,,
Curracabundi National Park,Австралия,107.84,2010-01-01T00:00:00Z,,
Curracabundi National Park,Австралия,1.5363267578125,2010-01-01T00:00:00Z,,
Currawinya National Park,Австралия,34.389425,1991-01-01T00:00:00Z,,Рамсарское угодье
Currawinya National Park,Австралия,0.015487,1991-01-01T00:00:00Z,,Рамсарское угодье
Currawinya National Park,Австралия,34.389425,2016-01-01T00:00:00Z,,Рамсарское угодье
Currawinya National Park,Австралия,0.015487,2016-01-01T00:00:00Z,,Рамсарское угодье
Curtain Fig National Park,Австралия,1.96,2005-01-01T00:00:00Z,,
Curtain Fig National Park,Австралия,0.0195079025268555,2005-01-01T00:00:00Z,,
Curtain Fig National Park,Австралия,1.96,2017-01-01T00:00:00Z,,
Curtain Fig National Park,Австралия,0.0195079025268555,2017-01-01T00:00:00Z,,
Curtis Island National Park,Австралия,1.02705654296875,1992-01-01T00:00:00Z,,
Curtis Island National Park,Австралия,8.64,1992-01-01T00:00:00Z,,
Curtis Island National Park,Австралия,1.02705654296875,2013-01-01T00:00:00Z,,
Curtis Island National Park,Австралия,8.64,2013-01-01T00:00:00Z,,
Пойнт-Пили,Канада,0.152,1918-01-01T00:00:00Z,,Рамсарское угодье
Дачигам (национальный парк),Индия,1.47,1910-01-01T00:00:00Z,,
Dalrymple National Park,Австралия,0.173385729980469,1990-01-01T00:00:00Z,,
Dalrymple National Park,Австралия,1.66,1990-01-01T00:00:00Z,,
Dalrymple National Park,Австралия,0.173385729980469,1998-01-01T00:00:00Z,,
Dalrymple National Park,Австралия,1.66,1998-01-01T00:00:00Z,,
Danbulla National Park,Австралия,1.14254765625,2011-01-01T00:00:00Z,,
Danbulla National Park,Австралия,81.33,2011-01-01T00:00:00Z,,
Danbulla National Park,Австралия,1.14254765625,2015-01-01T00:00:00Z,,
Danbulla National Park,Австралия,81.33,2015-01-01T00:00:00Z,,
Глейшер,Канада,13.49,1886-10-10T00:00:00Z,Mount Dawson,
Триглав,Словения,8.3981,1981-01-01T00:00:00Z,,зарегистрированный недвижимый объект культурного наследия
Триглав,Словения,83979.44514,1981-01-01T00:00:00Z,,зарегистрированный недвижимый объект культурного наследия
Альфред,Австралия,3050,1925-01-01T00:00:00Z,,
Альфред,Австралия,3.05,1925-01-01T00:00:00Z,,
Альфред,Австралия,0.302174584960938,1925-01-01T00:00:00Z,,
Альфред,Австралия,3050,1956-01-01T00:00:00Z,,
Альфред,Австралия,3.05,1956-01-01T00:00:00Z,,
Альфред,Австралия,0.302174584960938,1956-01-01T00:00:00Z,,
Forollhogna National Park,Норвегия,106104.27788,2001-01-01T00:00:00Z,Forollhogna,
Forollhogna National Park,Норвегия,10.59,2001-01-01T00:00:00Z,Forollhogna,
Ifrane National Park,Марокко,5.18,2004-01-01T00:00:00Z,,
Костерхавет,Швеция,37953.998,2009-09-01T00:00:00Z,,
Костерхавет,Швеция,38823.86,2009-09-01T00:00:00Z,,
Костерхавет,Швеция,869.65,2009-09-01T00:00:00Z,,
Костерхавет,Швеция,72.417,2009-09-01T00:00:00Z,,
"Абруццо, Лацио и Молизе",Италия,4.968,1922-01-01T00:00:00Z,,
"Абруццо, Лацио и Молизе",Италия,49680,1922-01-01T00:00:00Z,,
"Абруццо, Лацио и Молизе",Италия,4.968,1923-01-01T00:00:00Z,,
"Абруццо, Лацио и Молизе",Италия,49680,1923-01-01T00:00:00Z,,
Saltwater National Park,Австралия,0.33,2004-01-01T00:00:00Z,,
Saltwater National Park,Австралия,0.0032982551574707,2004-01-01T00:00:00Z,,
Saltwater National Park,Австралия,0.33,2004-09-01T00:00:00Z,,
Saltwater National Park,Австралия,0.0032982551574707,2004-09-01T00:00:00Z,,
Колхидский национальный парк,Грузия,2.894,1998-01-01T00:00:00Z,,
Франклин — Гордон-Уайлд-Риверс,Австралия,46.356596875,1908-01-01T00:00:00Z,,
Франклин — Гордон-Уайлд-Риверс,Австралия,44.6342,1908-01-01T00:00:00Z,,
Франклин — Гордон-Уайлд-Риверс,Австралия,46.356596875,1999-01-01T00:00:00Z,,
Франклин — Гордон-Уайлд-Риверс,Австралия,44.6342,1999-01-01T00:00:00Z,,
Watarrka National Park,Австралия,10.518937890625,1989-01-01T00:00:00Z,,
Watarrka National Park,Австралия,10.518937890625,2012-01-01T00:00:00Z,,
Нараунтапу,Австралия,43.49,1976-01-01T00:00:00Z,,
Нараунтапу,Австралия,0.450062470353581,1976-01-01T00:00:00Z,,
Нараунтапу,Австралия,43.49,2000-01-01T00:00:00Z,,
Нараунтапу,Австралия,0.450062470353581,2000-01-01T00:00:00Z,,
Рантхамбор,Индия,3.92,1980-01-01T00:00:00Z,,
Айгуес-Тортес-Сан-Маурисио,Испания,13925.99896,1955-10-21T00:00:00Z,,site of community importance
Айгуес-Тортес-Сан-Маурисио,Испания,40852,1955-10-21T00:00:00Z,,site of community importance
Айгуес-Тортес-Сан-Маурисио,Испания,13925.99896,1955-10-21T00:00:00Z,,Специальная область сохранения
Айгуес-Тортес-Сан-Маурисио,Испания,40852,1955-10-21T00:00:00Z,,Специальная область сохранения
Айгуес-Тортес-Сан-Маурисио,Испания,13925.99896,1955-10-21T00:00:00Z,,особая природоохранная зона ЕС по защите птиц
Айгуес-Тортес-Сан-Маурисио,Испания,40852,1955-10-21T00:00:00Z,,особая природоохранная зона ЕС по защите птиц
Айгуес-Тортес-Сан-Маурисио,Испания,13925.99896,1955-10-21T00:00:00Z,,Рамсарское угодье
Айгуес-Тортес-Сан-Маурисио,Испания,40852,1955-10-21T00:00:00Z,,Рамсарское угодье
Welford National Park,Австралия,12.3322640625,1992-01-01T00:00:00Z,,
Welford National Park,Австралия,12.4,1992-01-01T00:00:00Z,,
Welford National Park,Австралия,12.3322640625,2008-01-01T00:00:00Z,,
Welford National Park,Австралия,12.4,2008-01-01T00:00:00Z,,
Лиува-Плейнс (национальный парк),Замбия,33.69,1972-01-01T00:00:00Z,,
Стаббурсдален,Норвегия,74898.32715,1970-01-01T00:00:00Z,,
Стаббурсдален,Норвегия,7.49,1970-01-01T00:00:00Z,,
Soberanía National Park,Панама,2.21,1980-01-01T00:00:00Z,,
Янкари (парк),Нигерия,22.44,1991-01-01T00:00:00Z,,
Пенеда-Жереш,Португалия,7.029,1971-01-01T00:00:00Z,Nevosa,heritage without legal protection
Пенеда-Жереш,Португалия,6.95925,1971-01-01T00:00:00Z,Nevosa,heritage without legal protection
Пенеда-Жереш,Португалия,7.029,1971-05-08T00:00:00Z,Nevosa,heritage without legal protection
Пенеда-Жереш,Португалия,6.95925,1971-05-08T00:00:00Z,Nevosa,heritage without legal protection
Каинджи (национальный парк),Нигерия,53.4,1979-01-01T00:00:00Z,,
Фанди (национальный парк),Канада,2.059,1948-04-10T00:00:00Z,Rossiter Hill,
Пенджари,Бенин,458921,1961-01-01T00:00:00Z,,часть объекта всемирного наследия
Пенджари,Бенин,965901,1961-01-01T00:00:00Z,,часть объекта всемирного наследия
Пенджари,Бенин,27.55,1961-01-01T00:00:00Z,,часть объекта всемирного наследия
Итатиая,Бразилия,28086,1937-06-14T00:00:00Z,,
Goomboorian National Park,Австралия,0.181632385253906,2008-01-01T00:00:00Z,,
Goomboorian National Park,Австралия,18.28,2008-01-01T00:00:00Z,,
Goomboorian National Park,Австралия,0.181632385253906,2014-01-01T00:00:00Z,,
Goomboorian National Park,Австралия,18.28,2014-01-01T00:00:00Z,,
Mares Forest National Park,Австралия,25.59,2010-08-01T00:00:00Z,,
Mares Forest National Park,Австралия,0.264530712890625,2010-08-01T00:00:00Z,,
Mares Forest National Park,Австралия,25.59,2016-01-01T00:00:00Z,,
Mares Forest National Park,Австралия,0.264530712890625,2016-01-01T00:00:00Z,,
Kalbario-Patapat National Park,Филиппины,0.38,2007-04-20T00:00:00Z,,
Russell River National Park,Австралия,0.41,1969-01-01T00:00:00Z,,
Russell River National Park,Австралия,0.57519736328125,1969-01-01T00:00:00Z,,
Russell River National Park,Австралия,0.41,2008-01-01T00:00:00Z,,
Russell River National Park,Австралия,0.57519736328125,2008-01-01T00:00:00Z,,
Махали-Маунтинс,Танзания,16.13,1985-01-01T00:00:00Z,,
Канха,Индия,9.4,1955-01-01T00:00:00Z,,
Timanfaya National Park,Испания,0.51,1974-08-09T00:00:00Z,вулкан,
Timanfaya National Park,Испания,5176.63693,1974-08-09T00:00:00Z,вулкан,
Wooroonooran National Park,Австралия,11.49,1991-01-01T00:00:00Z,,
Wooroonooran National Park,Австралия,11.5009,1991-01-01T00:00:00Z,,
Wooroonooran National Park,Австралия,11.49,2017-01-01T00:00:00Z,,
Wooroonooran National Park,Австралия,11.5009,2017-01-01T00:00:00Z,,
Gatton National Park,Австралия,4.26,2006-01-01T00:00:00Z,,
Gatton National Park,Австралия,0.0425803833007812,2006-01-01T00:00:00Z,,
Gaagal Wanggaan (South Beach) National Park,Австралия,0.0665311218261719,2010-04-01T00:00:00Z,,
Gaagal Wanggaan (South Beach) National Park,Австралия,6.34,2010-04-01T00:00:00Z,,
Gaagal Wanggaan (South Beach) National Park,Австралия,0.0665311218261719,2016-01-01T00:00:00Z,,
Gaagal Wanggaan (South Beach) National Park,Австралия,6.34,2016-01-01T00:00:00Z,,
Gulaga National Park,Австралия,0.47585166015625,2001-01-01T00:00:00Z,,
Gulaga National Park,Австралия,46.73,2001-01-01T00:00:00Z,,
Gulaga National Park,Австралия,0.47585166015625,2006-01-01T00:00:00Z,,
Gulaga National Park,Австралия,46.73,2006-01-01T00:00:00Z,,
Гашака-Гумти,Нигерия,0.0667,1991-01-01T00:00:00Z,,Объект из предварительного списка Всемирного наследия
Gawler Ranges National Park,Австралия,17.9478484375,2002-01-01T00:00:00Z,,
Gawler Ranges National Park,Австралия,0.0166303,2002-01-01T00:00:00Z,,
Gawler Ranges National Park,Австралия,17.9478484375,2016-01-01T00:00:00Z,,
Gawler Ranges National Park,Австралия,0.0166303,2016-01-01T00:00:00Z,,
Ранумафана,Мадагаскар,40500,1991-01-01T00:00:00Z,,часть объекта всемирного наследия
Ранумафана,Мадагаскар,4.1601,1991-01-01T00:00:00Z,,часть объекта всемирного наследия
Geham National Park,Австралия,0.22,2006-01-01T00:00:00Z,,
Geham National Park,Австралия,0.00219522762298584,2006-01-01T00:00:00Z,,
Стура-Шёфаллет,Швеция,1110.488,1909-05-24T00:00:00Z,,всемирное наследие
Стура-Шёфаллет,Швеция,116076,1909-05-24T00:00:00Z,,всемирное наследие
Стура-Шёфаллет,Швеция,127993.32,1909-05-24T00:00:00Z,,всемирное наследие
Стура-Шёфаллет,Швеция,11916.959,1909-05-24T00:00:00Z,,всемирное наследие
Фернебуфьерден,Швеция,10463.79,1998-09-09T00:00:00Z,,Рамсарское угодье
Фернебуфьерден,Швеция,4230.429,1998-09-09T00:00:00Z,,Рамсарское угодье
Whitsunday Islands National Park,Австралия,1.7,1944-01-01T00:00:00Z,,
Whitsunday Islands National Park,Австралия,1.742352734375,1944-01-01T00:00:00Z,,
Whitsunday Islands National Park,Австралия,1.7,2000-01-01T00:00:00Z,,
Whitsunday Islands National Park,Австралия,1.742352734375,2000-01-01T00:00:00Z,,
Литл-Дезерт,Австралия,945,1968-01-01T00:00:00Z,,
Литл-Дезерт,Австралия,13.1599828125,1968-01-01T00:00:00Z,,
Литл-Дезерт,Австралия,132647,1968-01-01T00:00:00Z,,
Литл-Дезерт,Австралия,132000,1968-01-01T00:00:00Z,,
Литл-Дезерт,Австралия,35300,1968-01-01T00:00:00Z,,
Литл-Дезерт,Австралия,945,1973-01-01T00:00:00Z,,
Литл-Дезерт,Австралия,13.1599828125,1973-01-01T00:00:00Z,,
Литл-Дезерт,Австралия,132647,1973-01-01T00:00:00Z,,
Литл-Дезерт,Австралия,132000,1973-01-01T00:00:00Z,,
Литл-Дезерт,Австралия,35300,1973-01-01T00:00:00Z,,
Кейп-Эрид,Австралия,27.783,1969-01-01T00:00:00Z,,
Кейп-Эрид,Австралия,27.783,1972-01-01T00:00:00Z,,
Таннел-Крик (национальный парк),Австралия,0.00910443344116211,1974-01-01T00:00:00Z,,
Таннел-Крик (национальный парк),Австралия,0.91,1974-01-01T00:00:00Z,,
Таннел-Крик (национальный парк),Австралия,0.00910443344116211,1992-01-01T00:00:00Z,,
Таннел-Крик (национальный парк),Австралия,0.91,1992-01-01T00:00:00Z,,
Национальный парк Алтын-Эмель,Казахстан,45.96,1996-01-01T00:00:00Z,,часть объекта всемирного наследия
Amamoor National Park,Австралия,0.38,2006-01-01T00:00:00Z,,
Amamoor National Park,Австралия,0.00385828857421875,2006-01-01T00:00:00Z,,
Кахузи-Биега,Демократическая Республика Конго,60,1970-01-01T00:00:00Z,,всемирное наследие
Кахузи-Биега,Демократическая Республика Конго,600000,1970-01-01T00:00:00Z,,всемирное наследие
Кахузи-Биега,Демократическая Республика Конго,60,1970-01-01T00:00:00Z,,ключевые орнитологические территории
Кахузи-Биега,Демократическая Республика Конго,600000,1970-01-01T00:00:00Z,,ключевые орнитологические территории
Glass House Mountains National Park,Австралия,30.37,1994-01-01T00:00:00Z,,listed on the Queensland Heritage Register
Glass House Mountains National Park,Австралия,0.301844165039062,1994-01-01T00:00:00Z,,listed on the Queensland Heritage Register
Glass House Mountains National Park,Австралия,30.37,2014-01-01T00:00:00Z,,listed on the Queensland Heritage Register
Glass House Mountains National Park,Австралия,0.301844165039062,2014-01-01T00:00:00Z,,listed on the Queensland Heritage Register
Glass House Mountains National Park,Австралия,30.37,1994-01-01T00:00:00Z,,listed on the Australian National Heritage List
Glass House Mountains National Park,Австралия,0.301844165039062,1994-01-01T00:00:00Z,,listed on the Australian National Heritage List
Glass House Mountains National Park,Австралия,30.37,2014-01-01T00:00:00Z,,listed on the Australian National Heritage List
Glass House Mountains National Park,Австралия,0.301844165039062,2014-01-01T00:00:00Z,,listed on the Australian National Heritage List
Амбосели (национальный парк),Кения,3.92,1974-01-01T00:00:00Z,,Объект из предварительного списка Всемирного наследия
Доньяна,Испания,53303.56529,1969-10-16T00:00:00Z,,всемирное наследие
Доньяна,Испания,54252,1969-10-16T00:00:00Z,,всемирное наследие
Доньяна,Испания,53303.56529,1969-10-16T00:00:00Z,,Рамсарское угодье
Доньяна,Испания,54252,1969-10-16T00:00:00Z,,Рамсарское угодье
Доньяна,Испания,53303.56529,1969-10-16T00:00:00Z,,Red List of Endangered Heritage item
Доньяна,Испания,54252,1969-10-16T00:00:00Z,,Red List of Endangered Heritage item
Национальный парк Грейт-Смоки-Маунтинс,США,21.141866,1934-06-15T00:00:00Z,Клингманс-Доум,всемирное наследие
Национальный парк Грейт-Смоки-Маунтинс,США,522426.88,1934-06-15T00:00:00Z,Клингманс-Доум,всемирное наследие
Национальный парк Грейт-Смоки-Маунтинс,США,209000,1934-06-15T00:00:00Z,Клингманс-Доум,всемирное наследие
Гарахонай,Испания,0.395,1981-03-25T00:00:00Z,Alto de Garajonay,всемирное наследие
Гарахонай,Испания,3704.64343,1981-03-25T00:00:00Z,Alto de Garajonay,всемирное наследие
Хасселл (национальный парк),Австралия,0.13,1971-01-01T00:00:00Z,,
Хасселл (национальный парк),Австралия,0.113818493652344,1971-01-01T00:00:00Z,,
Хасселл (национальный парк),Австралия,0.13,1972-01-01T00:00:00Z,,
Хасселл (национальный парк),Австралия,0.113818493652344,1972-01-01T00:00:00Z,,
Кинглейк (национальный парк),Австралия,2.32117109375,1928-03-07T00:00:00Z,,
Кинглейк (национальный парк),Австралия,11270,1928-03-07T00:00:00Z,,
Кинглейк (национальный парк),Австралия,23210,1928-03-07T00:00:00Z,,
Кинглейк (национальный парк),Австралия,21600,1928-03-07T00:00:00Z,,
Кинглейк (национальный парк),Австралия,5585,1928-03-07T00:00:00Z,,
Кинглейк (национальный парк),Австралия,11430,1928-03-07T00:00:00Z,,
Кинглейк (национальный парк),Австралия,5836,1928-03-07T00:00:00Z,,
Кинглейк (национальный парк),Австралия,2.32117109375,1962-01-01T00:00:00Z,,
Кинглейк (национальный парк),Австралия,11270,1962-01-01T00:00:00Z,,
Кинглейк (национальный парк),Австралия,23210,1962-01-01T00:00:00Z,,
Кинглейк (национальный парк),Австралия,21600,1962-01-01T00:00:00Z,,
Кинглейк (национальный парк),Австралия,5585,1962-01-01T00:00:00Z,,
Кинглейк (национальный парк),Австралия,11430,1962-01-01T00:00:00Z,,
Кинглейк (национальный парк),Австралия,5836,1962-01-01T00:00:00Z,,
Экрен,Франция,9.18,1973-01-01T00:00:00Z,Барр-дез-Экрен,Объект из предварительного списка Всемирного наследия
Экрен,Франция,91800,1973-01-01T00:00:00Z,Барр-дез-Экрен,Объект из предварительного списка Всемирного наследия
Экрен,Франция,9.18,1973-03-27T00:00:00Z,Барр-дез-Экрен,Объект из предварительного списка Всемирного наследия
Экрен,Франция,91800,1973-03-27T00:00:00Z,Барр-дез-Экрен,Объект из предварительного списка Всемирного наследия
Michaelmas and Upolu Cays National Park,Австралия,0.00020849404335022,1975-01-01T00:00:00Z,,
Michaelmas and Upolu Cays National Park,Австралия,0.03,1975-01-01T00:00:00Z,,
Michaelmas and Upolu Cays National Park,Австралия,0.00020849404335022,2001-01-01T00:00:00Z,,
Michaelmas and Upolu Cays National Park,Австралия,0.03,2001-01-01T00:00:00Z,,
Тадохэхэсан,Республика Корея,232.12,1981-01-01T00:00:00Z,,
Bago Bluff National Park,Австралия,0.3977396484375,1999-01-01T00:00:00Z,,
Bago Bluff National Park,Австралия,40.23,1999-01-01T00:00:00Z,,
Balbalasang-Balbalan National Park,Филиппины,39.23,1972-01-01T00:00:00Z,,
Bald Rock National Park,Австралия,0.75,1971-01-01T00:00:00Z,,
Bald Rock National Park,Австралия,0.886911328125,1971-01-01T00:00:00Z,,
Bald Rock National Park,Австралия,0.75,2002-01-01T00:00:00Z,,
Bald Rock National Park,Австралия,0.886911328125,2002-01-01T00:00:00Z,,
Горы Бале (национальный парк),Эфиопия,24.71,1969-01-01T00:00:00Z,,всемирное наследие
Балликрой,Ирландия,1.1779,1998-01-01T00:00:00Z,,International Dark Sky Park
Ban Ban National Park,Австралия,0.195805456542969,2006-01-01T00:00:00Z,,
Ban Ban National Park,Австралия,19.58,2006-01-01T00:00:00Z,,
Бандхавгарх (национальный парк),Индия,4.48,1968-01-01T00:00:00Z,,
Bangadilly National Park,Австралия,0.2135,2001-01-01T00:00:00Z,,
Bangadilly National Park,Австралия,21.43,2001-01-01T00:00:00Z,,
Bangadilly National Park,Австралия,0.213507592773438,2001-01-01T00:00:00Z,,
Bangadilly National Park,Австралия,0.2135,2007-01-01T00:00:00Z,,
Bangadilly National Park,Австралия,21.43,2007-01-01T00:00:00Z,,
Bangadilly National Park,Австралия,0.213507592773438,2007-01-01T00:00:00Z,,
Barakee National Park,Австралия,4.98,1999-01-01T00:00:00Z,,
Barakee National Park,Австралия,0.49919677734375,1999-01-01T00:00:00Z,,
Barakee National Park,Австралия,4.98,2010-01-01T00:00:00Z,,
Barakee National Park,Австралия,0.49919677734375,2010-01-01T00:00:00Z,,
Бардия,Непал,9.68,1988-01-01T00:00:00Z,,
Barnard Island Group National Park,Австралия,3.08,1994-01-01T00:00:00Z,,
Barnard Island Group National Park,Австралия,0.00308970546722412,1994-01-01T00:00:00Z,,
Barnard Island Group National Park,Австралия,3.08,1998-01-01T00:00:00Z,,
Barrington Tops National Park,Австралия,7.43,2010-01-01T00:00:00Z,,часть объекта всемирного наследия
Barrington Tops National Park,Австралия,39120,2010-01-01T00:00:00Z,,часть объекта всемирного наследия
Barrington Tops National Park,Австралия,7.68991328125,2010-01-01T00:00:00Z,,часть объекта всемирного наследия
Barron Gorge National Park,Австралия,0.279423706054687,1940-01-01T00:00:00Z,,
Barron Gorge National Park,Австралия,28.25,1940-01-01T00:00:00Z,,
Barron Gorge National Park,Австралия,0.279423706054687,2010-01-01T00:00:00Z,,
Barron Gorge National Park,Австралия,28.25,2010-01-01T00:00:00Z,,
Basket Swamp National Park,Австралия,0.280498779296875,1999-01-01T00:00:00Z,,
Basket Swamp National Park,Австралия,2.82,1999-01-01T00:00:00Z,,
Bataan National Park,Филиппины,2.5676,1945-12-01T00:00:00Z,,
Бау-Бау (национальный парк),Австралия,13530,1979-01-01T00:00:00Z,,listed on the Australian National Heritage List
Бау-Бау (национальный парк),Австралия,1.27824677734375,1979-01-01T00:00:00Z,,listed on the Australian National Heritage List
Бау-Бау (национальный парк),Австралия,13530,1986-01-01T00:00:00Z,,listed on the Australian National Heritage List
Бау-Бау (национальный парк),Австралия,1.27824677734375,1986-01-01T00:00:00Z,,listed on the Australian National Heritage List
Greater Beedelup National Park,Австралия,0.18,1977-01-01T00:00:00Z,,
Greater Beedelup National Park,Австралия,1.9286958984375,1977-01-01T00:00:00Z,,
Greater Beedelup National Park,Австралия,0.18,2004-01-01T00:00:00Z,,
Greater Beedelup National Park,Австралия,1.9286958984375,2004-01-01T00:00:00Z,,
Belford National Park,Австралия,0.0288469879150391,2003-01-01T00:00:00Z,,
Belford National Park,Австралия,2.94,2003-01-01T00:00:00Z,,
Belford National Park,Австралия,0.0288469879150391,2006-01-01T00:00:00Z,,
Belford National Park,Австралия,2.94,2006-01-01T00:00:00Z,,
Bellinger River National Park,Австралия,0.283163452148438,1997-01-01T00:00:00Z,,
Bellinger River National Park,Австралия,28.3,1997-01-01T00:00:00Z,,
Ben Lomond National Park,Австралия,1.8190115234375,1947-01-01T00:00:00Z,,
Ben Lomond National Park,Австралия,1.65,1947-01-01T00:00:00Z,,
Ben Lomond National Park,Австралия,1.8190115234375,2000-01-01T00:00:00Z,,
Ben Lomond National Park,Австралия,1.65,2000-01-01T00:00:00Z,,
Benambra National Park,Австралия,0.140015002441406,2001-01-01T00:00:00Z,,
Benambra National Park,Австралия,13.99,2001-01-01T00:00:00Z,,
Benarkin National Park,Австралия,2.18,2006-01-01T00:00:00Z,,
Benarkin National Park,Австралия,0.0203790435791016,2006-01-01T00:00:00Z,,
Bendidee National Park,Австралия,9.31,1979-01-01T00:00:00Z,,
Bendidee National Park,Австралия,0.0927539733886719,1979-01-01T00:00:00Z,,
Bendidee National Park,Австралия,9.31,1994-01-01T00:00:00Z,,
Bendidee National Park,Австралия,0.0927539733886719,1994-01-01T00:00:00Z,,
Подземная река Пуэрто-Принсеса,Филиппины,22202,1971-03-26T00:00:00Z,,всемирное наследие
Подземная река Пуэрто-Принсеса,Филиппины,22202,1999-11-12T00:00:00Z,,всемирное наследие
Подземная река Пуэрто-Принсеса,Филиппины,22202,1971-03-26T00:00:00Z,,Рамсарское угодье
Подземная река Пуэрто-Принсеса,Филиппины,22202,1999-11-12T00:00:00Z,,Рамсарское угодье
Хартц-Маунтинс,Австралия,0.7226,1939-01-01T00:00:00Z,Hartz Peak,
Хартц-Маунтинс,Австралия,1.2134,1939-01-01T00:00:00Z,Hartz Peak,
Хартц-Маунтинс,Австралия,0.7226,2013-01-01T00:00:00Z,Hartz Peak,
Хартц-Маунтинс,Австралия,1.2134,2013-01-01T00:00:00Z,Hartz Peak,
Mole Creek Karst National Park,Австралия,13.45,1996-01-01T00:00:00Z,,
Mole Creek Karst National Park,Австралия,0.17914854850769,1996-01-01T00:00:00Z,,
Mole Creek Karst National Park,Австралия,13.45,2016-01-01T00:00:00Z,,
Mole Creek Karst National Park,Австралия,0.17914854850769,2016-01-01T00:00:00Z,,
Науэль-Уапи,Аргентина,70.5,1934-04-08T00:00:00Z,Тронадор,
Перито-Морено,Аргентина,9.5173,1937-01-01T00:00:00Z,,
Национальный парк Крка,Хорватия,11063.68,1985-01-01T00:00:00Z,,
Lanín National Park,Аргентина,37.9,1937-01-01T00:00:00Z,Ланин,
Национальный парк Лос-Алерсес,Аргентина,188379,1937-01-01T00:00:00Z,Cordón de las Pirámides,всемирное наследие
Национальный парк Лос-Алерсес,Аргентина,207313,1937-01-01T00:00:00Z,Cordón de las Pirámides,всемирное наследие
Лаго-Пуэло,Аргентина,27674,1971-01-01T00:00:00Z,,
Йохо,Канада,13.131,1886-10-10T00:00:00Z,Гудсир (гора),часть объекта всемирного наследия
Лагуна-Бланка (национальный парк),Аргентина,112.51,1940-01-01T00:00:00Z,,Рамсарское угодье
El Rey National Park,Аргентина,441.62,1948-01-01T00:00:00Z,,
Меданос,Венесуэла,91.28,1974-02-06T00:00:00Z,,
Mount Balatukan Range Natural Park,Филиппины,84.23,2007-01-01T00:00:00Z,,
Douala-Edéa National Park,Камерун,27.1512,1932-01-01T00:00:00Z,,
Douglas-Apsley National Park,Австралия,1.58340205078125,1989-01-01T00:00:00Z,,
Douglas-Apsley National Park,Австралия,16.08,1989-01-01T00:00:00Z,,
Douglas-Apsley National Park,Австралия,1.58340205078125,2000-01-01T00:00:00Z,,
Douglas-Apsley National Park,Австралия,16.08,2000-01-01T00:00:00Z,,
Довре (национальный парк),Норвегия,29046.75609,2003-01-01T00:00:00Z,,
Довре (национальный парк),Норвегия,2.89,2003-01-01T00:00:00Z,,
Tirad Pass National Park,Филиппины,74.16,1968-01-01T00:00:00Z,,
Mount Lewis National Park,Австралия,27.54,2009-01-01T00:00:00Z,,
Mount Lewis National Park,Австралия,2.844478125,2009-01-01T00:00:00Z,,
Mount Lewis National Park,Австралия,27.54,2011-01-01T00:00:00Z,,
Mount Lewis National Park,Австралия,2.844478125,2011-01-01T00:00:00Z,,
Timbarra National Park,Австралия,17.72,2003-01-01T00:00:00Z,,
Timbarra National Park,Австралия,0.177274426269531,2003-01-01T00:00:00Z,,
Джердап,Сербия,6.3608,1974-01-01T00:00:00Z,,Объект из предварительного списка Всемирного наследия
Джердап,Сербия,6.3608,1974-01-01T00:00:00Z,,Рамсарское угодье
Биоградская гора,Черногория,5650,1952-01-01T00:00:00Z,,Объект из предварительного списка Всемирного наследия
Биоградская гора,Черногория,0.565,1952-01-01T00:00:00Z,,Объект из предварительного списка Всемирного наследия
The Palms National Park,Австралия,0.00715726852416992,1950-01-01T00:00:00Z,,
The Palms National Park,Австралия,0.73,1950-01-01T00:00:00Z,,
The Palms National Park,Австралия,0.00715726852416992,2008-01-01T00:00:00Z,,
The Palms National Park,Австралия,0.73,2008-01-01T00:00:00Z,,
Drovers Cave National Park,Австралия,0.256449877929687,1972-01-01T00:00:00Z,,
Drovers Cave National Park,Австралия,26.81,1972-01-01T00:00:00Z,,
Drovers Cave National Park,Австралия,0.256449877929687,1978-01-01T00:00:00Z,,
Drovers Cave National Park,Австралия,26.81,1978-01-01T00:00:00Z,,
Национальный парк Сутьеска,Босния и Герцеговина,1.75,1962-01-01T00:00:00Z,,
Dularcha National Park,Австралия,0.0470259704589844,1921-01-01T00:00:00Z,,
Dularcha National Park,Австралия,4.64,1921-01-01T00:00:00Z,,
Dularcha National Park,Австралия,0.0470259704589844,2014-01-01T00:00:00Z,,
Dularcha National Park,Австралия,4.64,2014-01-01T00:00:00Z,,
Национальный парк Джигме Дорджи,Бутан,43.16,1993-01-01T00:00:00Z,,Объект из предварительного списка Всемирного наследия
Горхи-Тэрэлж,Монголия,29.31,1993-01-01T00:00:00Z,,
Мур-Ривер (национальный парк),Австралия,1.72348828125,1969-01-01T00:00:00Z,,
Мур-Ривер (национальный парк),Австралия,1.75,1969-01-01T00:00:00Z,,
Мур-Ривер (национальный парк),Австралия,1.72348828125,1973-01-01T00:00:00Z,,
Мур-Ривер (национальный парк),Австралия,1.75,1973-01-01T00:00:00Z,,
Тара,Сербия,24991.82,1981-07-13T00:00:00Z,Kozji rid,
Нечисар,Эфиопия,5.14,1974-01-01T00:00:00Z,,
Трестиклан,Швеция,1964.339,1996-05-07T00:00:00Z,,
Трестиклан,Швеция,2711.31,1996-05-07T00:00:00Z,,
Трестиклан,Швеция,194.536,1996-05-07T00:00:00Z,,
Трестиклан,Швеция,2905.87,1996-05-07T00:00:00Z,,
D'Aguilar National Park,Австралия,3.916372265625,2009-01-01T00:00:00Z,,
D'Aguilar National Park,Австралия,364.22,2009-01-01T00:00:00Z,,
D'Aguilar National Park,Австралия,3.916372265625,2018-01-01T00:00:00Z,,
D'Aguilar National Park,Австралия,364.22,2018-01-01T00:00:00Z,,
Норденшёльд Ланд,Норвегия,136234.75806,2003-01-01T00:00:00Z,,
Норденшёльд Ланд,Норвегия,13.62,2003-01-01T00:00:00Z,,
Møysalen National Park,Норвегия,0.512,2003-01-01T00:00:00Z,,
Møysalen National Park,Норвегия,5133.32836,2003-01-01T00:00:00Z,,
Фрушка-Гора,Сербия,26672,1960-01-01T00:00:00Z,,
Mount Binga National Park,Австралия,0.106507043457031,2006-01-01T00:00:00Z,,
Mount Binga National Park,Австралия,10.66,2006-01-01T00:00:00Z,,
Freshwater National Park,Австралия,0.0155451873779297,2009-01-01T00:00:00Z,,
Mount Etna Caves National Park,Австралия,5.81,1994-01-01T00:00:00Z,,
Mount Etna Caves National Park,Австралия,0.0578490783691406,1994-01-01T00:00:00Z,,
Mount Etna Caves National Park,Австралия,5.81,2011-01-01T00:00:00Z,,
Mount Etna Caves National Park,Австралия,0.0578490783691406,2011-01-01T00:00:00Z,,
Lovćen National Park,Черногория,0.62,1952-01-01T00:00:00Z,,
Lovćen National Park,Черногория,6220,1952-01-01T00:00:00Z,,
Алпайн,Австралия,66.2306166965546,1989-01-01T00:00:00Z,,
Алпайн,Австралия,661777,1989-01-01T00:00:00Z,,
Кахас,Эквадор,2.8808,1996-01-01T00:00:00Z,,Рамсарское угодье
Национальный парк Эгмонт,Новая Зеландия,3.417,1900-01-01T00:00:00Z,,
Омо (национальный парк),Эфиопия,40.68,1959-01-01T00:00:00Z,,
Ла-Кампана,Чили,80,1967-10-17T00:00:00Z,,
Остров Принца Эдуарда,Канада,0.27,1937-01-01T00:00:00Z,,
Nui Chua National Park,Вьетнам,2.9865,2003-01-01T00:00:00Z,,
Mary River National Park,Австралия,12.1520606348038,2002-01-01T00:00:00Z,,
Mary River National Park,Австралия,0.000395309972763061,2002-01-01T00:00:00Z,,
Mary River National Park,Австралия,0.0114,2002-01-01T00:00:00Z,,
Mary River National Park,Австралия,12.1520606348038,2007-01-01T00:00:00Z,,
Mary River National Park,Австралия,0.000395309972763061,2007-01-01T00:00:00Z,,
Mary River National Park,Австралия,0.0114,2007-01-01T00:00:00Z,,
Mary River National Park,Австралия,12.1520606348038,2012-01-01T00:00:00Z,,
Mary River National Park,Австралия,0.000395309972763061,2012-01-01T00:00:00Z,,
Mary River National Park,Австралия,0.0114,2012-01-01T00:00:00Z,,
National Park - Fir of Hotova,Албания,0.343611,1996-01-01T00:00:00Z,,
National Park - Fir of Hotova,Албания,34361.1,1996-01-01T00:00:00Z,,
Ku-ring-gai Chase National Park,Австралия,1.54,1894-01-01T00:00:00Z,,listed on the Australian National Heritage List
Ku-ring-gai Chase National Park,Австралия,1.55330859375,1894-01-01T00:00:00Z,,listed on the Australian National Heritage List
Ku-ring-gai Chase National Park,Австралия,1.54,2016-01-01T00:00:00Z,,listed on the Australian National Heritage List
Ku-ring-gai Chase National Park,Австралия,1.55330859375,2016-01-01T00:00:00Z,,listed on the Australian National Heritage List
Моси-Оа-Тунья (национальный парк),Зимбабве,0.686,1971-01-01T00:00:00Z,,
Национальный парк Сьерра де Гуадаррама,Испания,33960,2013-06-25T00:00:00Z,,
Appennino Lucano - Val d'Agri - Lagonegrese National Park,Италия,6.8996,2007-01-01T00:00:00Z,,
Appennino Lucano - Val d'Agri - Lagonegrese National Park,Италия,68996,2007-01-01T00:00:00Z,,
Куттинирпаак,Канада,377.75,1988-09-16T00:00:00Z,Барбо,Объект из предварительного списка Всемирного наследия
Элк-Айленд (национальный парк),Канада,1.94,1913-03-27T00:00:00Z,,
Ella Bay National Park,Австралия,0.37268486328125,1952-01-01T00:00:00Z,,
Ella Bay National Park,Австралия,0.37268486328125,1994-01-01T00:00:00Z,,
Eungella National Park,Австралия,6.00238984375,1936-01-01T00:00:00Z,,
Eungella National Park,Австралия,598.65,1936-01-01T00:00:00Z,,
Eungella National Park,Австралия,6.00238984375,2016-01-01T00:00:00Z,,
Eungella National Park,Австралия,598.65,2016-01-01T00:00:00Z,,
Elsey National Park,Австралия,1.38144728893042,1991-01-01T00:00:00Z,,
Elsey National Park,Австралия,0.00839557609558105,1991-01-01T00:00:00Z,,
Wickham National Park,Австралия,0.0145979751586914,2009-01-01T00:00:00Z,,
Wickham National Park,Австралия,1.41,2009-01-01T00:00:00Z,,
Wickham National Park,Австралия,0.0146,2009-01-01T00:00:00Z,,
Wickham National Park,Австралия,0.0145979751586914,2014-01-01T00:00:00Z,,
Wickham National Park,Австралия,1.41,2014-01-01T00:00:00Z,,
Wickham National Park,Австралия,0.0146,2014-01-01T00:00:00Z,,
Topaz Road National Park,Австралия,3.78,1977-01-01T00:00:00Z,,
Topaz Road National Park,Австралия,0.00361163558959961,1977-01-01T00:00:00Z,,
Topaz Road National Park,Австралия,3.78,1994-01-01T00:00:00Z,,
Topaz Road National Park,Австралия,0.00361163558959961,1994-01-01T00:00:00Z,,
Сариска,Индия,2.19,1955-01-01T00:00:00Z,,
Yabbra National Park,Австралия,8.89,1999-01-01T00:00:00Z,,
Yabbra National Park,Австралия,0.89706767578125,1999-01-01T00:00:00Z,,
Yabbra National Park,Австралия,8.89,2018-01-01T00:00:00Z,,
Yabbra National Park,Австралия,0.89706767578125,2018-01-01T00:00:00Z,,
Yanga National Park,Австралия,31.19,2005-01-01T00:00:00Z,,
Yanga National Park,Австралия,3.538289453125,2005-01-01T00:00:00Z,,
Yanga National Park,Австралия,31.19,2016-01-01T00:00:00Z,,
Yanga National Park,Австралия,3.538289453125,2016-01-01T00:00:00Z,,
Джурджура,Алжир,0.8225,1983-01-01T00:00:00Z,,Объект из предварительного списка Всемирного наследия
Бхитарканика,Индия,1.45,1975-01-01T00:00:00Z,,
Принс-Риджент,Австралия,57.64,1964-01-01T00:00:00Z,,
Принс-Риджент,Австралия,58.4817375,1964-01-01T00:00:00Z,,
Принс-Риджент,Австралия,57.64,2011-01-01T00:00:00Z,,
Принс-Риджент,Австралия,58.4817375,2011-01-01T00:00:00Z,,
Wongi National Park,Австралия,10.16,2006-01-01T00:00:00Z,,
Wongi National Park,Австралия,1.0935892578125,2006-01-01T00:00:00Z,,
Wongi National Park,Австралия,10.16,2011-01-01T00:00:00Z,,
Wongi National Park,Австралия,1.0935892578125,2011-01-01T00:00:00Z,,
Woocoo National Park,Австралия,2.43,2006-01-01T00:00:00Z,,
Woocoo National Park,Австралия,0.0243679656982422,2006-01-01T00:00:00Z,,
Woondum National Park,Австралия,0.4049767578125,2009-01-01T00:00:00Z,,
Woondum National Park,Австралия,40.01,2009-01-01T00:00:00Z,,
Woondum National Park,Австралия,0.4049767578125,2014-01-01T00:00:00Z,,
Woondum National Park,Австралия,40.01,2014-01-01T00:00:00Z,,
Woroon National Park,Австралия,0.0551301147460937,2006-01-01T00:00:00Z,,
Woroon National Park,Австралия,55.29,2006-01-01T00:00:00Z,,
Wrattens National Park,Австралия,2.17897890625,2009-01-01T00:00:00Z,,
Wrattens National Park,Австралия,208.69,2009-01-01T00:00:00Z,,
Wrattens National Park,Австралия,2.17897890625,2011-01-01T00:00:00Z,,
Wrattens National Park,Австралия,208.69,2011-01-01T00:00:00Z,,
Yarrahapinni Wetlands National Park,Австралия,0.130114196777344,2007-02-01T00:00:00Z,,
Yarrahapinni Wetlands National Park,Австралия,8.06,2007-02-01T00:00:00Z,,
Yarrahapinni Wetlands National Park,Австралия,0.130114196777344,2012-01-01T00:00:00Z,,
Yarrahapinni Wetlands National Park,Австралия,8.06,2012-01-01T00:00:00Z,,
Каланки (национальный парк),Франция,5.2,2012-01-01T00:00:00Z,Mont Carpiagne,
Каланки (национальный парк),Франция,51997.7298,2012-01-01T00:00:00Z,Mont Carpiagne,
Сьерра-Невада-де-Санта-Марта,Колумбия,38.3,1964-01-01T00:00:00Z,,
Чирибикете,Колумбия,2782354,1989-01-01T00:00:00Z,,всемирное наследие
Чирибикете,Колумбия,3989682.82,1989-01-01T00:00:00Z,,всемирное наследие
Чирибикете,Колумбия,276.3399,1989-01-01T00:00:00Z,,всемирное наследие
Чирибикете,Колумбия,2782354,1989-01-01T00:00:00Z,,Объект из предварительного списка Всемирного наследия
Чирибикете,Колумбия,3989682.82,1989-01-01T00:00:00Z,,Объект из предварительного списка Всемирного наследия
Чирибикете,Колумбия,276.3399,1989-01-01T00:00:00Z,,Объект из предварительного списка Всемирного наследия
Канченджанга,Индия,114712,1977-01-01T00:00:00Z,,всемирное наследие
Канченджанга,Индия,178400,1977-01-01T00:00:00Z,,всемирное наследие
Кхаптад,Непал,2.55,1984-01-01T00:00:00Z,,
Tadoba-Andhari Tiger Reserve,Индия,17.275911,1995-01-01T00:00:00Z,,
Albinia National Park,Австралия,0.7345583984375,2008-01-01T00:00:00Z,,
Albinia National Park,Австралия,73.6,2008-01-01T00:00:00Z,,
Деосай,Пакистан,34.64,1993-01-01T00:00:00Z,,Объект из предварительного списка Всемирного наследия
Гранд-Титон,США,12.5451,1929-02-26T00:00:00Z,Grand Teton,
Вирунга,Демократическая Республика Конго,800000,1925-01-01T00:00:00Z,,всемирное наследие
Вирунга,Демократическая Республика Конго,79,1925-01-01T00:00:00Z,,всемирное наследие
Вирунга,Демократическая Республика Конго,800000,1925-01-01T00:00:00Z,,Рамсарское угодье
Вирунга,Демократическая Республика Конго,79,1925-01-01T00:00:00Z,,Рамсарское угодье
Арки,США,3.542,1971-11-12T00:00:00Z,Elephant Butte,International Dark Sky Park
Кеоладео,Индия,2873,1971-01-01T00:00:00Z,,всемирное наследие
Кеоладео,Индия,0.2873,1971-01-01T00:00:00Z,,всемирное наследие
Кеоладео,Индия,2873,1971-01-01T00:00:00Z,,Рамсарское угодье
Кеоладео,Индия,0.2873,1971-01-01T00:00:00Z,,Рамсарское угодье
Меса-Верде,США,2.12,1906-01-01T00:00:00Z,Park Point,всемирное наследие
Меса-Верде,США,21043,1906-01-01T00:00:00Z,Park Point,всемирное наследие
Меса-Верде,США,2.12,1906-01-01T00:00:00Z,Park Point,место из Национального реестра исторических мест США
Меса-Верде,США,21043,1906-01-01T00:00:00Z,Park Point,место из Национального реестра исторических мест США
Меса-Верде,США,2.12,1906-01-01T00:00:00Z,Park Point,International Dark Sky Park
Меса-Верде,США,21043,1906-01-01T00:00:00Z,Park Point,International Dark Sky Park
Dulcie Range National Park,Австралия,1.8779,1991-01-01T00:00:00Z,,
Dulcie Range National Park,Австралия,1.909,1991-01-01T00:00:00Z,,
Dulcie Range National Park,Австралия,1.8779,2012-01-01T00:00:00Z,,
Dulcie Range National Park,Австралия,1.909,2012-01-01T00:00:00Z,,
Cheile Bicazului-Hășmaș National Park,Румыния,6915.35781,1990-01-01T00:00:00Z,,
Cheile Bicazului-Hășmaș National Park,Румыния,0.6575,1990-01-01T00:00:00Z,,
Мамонтова пещера,США,54011.91,1941-07-01T00:00:00Z,,всемирное наследие
Мамонтова пещера,США,21191,1941-07-01T00:00:00Z,,всемирное наследие
Kéran National Park,Того,143600,,,Рамсарское угодье
Peak Charles National Park,Австралия,4,1979-01-01T00:00:00Z,,
Peak Charles National Park,Австралия,3.9953109375,1979-01-01T00:00:00Z,,
Peak Charles National Park,Австралия,4,1993-01-01T00:00:00Z,,
Peak Charles National Park,Австралия,3.9953109375,1993-01-01T00:00:00Z,,
Dudhwa National Park,Индия,4.9,1958-01-01T00:00:00Z,,
Кейп-Бретон-Хайлендс,Канада,9.48,1936-06-23T00:00:00Z,White Hill,
Conondale National Park,Австралия,3.5876390625,1977-01-01T00:00:00Z,,
Conondale National Park,Австралия,356.48,1977-01-01T00:00:00Z,,
Conondale National Park,Австралия,3.5876390625,2018-01-01T00:00:00Z,,
Conondale National Park,Австралия,356.48,2018-01-01T00:00:00Z,,
Moresby Range National Park,Австралия,6.16,1973-01-01T00:00:00Z,,
Moresby Range National Park,Австралия,0.0647635131835937,1973-01-01T00:00:00Z,,
Moresby Range National Park,Австралия,6.16,2016-01-01T00:00:00Z,,
Moresby Range National Park,Австралия,0.0647635131835937,2016-01-01T00:00:00Z,,
Wyperfeld National Park,Австралия,35.9855,1921-01-01T00:00:00Z,,
Wyperfeld National Park,Австралия,35.98575,1921-01-01T00:00:00Z,,
Wyperfeld National Park,Австралия,359445,1921-01-01T00:00:00Z,,
Wyperfeld National Park,Австралия,35.9855,1997-01-01T00:00:00Z,,
Wyperfeld National Park,Австралия,35.98575,1997-01-01T00:00:00Z,,
Wyperfeld National Park,Австралия,359445,1997-01-01T00:00:00Z,,
Грос-Морн,Канада,180500,2005-10-01T00:00:00Z,Грос-Морн,всемирное наследие
Грос-Морн,Канада,18.05,2005-10-01T00:00:00Z,Грос-Морн,всемирное наследие
Глейшер-Бей,США,132.87,1980-12-02T00:00:00Z,Фэруэдер,часть объекта всемирного наследия
Упемба (национальный парк),Демократическая Республика Конго,117.3,,,
Одзала,Республика Конго,135.46,1935-01-01T00:00:00Z,,всемирное наследие
Одзала,Республика Конго,135.46,1935-01-01T00:00:00Z,,Рамсарское угодье
Серра-да-Капивара,Бразилия,12.91,1979-01-01T00:00:00Z,,всемирное наследие
Серра-да-Капивара,Бразилия,100762,1979-01-01T00:00:00Z,,всемирное наследие
Серра-да-Капивара,Бразилия,12.91,1979-01-01T00:00:00Z,,heritage asset listed by IPHAN
Серра-да-Капивара,Бразилия,100762,1979-01-01T00:00:00Z,,heritage asset listed by IPHAN
Жемайтийский национальный парк,Литва,21.72,1991-01-01T00:00:00Z,,
Ондердален,Норвегия,13399.62468,1970-01-01T00:00:00Z,,
Ондердален,Норвегия,1.35,1970-01-01T00:00:00Z,,
Ондердален,Норвегия,1.33996,1970-01-01T00:00:00Z,,
Карлсбадские пещеры,США,1.89,1930-05-14T00:00:00Z,,всемирное наследие
Эверглейдс,США,1508538,1947-12-06T00:00:00Z,,всемирное наследие
Эверглейдс,США,567017,1947-12-06T00:00:00Z,,всемирное наследие
Эверглейдс,США,1508538,1947-12-06T00:00:00Z,,Рамсарское угодье
Эверглейдс,США,567017,1947-12-06T00:00:00Z,,Рамсарское угодье
Тбилисский национальный парк,Грузия,23218,1973-01-01T00:00:00Z,,
Rakiura National Park,Новая Зеландия,16.83,2002-01-01T00:00:00Z,,
Пукаскуа,Канада,18.778,1971-01-01T00:00:00Z,,
Kawésqar National Park,Чили,2842329.1,1969-07-22T00:00:00Z,,
Gambela National Park,Эфиопия,50.61,1974-01-01T00:00:00Z,,
Лос-Катиос,Колумбия,7.2,1974-08-06T00:00:00Z,,всемирное наследие
Лос-Катиос,Колумбия,72000,1974-08-06T00:00:00Z,,всемирное наследие
Петрифайд-Форест,США,3.8,1962-01-01T00:00:00Z,Pilot Rock,Объект из предварительного списка Всемирного наследия
Петрифайд-Форест,США,5.9989,1962-01-01T00:00:00Z,Pilot Rock,Объект из предварительного списка Всемирного наследия
Петрифайд-Форест,США,3.8,1962-01-01T00:00:00Z,Pilot Rock,International Dark Sky Park
Петрифайд-Форест,США,5.9989,1962-01-01T00:00:00Z,Pilot Rock,International Dark Sky Park
Острова Чаннел,США,10.1,1980-01-01T00:00:00Z,El Montañon,
Бэдлендс,США,9.824,1939-01-25T00:00:00Z,Red Shirt Table,
Гарамба,Демократическая Республика Конго,49.2,1938-01-01T00:00:00Z,,всемирное наследие
Гарамба,Демократическая Республика Конго,500000,1938-01-01T00:00:00Z,,всемирное наследие
Гарамба,Демократическая Республика Конго,49.2,1938-01-01T00:00:00Z,,Объект из предварительного списка Всемирного наследия
Гарамба,Демократическая Республика Конго,500000,1938-01-01T00:00:00Z,,Объект из предварительного списка Всемирного наследия
Гренландский национальный парк,Гренландия,97200000,1974-05-22T00:00:00Z,,
Гренландский национальный парк,Гренландия,9720,1974-05-22T00:00:00Z,,
Озеро Накуру,Кения,1.88,1967-01-01T00:00:00Z,,Объект из предварительного списка Всемирного наследия
Озеро Накуру,Кения,1.88,1967-01-01T00:00:00Z,,Рамсарское угодье
Эвре Дивидал (национальный парк),Норвегия,76912.99687,1971-01-01T00:00:00Z,,
Эвре Дивидал (национальный парк),Норвегия,7.7,1971-01-01T00:00:00Z,,
Anárjohka National Park,Норвегия,141430.11818,1975-12-19T00:00:00Z,,
Anárjohka National Park,Норвегия,14.14,1975-12-19T00:00:00Z,,
Овре Пасвик (национальный парк),Норвегия,1.19,1970-02-06T00:00:00Z,,
Овре Пасвик (национальный парк),Норвегия,11990.36708,1970-02-06T00:00:00Z,,
Абель-Тасман,Новая Зеландия,22.53,1942-01-01T00:00:00Z,,
национальный парк Аберкромби-Ривер,Австралия,1.9340763671875,1995-12-01T00:00:00Z,,
национальный парк Аберкромби-Ривер,Австралия,19000,1995-12-01T00:00:00Z,,
национальный парк Аберкромби-Ривер,Австралия,1.9340763671875,2012-01-01T00:00:00Z,,
национальный парк Аберкромби-Ривер,Австралия,19000,2012-01-01T00:00:00Z,,
Абердэр (национальный парк),Кения,7.66,1950-01-01T00:00:00Z,,
Абията-Шала,Эфиопия,8.87,1963-01-01T00:00:00Z,,
Салонга,Демократическая Республика Конго,3600000,1970-01-01T00:00:00Z,,всемирное наследие
Салонга,Демократическая Республика Конго,360,1970-01-01T00:00:00Z,,всемирное наследие
Уккусиксалик,Канада,208.8586,2014-07-31T00:00:00Z,,
Bimberamala National Park,Австралия,43.96,2001-01-01T00:00:00Z,,
Bimberamala National Park,Австралия,0.440161669921875,2001-01-01T00:00:00Z,,
Bindarri National Park,Австралия,0.55765087890625,1999-01-01T00:00:00Z,,
Bindarri National Park,Австралия,55.13,1999-01-01T00:00:00Z,,
Bindarri National Park,Австралия,0.55765087890625,2008-01-01T00:00:00Z,,
Bindarri National Park,Австралия,55.13,2008-01-01T00:00:00Z,,
Bingera National Park,Австралия,0.54403857421875,2009-01-01T00:00:00Z,,
Bingera National Park,Австралия,54.07,2009-01-01T00:00:00Z,,
Национальный парк Шумава,Чехия,68459.6742,1991-01-01T00:00:00Z,Plechý / Plöckenstein,
Национальный парк Шумава,Чехия,68459.7128,1991-01-01T00:00:00Z,Plechý / Plöckenstein,
Biriwal Bulga National Park,Австралия,65.28,1999-01-01T00:00:00Z,,
Biriwal Bulga National Park,Австралия,0.64926796875,1999-01-01T00:00:00Z,,
Biriwal Bulga National Park,Австралия,65.28,2005-01-01T00:00:00Z,,
Biriwal Bulga National Park,Австралия,0.64926796875,2005-01-01T00:00:00Z,,
Бискейн (национальный парк),США,7,1980-06-28T00:00:00Z,,
"Национальный парк Чиленто, Валло-ди-Диано и Альбурни",Италия,178172,1991-01-01T00:00:00Z,,
"Национальный парк Чиленто, Валло-ди-Диано и Альбурни",Италия,18.11,1991-01-01T00:00:00Z,,
"Национальный парк Чиленто, Валло-ди-Диано и Альбурни",Италия,178172,1991-12-06T00:00:00Z,,
"Национальный парк Чиленто, Валло-ди-Диано и Альбурни",Италия,18.11,1991-12-06T00:00:00Z,,
"Корковадо (национальный парк, Коста-Рика)",Коста-Рика,4.25,1975-10-24T00:00:00Z,,
Национальный парк Фьордленд,Новая Зеландия,125,1952-01-01T00:00:00Z,,
Илья-Гранди (национальный парк),Бразилия,7.8875,1997-09-30T00:00:00Z,,Рамсарское угодье
Илья-Гранди (национальный парк),Бразилия,76138,1997-09-30T00:00:00Z,,Рамсарское угодье
Blackbraes National Park,Австралия,5.057884765625,1998-01-01T00:00:00Z,,
Blackbraes National Park,Австралия,365.87,1998-01-01T00:00:00Z,,
Blackbraes National Park,Австралия,5.057884765625,2015-01-01T00:00:00Z,,
Blackbraes National Park,Австралия,365.87,2015-01-01T00:00:00Z,,
Велавадар (национальный парк),Индия,0.34,1976-01-01T00:00:00Z,,
Blackdown Tableland National Park,Австралия,479.5,1991-01-01T00:00:00Z,,
Blackdown Tableland National Park,Австралия,4.787392578125,1991-01-01T00:00:00Z,,
Blackdown Tableland National Park,Австралия,479.5,2006-01-01T00:00:00Z,,
Blackdown Tableland National Park,Австралия,4.787392578125,2006-01-01T00:00:00Z,,
Национальный парк Блу-Лагун,Замбия,4.5,1976-01-01T00:00:00Z,,
Голубые горы,Австралия,24.71,1959-01-01T00:00:00Z,,
Голубые горы,Австралия,26.9204,1959-01-01T00:00:00Z,,
Blåfjella–Skjækerfjella National Park,Норвегия,192673.28391,1970-03-06T00:00:00Z,,
Blåfjella–Skjækerfjella National Park,Норвегия,19.32,1970-03-06T00:00:00Z,,
Blåfjella–Skjækerfjella National Park,Норвегия,192673.28391,2004-01-01T00:00:00Z,,
Blåfjella–Skjækerfjella National Park,Норвегия,19.32,2004-01-01T00:00:00Z,,
Бома (национальный парк),Южный Судан,228,1986-01-01T00:00:00Z,,
Bongil Bongil National Park,Австралия,42.33,1995-03-15T00:00:00Z,,
Bongil Bongil National Park,Австралия,0.425178662109375,1995-03-15T00:00:00Z,,
Bongil Bongil National Park,Австралия,42.33,2011-01-01T00:00:00Z,,
Bongil Bongil National Park,Австралия,0.425178662109375,2011-01-01T00:00:00Z,,
Boonoo Boonoo National Park,Австралия,0.480341162109375,1982-01-01T00:00:00Z,,
Boonoo Boonoo National Park,Австралия,0.4803,1982-01-01T00:00:00Z,,
Boonoo Boonoo National Park,Австралия,43.77,1982-01-01T00:00:00Z,,
Boonoo Boonoo National Park,Австралия,0.480341162109375,2010-01-01T00:00:00Z,,
Boonoo Boonoo National Park,Австралия,0.4803,2010-01-01T00:00:00Z,,
Boonoo Boonoo National Park,Австралия,43.77,2010-01-01T00:00:00Z,,
Бураббин,Австралия,2.8168408203125,1977-01-01T00:00:00Z,,
Бураббин,Австралия,2.6,1977-01-01T00:00:00Z,,
Border Ranges National Park,Австралия,317.29,1979-01-01T00:00:00Z,,часть объекта всемирного наследия
Border Ranges National Park,Австралия,3.1646375,1979-01-01T00:00:00Z,,часть объекта всемирного наследия
Border Ranges National Park,Австралия,31229,1979-01-01T00:00:00Z,,часть объекта всемирного наследия
Border Ranges National Park,Австралия,317.29,2006-01-01T00:00:00Z,,часть объекта всемирного наследия
Border Ranges National Park,Австралия,3.1646375,2006-01-01T00:00:00Z,,часть объекта всемирного наследия
Border Ranges National Park,Австралия,31229,2006-01-01T00:00:00Z,,часть объекта всемирного наследия
Kamay Botany Bay National Park,Австралия,0.0499973114013672,1984-01-01T00:00:00Z,,Закон о наследии — Государственный реестр наследия
Kamay Botany Bay National Park,Австралия,0.0499973114013672,2018-01-01T00:00:00Z,,Закон о наследии — Государственный реестр наследия
Бубанджида,Камерун,21.1382,1968-01-01T00:00:00Z,,Объект из предварительного списка Всемирного наследия
Букль-де-Бауле,Мали,33.3,1982-01-01T00:00:00Z,,Объект из предварительного списка Всемирного наследия
Bouddi National Park,Австралия,15.32,1967-10-01T00:00:00Z,,
Bouddi National Park,Австралия,0.161774096679687,1967-10-01T00:00:00Z,,
Bouddi National Park,Австралия,15.32,2006-01-01T00:00:00Z,,
Bouddi National Park,Австралия,0.161774096679687,2006-01-01T00:00:00Z,,
Бумба-Бек,Камерун,23.83,2005-01-01T00:00:00Z,,
Bowling Green Bay National Park,Австралия,581.28,1977-01-01T00:00:00Z,,Рамсарское угодье
Bowling Green Bay National Park,Австралия,5.769690234375,1977-01-01T00:00:00Z,,Рамсарское угодье
Bowling Green Bay National Park,Австралия,581.28,2010-01-01T00:00:00Z,,Рамсарское угодье
Bowling Green Bay National Park,Австралия,5.769690234375,2010-01-01T00:00:00Z,,Рамсарское угодье
Brampton Islands National Park,Австралия,0.0969932189941406,1968-01-01T00:00:00Z,,
Brampton Islands National Park,Австралия,1.01,1968-01-01T00:00:00Z,,
Brampton Islands National Park,Австралия,0.0969932189941406,1998-01-01T00:00:00Z,,
Brampton Islands National Park,Австралия,1.01,1998-01-01T00:00:00Z,,
Фертё-Ханшаг,Венгрия,2.3744,1991-01-01T00:00:00Z,,Рамсарское угодье
Торрес дель Пайне,Чили,181414,1959-05-13T00:00:00Z,,
Торрес дель Пайне,Чили,24,1959-05-13T00:00:00Z,,
Уотертон-Лейкс,Канада,5.05,1895-05-20T00:00:00Z,Mount Blakiston,
Кутеней,Канада,14.064,1920-01-01T00:00:00Z,Deltaform Mountain,часть объекта всемирного наследия
Breheimen National Park,Норвегия,169706.19656,2009-01-01T00:00:00Z,,
Breheimen National Park,Норвегия,16.91,2009-01-01T00:00:00Z,,
Murramarang National Park,Австралия,0.22,1973-01-01T00:00:00Z,,
Murramarang National Park,Австралия,1.23516259765625,1973-01-01T00:00:00Z,,
Murramarang National Park,Австралия,0.22,2018-01-01T00:00:00Z,,
Murramarang National Park,Австралия,1.23516259765625,2018-01-01T00:00:00Z,,
Десембарко-дель-Гранма,Куба,41863,1985-01-01T00:00:00Z,,всемирное наследие
Десембарко-дель-Гранма,Куба,3.26,1985-01-01T00:00:00Z,,всемирное наследие
Брисбен-Рэнджес,Австралия,77.81,1973-01-01T00:00:00Z,,
Брисбен-Рэнджес,Австралия,0.8879533203125,1973-01-01T00:00:00Z,,
Брисбен-Рэнджес,Австралия,8885,1973-01-01T00:00:00Z,,
Брисбен-Рэнджес,Австралия,77.81,1977-01-01T00:00:00Z,,
Брисбен-Рэнджес,Австралия,0.8879533203125,1977-01-01T00:00:00Z,,
Брисбен-Рэнджес,Австралия,8885,1977-01-01T00:00:00Z,,
Brisbane Water National Park,Австралия,1.21004736328125,1967-10-01T00:00:00Z,,
Brisbane Water National Park,Австралия,1.2,1967-10-01T00:00:00Z,,
Brisbane Water National Park,Австралия,1.21004736328125,2015-01-01T00:00:00Z,,
Brisbane Water National Park,Австралия,1.2,2015-01-01T00:00:00Z,,
Geikie Gorge National Park,Австралия,1.22,1967-01-01T00:00:00Z,,
Wollumbin National Park,Австралия,41.17,1967-01-01T00:00:00Z,,часть объекта всемирного наследия
Wollumbin National Park,Австралия,41.17,2009-01-01T00:00:00Z,,часть объекта всемирного наследия
Q2363309,Филиппины,0.0609,1936-01-01T00:00:00Z,,
Swain Reefs National Park,Австралия,0.00560513191223145,1995-01-01T00:00:00Z,,
Swain Reefs National Park,Австралия,58.15,1995-01-01T00:00:00Z,,
Swain Reefs National Park,Австралия,0.00560513191223145,2005-01-01T00:00:00Z,,
Swain Reefs National Park,Австралия,58.15,2005-01-01T00:00:00Z,,
Мудумалай,Индия,3.21,1940-01-01T00:00:00Z,,
Гирканский национальный парк,Азербайджан,4.0358,2004-01-01T00:00:00Z,,часть объекта всемирного наследия
Мамшит,Израиль,514,,,часть объекта всемирного наследия
Мамшит,Израиль,242,,,часть объекта всемирного наследия
Tarlo River National Park,Австралия,0,1982-01-01T00:00:00Z,,
Tarlo River National Park,Австралия,80.74,1982-01-01T00:00:00Z,,
Tarlo River National Park,Австралия,0,2015-01-01T00:00:00Z,,
Tarlo River National Park,Австралия,80.74,2015-01-01T00:00:00Z,,
Моллем,Индия,1.07,1978-01-01T00:00:00Z,,
Tewantin National Park,Австралия,12.99,2010-01-01T00:00:00Z,,
Tewantin National Park,Австралия,0.315316040039062,2010-01-01T00:00:00Z,,
Tewantin National Park,Австралия,12.99,2016-01-01T00:00:00Z,,
Tewantin National Park,Австралия,0.315316040039062,2016-01-01T00:00:00Z,,
Бейт-Гуврин-Мареша,Израиль,259,,,всемирное наследие
The Lakes National Park,Австралия,2389,1927-01-01T00:00:00Z,,
The Lakes National Park,Австралия,2390,1927-01-01T00:00:00Z,,
The Lakes National Park,Австралия,1451,1927-01-01T00:00:00Z,,
The Lakes National Park,Австралия,0.240530029296875,1927-01-01T00:00:00Z,,
The Lakes National Park,Австралия,2389,2001-01-01T00:00:00Z,,
The Lakes National Park,Австралия,2390,2001-01-01T00:00:00Z,,
The Lakes National Park,Австралия,1451,2001-01-01T00:00:00Z,,
The Lakes National Park,Австралия,0.240530029296875,2001-01-01T00:00:00Z,,
Национальный парк Козара,Босния и Герцеговина,0.34,1967-01-01T00:00:00Z,,
Блэк-Ривер-Горджес,Маврикий,0.66,1994-01-01T00:00:00Z,,Объект из предварительного списка Всемирного наследия
Wallarah National Park,Австралия,0.0174503448486328,2003-01-01T00:00:00Z,,
Wallarah National Park,Австралия,1.78,2003-01-01T00:00:00Z,,
Wallarah National Park,Австралия,0.0174503448486328,2003-05-01T00:00:00Z,,
Wallarah National Park,Австралия,1.78,2003-05-01T00:00:00Z,,
Thrushton National Park,Австралия,256.52,1990-01-01T00:00:00Z,,
Thrushton National Park,Австралия,2.5663,1990-01-01T00:00:00Z,,
Thrushton National Park,Австралия,256.52,1994-01-01T00:00:00Z,,
Thrushton National Park,Австралия,2.5663,1994-01-01T00:00:00Z,,
Гыданский национальный парк,Россия,87.8174,1996-10-07T00:00:00Z,,
Towarri National Park,Австралия,60.74,1998-01-01T00:00:00Z,,
Towarri National Park,Австралия,0.6577720703125,1998-01-01T00:00:00Z,,
Towarri National Park,Австралия,60.74,2012-01-01T00:00:00Z,,
Towarri National Park,Австралия,0.6577720703125,2012-01-01T00:00:00Z,,
Кристоффельпарк,Кюрасао,2000,1978-01-01T00:00:00Z,,
Triunia National Park,Австралия,0.00339764022827148,1994-01-01T00:00:00Z,,
Triunia National Park,Австралия,33.99,1994-01-01T00:00:00Z,,
Triunia National Park,Австралия,0.00339764022827148,2009-01-01T00:00:00Z,,
Triunia National Park,Австралия,33.99,2009-01-01T00:00:00Z,,
Tuchekoi National Park,Австралия,0.038501123046875,2009-01-01T00:00:00Z,,
Tuchekoi National Park,Австралия,3.71,2009-01-01T00:00:00Z,,
Tuchekoi National Park,Австралия,0.038501123046875,2014-01-01T00:00:00Z,,
Tuchekoi National Park,Австралия,3.71,2014-01-01T00:00:00Z,,
Шахдагский национальный парк,Азербайджан,13.05081,2006-01-01T00:00:00Z,,
Зангезурский национальный парк имени академика Гасана Алиева,Азербайджан,4.2797,2004-01-01T00:00:00Z,,
Алтыагаджский национальный парк,Азербайджан,1.1035,2004-01-01T00:00:00Z,,
Домоглед-Валя-Черна,Румыния,6.12,1990-01-01T00:00:00Z,,
Домоглед-Валя-Черна,Румыния,61658.00152,1990-01-01T00:00:00Z,,
Домоглед-Валя-Черна,Румыния,6.12,2000-01-01T00:00:00Z,,
Домоглед-Валя-Черна,Румыния,61658.00152,2000-01-01T00:00:00Z,,
Narrien Range National Park,Австралия,0.745517431640625,1991-01-01T00:00:00Z,,
Narrien Range National Park,Австралия,74.6,1991-01-01T00:00:00Z,,
Narrien Range National Park,Австралия,0.745517431640625,1999-01-01T00:00:00Z,,
Narrien Range National Park,Австралия,74.6,1999-01-01T00:00:00Z,,
Snake Range National Park,Австралия,268.77,1972-01-01T00:00:00Z,,
Snake Range National Park,Австралия,0.26729814453125,1972-01-01T00:00:00Z,,
Snake Range National Park,Австралия,268.77,1998-01-01T00:00:00Z,,
Snake Range National Park,Австралия,0.26729814453125,1998-01-01T00:00:00Z,,
Yungaburra National Park,Австралия,0.000543812036514282,1953-01-01T00:00:00Z,,
Yungaburra National Park,Австралия,0.0005,1953-01-01T00:00:00Z,,
Yungaburra National Park,Австралия,0.0005,1953-01-01T00:00:00Z,,
Yungaburra National Park,Австралия,0.000543812036514282,1953-09-12T00:00:00Z,,
Yungaburra National Park,Австралия,0.0005,1953-09-12T00:00:00Z,,
Yungaburra National Park,Австралия,0.0005,1953-09-12T00:00:00Z,,
Yungaburra National Park,Австралия,0.000543812036514282,1994-01-01T00:00:00Z,,
Yungaburra National Park,Австралия,0.0005,1994-01-01T00:00:00Z,,
Yungaburra National Park,Австралия,0.0005,1994-01-01T00:00:00Z,,
Марудзедзи,Мадагаскар,59751.8,1952-01-01T00:00:00Z,,часть объекта всемирного наследия
Sodwana Bay National Park,ЮАР,0.1156,1950-01-01T00:00:00Z,,
Vulkathunha-Gammon Ranges National Park,Австралия,0.01228,1970-01-01T00:00:00Z,,
Vulkathunha-Gammon Ranges National Park,Австралия,12.62437578125,1970-01-01T00:00:00Z,,
Vulkathunha-Gammon Ranges National Park,Австралия,0.01228,1984-01-01T00:00:00Z,,
Vulkathunha-Gammon Ranges National Park,Австралия,12.62437578125,1984-01-01T00:00:00Z,,
Yengo National Park,Австралия,16.761865625,1988-01-01T00:00:00Z,,
Yengo National Park,Австралия,0.01634,1988-01-01T00:00:00Z,,
Yengo National Park,Австралия,16.761865625,2015-01-01T00:00:00Z,,
Yengo National Park,Австралия,0.01634,2015-01-01T00:00:00Z,,
Пик Макайа,Гаити,0.2,1984-01-01T00:00:00Z,,
Wallaroo National Park,Австралия,0.278401147460938,2007-01-01T00:00:00Z,,
Wallaroo National Park,Австралия,2.78,2007-01-01T00:00:00Z,,
Wallaroo National Park,Австралия,0.278401147460938,2007-07-01T00:00:00Z,,
Wallaroo National Park,Австралия,2.78,2007-07-01T00:00:00Z,,
Cahuita National Park,Коста-Рика,24392,1982-01-01T00:00:00Z,,
Warby-Ovens National Park,Австралия,146.55,2010-01-01T00:00:00Z,,
Warby-Ovens National Park,Австралия,1.47076962890625,2010-01-01T00:00:00Z,,
Warby-Ovens National Park,Австралия,14750,2010-01-01T00:00:00Z,,
Jozani Chwaka Bay National Park,Танзания,0.5,2003-01-01T00:00:00Z,,Объект из предварительного списка Всемирного наследия
Warro National Park,Австралия,0.60809208984375,2006-01-01T00:00:00Z,,
Warro National Park,Австралия,60.32,2006-01-01T00:00:00Z,,
Западная Лунга (национальный парк),Замбия,16.84,,,
Elsey National Park,Австралия,1.38144728893042,2002-01-01T00:00:00Z,,
Elsey National Park,Австралия,0.00839557609558105,2002-01-01T00:00:00Z,,
Elsey National Park,Австралия,1.38,2002-01-01T00:00:00Z,,
Elsey National Park,Австралия,1.38144728893042,2010-01-01T00:00:00Z,,
Elsey National Park,Австралия,0.00839557609558105,2010-01-01T00:00:00Z,,
Elsey National Park,Австралия,1.38,2010-01-01T00:00:00Z,,
Уинд,США,1.14,1903-01-01T00:00:00Z,,
Beeron National Park,Австралия,0.7045828125,2009-01-01T00:00:00Z,,
Beeron National Park,Австралия,70.03,2009-01-01T00:00:00Z,,
Эйн-Авдат,Израиль,4800,,,
Endeavour River National Park,Австралия,21.99,1975-01-01T00:00:00Z,,
Endeavour River National Park,Австралия,0.212176342773437,1975-01-01T00:00:00Z,,
Endeavour River National Park,Австралия,21.99,2009-01-01T00:00:00Z,,
Endeavour River National Park,Австралия,0.212176342773437,2009-01-01T00:00:00Z,,
Pidna National Park,Австралия,153,2006-01-01T00:00:00Z,,
Pidna National Park,Австралия,1.6,2006-01-01T00:00:00Z,,
Pidna National Park,Австралия,0.0153197296142578,2006-01-01T00:00:00Z,,
Уотеру (национальный парк),Австралия,0.29029775390625,1969-01-01T00:00:00Z,,
Уотеру (национальный парк),Австралия,3.994461328125,1969-01-01T00:00:00Z,,
Уотеру (национальный парк),Австралия,4.43,1969-01-01T00:00:00Z,,
Уотеру (национальный парк),Австралия,0.163405834960937,1969-01-01T00:00:00Z,,
Уотеру (национальный парк),Австралия,0.29029775390625,1972-01-01T00:00:00Z,,
Уотеру (национальный парк),Австралия,3.994461328125,1972-01-01T00:00:00Z,,
Уотеру (национальный парк),Австралия,4.43,1972-01-01T00:00:00Z,,
Уотеру (национальный парк),Австралия,0.163405834960937,1972-01-01T00:00:00Z,,
Уотеру (национальный парк),Австралия,0.29029775390625,1973-01-01T00:00:00Z,,
Уотеру (национальный парк),Австралия,3.994461328125,1973-01-01T00:00:00Z,,
Уотеру (национальный парк),Австралия,4.43,1973-01-01T00:00:00Z,,
Уотеру (национальный парк),Австралия,0.163405834960937,1973-01-01T00:00:00Z,,
Уотеру (национальный парк),Австралия,0.29029775390625,1977-01-01T00:00:00Z,,
Уотеру (национальный парк),Австралия,3.994461328125,1977-01-01T00:00:00Z,,
Уотеру (национальный парк),Австралия,4.43,1977-01-01T00:00:00Z,,
Уотеру (национальный парк),Австралия,0.163405834960937,1977-01-01T00:00:00Z,,
Langsua National Park,Норвегия,5.37,2011-01-01T00:00:00Z,,
Langsua National Park,Норвегия,53832.94368,2011-01-01T00:00:00Z,,
Slovak Karst National Park,Словакия,3.4611,2002-01-01T00:00:00Z,,
Slovak Karst National Park,Словакия,34348.094,2002-01-01T00:00:00Z,,
Tsingy de Namoroka National Park,Мадагаскар,2.2227,1927-01-01T00:00:00Z,,
Ньюнгве,Руанда,10.1,2004-01-01T00:00:00Z,,всемирное наследие
Ньюнгве,Руанда,10.1,2004-01-01T00:00:00Z,,ключевые орнитологические территории
Национальный парк Джигме Сингье Вангчука,Бутан,17.3,1995-01-01T00:00:00Z,,
Tully Gorge National Park,Австралия,6.034829296875,1923-01-01T00:00:00Z,,
Tully Gorge National Park,Австралия,59.86,1923-01-01T00:00:00Z,,
Tully Gorge National Park,Австралия,6.034829296875,2014-01-01T00:00:00Z,,
Tully Gorge National Park,Австралия,59.86,2014-01-01T00:00:00Z,,
Forty Mile Scrub National Park,Австралия,0.630705224609375,1970-01-01T00:00:00Z,,
Forty Mile Scrub National Park,Австралия,6.33,1970-01-01T00:00:00Z,,
Forty Mile Scrub National Park,Австралия,0.630705224609375,1997-01-01T00:00:00Z,,
Forty Mile Scrub National Park,Австралия,6.33,1997-01-01T00:00:00Z,,
Hull River National Park,Австралия,36.95,1968-01-01T00:00:00Z,,
Hull River National Park,Австралия,0.365363549804688,1968-01-01T00:00:00Z,,
Hull River National Park,Австралия,36.95,2008-01-01T00:00:00Z,,
Hull River National Park,Австралия,0.365363549804688,2008-01-01T00:00:00Z,,
Kroombit Tops National Park,Австралия,4.321696484375,1974-01-01T00:00:00Z,,
Kroombit Tops National Park,Австралия,4.321696484375,2006-01-01T00:00:00Z,,
Гранд-Каньон,США,493270,1919-01-01T00:00:00Z,,всемирное наследие
Гранд-Каньон,США,493270,1919-01-01T00:00:00Z,,International Dark Sky Park
Вильсонс-Промонтори,Австралия,49049,1898-07-08T00:00:00Z,,
Вильсонс-Промонтори,Австралия,4.82021875,1898-07-08T00:00:00Z,,
Вильсонс-Промонтори,Австралия,50460,1898-07-08T00:00:00Z,,
Tazekka National Park,Марокко,1.3737,1950-01-01T00:00:00Z,,
Dunggir National Park,Австралия,26.51,1997-01-01T00:00:00Z,,
Dunggir National Park,Австралия,0.258285302734375,1997-01-01T00:00:00Z,,
Dunggir National Park,Австралия,26.51,2003-01-01T00:00:00Z,,
Dunggir National Park,Австралия,0.258285302734375,2003-01-01T00:00:00Z,,
Стены Иерусалима,Австралия,5.180734375,1978-12-13T00:00:00Z,King Davids Peak,
Стены Иерусалима,Австралия,5.18,1978-12-13T00:00:00Z,King Davids Peak,
Пор-Кро (национальный парк),Франция,2475,1963-12-14T00:00:00Z,,Объект из предварительного списка Всемирного наследия
Пор-Кро (национальный парк),Франция,0.02475,1963-12-14T00:00:00Z,,Объект из предварительного списка Всемирного наследия
Kaboré Tambi National Park,Буркина-Фасо,24.27,1976-01-01T00:00:00Z,,
Дельта Салума,Сенегал,7.6,1976-01-01T00:00:00Z,,Рамсарское угодье
Вуд-Баффало,Канада,447.92,1922-12-18T00:00:00Z,,всемирное наследие
Вуд-Баффало,Канада,4480000,1922-12-18T00:00:00Z,,всемирное наследие
Наханни,Канада,300,1976-01-01T00:00:00Z,Mount Nirvana,всемирное наследие
Наханни,Канада,476560,1976-01-01T00:00:00Z,Mount Nirvana,всемирное наследие
Anavilhanas National Park,Бразилия,350018,1981-01-01T00:00:00Z,,Объект из предварительного списка Всемирного наследия
Anavilhanas National Park,Бразилия,350236,1981-01-01T00:00:00Z,,Объект из предварительного списка Всемирного наследия
Anavilhanas National Park,Бразилия,35.05,1981-01-01T00:00:00Z,,Объект из предварительного списка Всемирного наследия
Anavilhanas National Park,Бразилия,350018,1981-01-01T00:00:00Z,,Рамсарское угодье
Anavilhanas National Park,Бразилия,350236,1981-01-01T00:00:00Z,,Рамсарское угодье
Anavilhanas National Park,Бразилия,35.05,1981-01-01T00:00:00Z,,Рамсарское угодье
Anavilhanas National Park,Бразилия,350018,1981-01-01T00:00:00Z,,часть объекта всемирного наследия
Anavilhanas National Park,Бразилия,350236,1981-01-01T00:00:00Z,,часть объекта всемирного наследия
Anavilhanas National Park,Бразилия,35.05,1981-01-01T00:00:00Z,,часть объекта всемирного наследия
Аукштайтский национальный парк,Литва,4.057,1974-01-01T00:00:00Z,,
Аукштайтский национальный парк,Литва,4.0975,1974-01-01T00:00:00Z,,
Nuga Nuga National Park,Австралия,2.86,1993-01-01T00:00:00Z,,
Nuga Nuga National Park,Австралия,0.29360244140625,1993-01-01T00:00:00Z,,
Nuga Nuga National Park,Австралия,2.86,1994-01-01T00:00:00Z,,
Nuga Nuga National Park,Австралия,0.29360244140625,1994-01-01T00:00:00Z,,
Newry Islands National Park,Австралия,4.64,1938-01-01T00:00:00Z,,
Newry Islands National Park,Австралия,4.64,1995-01-01T00:00:00Z,,
Ikara-Flinders Ranges National Park,Австралия,9.412584375,1945-01-01T00:00:00Z,,
Ikara-Flinders Ranges National Park,Австралия,9.5,1945-01-01T00:00:00Z,,
Ikara-Flinders Ranges National Park,Австралия,9.412584375,2017-01-01T00:00:00Z,,
Ikara-Flinders Ranges National Park,Австралия,9.5,2017-01-01T00:00:00Z,,
Маико (национальный парк),Демократическая Республика Конго,108.3,1970-01-01T00:00:00Z,,
Serra da Bocaina National Park,Бразилия,10.4,1971-01-01T00:00:00Z,,часть объекта всемирного наследия
Гранд-Каньон,США,48.62893,1919-01-01T00:00:00Z,,всемирное наследие
Гранд-Каньон,США,48.62893,1919-01-01T00:00:00Z,,International Dark Sky Park
Capiro Calentura National Park,Гондурас,0.5,1992-01-01T00:00:00Z,,
Celaque National Park,Гондурас,2.6631,1987-01-01T00:00:00Z,,
Chapada das Mesas National Park,Бразилия,159952,2005-01-01T00:00:00Z,,
Chapada das Mesas National Park,Бразилия,16,2005-01-01T00:00:00Z,,
Chapada dos Guimarães National Park,Бразилия,33000,1989-04-12T00:00:00Z,,
Chapada dos Guimarães National Park,Бразилия,32647,1989-04-12T00:00:00Z,,
Chiquibul National Park,Белиз,106839,1991-01-01T00:00:00Z,,
Кантаньес (национальный парк),Гвинея-Бисау,10.5767,2007-10-01T00:00:00Z,,
Фернебуфьерден,Швеция,6265.44,1998-09-09T00:00:00Z,,Рамсарское угодье
Фернебуфьерден,Швеция,4198.234,1998-09-09T00:00:00Z,,Рамсарское угодье
Словацкий Рай,Словакия,19414.193,2016-01-01T00:00:00Z,,
Словацкий Рай,Словакия,1.9763,2016-01-01T00:00:00Z,,
Kinchega National Park,Австралия,4.43,1967-01-01T00:00:00Z,,
Kinchega National Park,Австралия,4.457496875,1967-01-01T00:00:00Z,,
Kinchega National Park,Австралия,4.43,1997-01-01T00:00:00Z,,
Kinchega National Park,Австралия,4.457496875,1997-01-01T00:00:00Z,,
Марсабит,Кения,15.54,1949-01-01T00:00:00Z,,Объект из предварительного списка Всемирного наследия
Mount Roe National Park,Австралия,0.01277,2004-01-01T00:00:00Z,,
Mount Roe National Park,Австралия,12.7800140625,2004-01-01T00:00:00Z,,
Национальный парк Кевир,Иран,691169,1964-01-01T00:00:00Z,,
Национальный парк Кевир,Иран,442212,1964-01-01T00:00:00Z,,
Национальный парк Сахама,Боливия,10.02,1938-01-01T00:00:00Z,,Объект из предварительного списка Всемирного наследия
Найджерхоул,Индия,6.434,1988-01-01T00:00:00Z,,
Tablas de Daimiel National Park,Испания,3010.61437,1973-06-28T00:00:00Z,,Рамсарское угодье
Tablas de Daimiel National Park,Испания,0.303,1973-06-28T00:00:00Z,,Рамсарское угодье
Куршская коса,Литва,26474,1991-01-01T00:00:00Z,,
Люра,Албания,0.128,1966-01-01T00:00:00Z,,
Гибралтар-Рейндж,Австралия,17273,1967-10-01T00:00:00Z,,часть объекта всемирного наследия
Гибралтар-Рейндж,Австралия,2.5399578125,1967-10-01T00:00:00Z,,часть объекта всемирного наследия
Гибралтар-Рейндж,Австралия,2.53,1967-10-01T00:00:00Z,,часть объекта всемирного наследия
Гибралтар-Рейндж,Австралия,17273,2003-01-01T00:00:00Z,,часть объекта всемирного наследия
Гибралтар-Рейндж,Австралия,2.5399578125,2003-01-01T00:00:00Z,,часть объекта всемирного наследия
Гибралтар-Рейндж,Австралия,2.53,2003-01-01T00:00:00Z,,часть объекта всемирного наследия
Porcupine Gorge National Park,Австралия,0.5164,2004-01-01T00:00:00Z,,
Gir-um-bit National Park,Австралия,6.13,2007-07-01T00:00:00Z,,
Gir-um-bit National Park,Австралия,0.0610321838378906,2007-07-01T00:00:00Z,,
Gir-um-bit National Park,Австралия,6.13,2008-01-01T00:00:00Z,,
Gir-um-bit National Park,Австралия,0.0610321838378906,2008-01-01T00:00:00Z,,
Glastonbury National Park,Австралия,0.0527465942382813,2010-01-01T00:00:00Z,,
Glastonbury National Park,Австралия,5.31,2010-01-01T00:00:00Z,,
Glastonbury National Park,Австралия,0.0527465942382813,2011-01-01T00:00:00Z,,
Glastonbury National Park,Австралия,5.31,2011-01-01T00:00:00Z,,
Сёдеросен,Швеция,5.542,2001-05-10T00:00:00Z,,
Сёдеросен,Швеция,1515.432,2001-05-10T00:00:00Z,,
Сёдеросен,Швеция,1619.68,2001-05-10T00:00:00Z,,
Сёдеросен,Швеция,1614.1,2001-05-10T00:00:00Z,,
Яла,Шри-Ланка,0.01512,1937-02-25T00:00:00Z,,
Maalan National Park,Австралия,0.246939697265625,2005-01-01T00:00:00Z,,
Maalan National Park,Австралия,24.73,2005-01-01T00:00:00Z,,
Glenbar National Park,Австралия,0.297949877929688,2006-01-01T00:00:00Z,,
Barnard Island Group National Park,Австралия,0.00308970546722412,1998-01-01T00:00:00Z,,
Barool National Park,Австралия,1.11638115234375,1999-01-01T00:00:00Z,,
Barool National Park,Австралия,112.14,1999-01-01T00:00:00Z,,
Barranyi (North Island) National Park,Австралия,54.21,1991-01-01T00:00:00Z,,
Barranyi (North Island) National Park,Австралия,0.53811259765625,1991-01-01T00:00:00Z,,
Barranyi (North Island) National Park,Австралия,54.21,1992-01-01T00:00:00Z,,
Barranyi (North Island) National Park,Австралия,0.53811259765625,1992-01-01T00:00:00Z,,
Barrington Tops National Park,Австралия,7.43,1969-01-01T00:00:00Z,,часть объекта всемирного наследия
Barrington Tops National Park,Австралия,39120,1969-01-01T00:00:00Z,,часть объекта всемирного наследия
Barrington Tops National Park,Австралия,7.68991328125,1969-01-01T00:00:00Z,,часть объекта всемирного наследия
Elsey National Park,Австралия,1.38,1991-01-01T00:00:00Z,,
Амазония,Бразилия,1084895.62,1974-02-19T00:00:00Z,,
Олимпик,США,922649.41,1938-06-29T00:00:00Z,Олимпус,всемирное наследие
Олимпик,США,373380,1938-06-29T00:00:00Z,Олимпус,всемирное наследие
Олимпик,США,37.338297,1938-06-29T00:00:00Z,Олимпус,всемирное наследие
Глейшер,США,40.99977,1910-05-11T00:00:00Z,Mount Cleveland,
Глейшер,США,1013322,1910-05-11T00:00:00Z,Mount Cleveland,
Викос-Аоос,Греция,12794.25,1973-01-01T00:00:00Z,,
Викос-Аоос,Греция,1.26,1973-01-01T00:00:00Z,,
Lo Go Xa Mat National Park,Вьетнам,1.9156,2002-01-01T00:00:00Z,,
Форт Иисус,Кения,31,1593-04-11T00:00:00Z,,всемирное наследие
Форт Иисус,Кения,2.36,1593-04-11T00:00:00Z,,всемирное наследие
Форт Иисус,Кения,31,1593-04-11T00:00:00Z,,National Monument of Kenya
Форт Иисус,Кения,2.36,1593-04-11T00:00:00Z,,National Monument of Kenya
Форт Иисус,Кения,31,1593-04-11T00:00:00Z,,Heritage of Portuguese Influence
Форт Иисус,Кения,2.36,1593-04-11T00:00:00Z,,Heritage of Portuguese Influence
Gargano National Park,Италия,11.81,1991-01-01T00:00:00Z,,
Gargano National Park,Италия,118144,1991-01-01T00:00:00Z,,
Таи,Кот-д’Ивуар,33,1972-01-01T00:00:00Z,,всемирное наследие
Таи,Кот-д’Ивуар,330000,1972-01-01T00:00:00Z,,всемирное наследие
Жау,Бразилия,2367340,1980-01-01T00:00:00Z,,
Жау,Бразилия,237.79,1980-01-01T00:00:00Z,,
Гирский лес,Индия,2.59,1965-01-01T00:00:00Z,,
Cabo de Hornos National Park,Чили,63093,1945-04-26T00:00:00Z,,
Cabo de Hornos National Park,Чили,6.31,1945-04-26T00:00:00Z,,
Лас-Эрмосас,Колумбия,12482838,1977-01-01T00:00:00Z,,
Валь-Гранде (национальный парк),Италия,17.021,1991-12-06T00:00:00Z,,
Mebbin National Park,Австралия,0.38,1999-01-01T00:00:00Z,,
Mebbin National Park,Австралия,0.377908764648437,1999-01-01T00:00:00Z,,
Гезойзе,Австрия,9667.12861,2002-10-26T00:00:00Z,Хохтор,
Гезойзе,Австрия,1628.62703,2002-10-26T00:00:00Z,Хохтор,
Гезойзе,Австрия,1.1054,2002-10-26T00:00:00Z,Хохтор,
Бако,Малайзия,0.27,1957-01-01T00:00:00Z,,
Mont Péko National Park,Кот-д’Ивуар,3.4,1968-01-01T00:00:00Z,,
Гуадалупе-Маунтинс,США,3.6584,1972-09-30T00:00:00Z,Гуадалупе,
Амазония,Бразилия,1066302,1974-02-19T00:00:00Z,,
Сидней-Харбор,Австралия,0.0389498229980469,1975-01-01T00:00:00Z,,
Сидней-Харбор,Австралия,0.0389,1975-01-01T00:00:00Z,,
Сидней-Харбор,Австралия,0.0389498229980469,2001-01-01T00:00:00Z,,
Сидней-Харбор,Австралия,0.0389,2001-01-01T00:00:00Z,,
Рангел — Сент-Элайас,США,336.83,1980-01-01T00:00:00Z,Гора Святого Ильи,часть объекта всемирного наследия
Шапада-дус-Веадейрус,Бразилия,6.47,1961-01-01T00:00:00Z,,часть объекта всемирного наследия
Шапада-дус-Веадейрус,Бразилия,235970,1961-01-01T00:00:00Z,,часть объекта всемирного наследия
Шапада-дус-Веадейрус,Бразилия,240584,1961-01-01T00:00:00Z,,часть объекта всемирного наследия
Astrebla Downs National Park,Австралия,17.6,1996-01-01T00:00:00Z,,
Astrebla Downs National Park,Австралия,17.417771875,1996-01-01T00:00:00Z,,
Astrebla Downs National Park,Австралия,17.6,1999-01-01T00:00:00Z,,
Astrebla Downs National Park,Австралия,17.417771875,1999-01-01T00:00:00Z,,
Lamington National Park,Австралия,2.125203515625,1915-01-01T00:00:00Z,,часть объекта всемирного наследия
Lamington National Park,Австралия,20.59,1915-01-01T00:00:00Z,,часть объекта всемирного наследия
Lamington National Park,Австралия,20500,1915-01-01T00:00:00Z,,часть объекта всемирного наследия
Lamington National Park,Австралия,2.125203515625,2018-01-01T00:00:00Z,,часть объекта всемирного наследия
Lamington National Park,Австралия,20.59,2018-01-01T00:00:00Z,,часть объекта всемирного наследия
Lamington National Park,Австралия,20500,2018-01-01T00:00:00Z,,часть объекта всемирного наследия
Эмас,Бразилия,13.26,1961-01-01T00:00:00Z,,часть объекта всемирного наследия
Эмас,Бразилия,132784,1961-01-01T00:00:00Z,,часть объекта всемирного наследия
Эмас,Бразилия,131386,1961-01-01T00:00:00Z,,часть объекта всемирного наследия
Гарпхюттан,Швеция,0,1909-06-21T00:00:00Z,,
Гарпхюттан,Швеция,110.59,1909-06-21T00:00:00Z,,
Гарпхюттан,Швеция,110.59,1909-06-21T00:00:00Z,,
Гарпхюттан,Швеция,102.299,1909-06-21T00:00:00Z,,
Фулуфьеллет,Швеция,38439.62,2002-08-01T00:00:00Z,,
Фулуфьеллет,Швеция,37646.59,2002-08-01T00:00:00Z,,
Фулуфьеллет,Швеция,4543.186,2002-08-01T00:00:00Z,,
Фулуфьеллет,Швеция,792.927,2002-08-01T00:00:00Z,,
Шаба,Кения,2.391,1974-01-01T00:00:00Z,,
Nawegaon National Park,Индия,1.3388,1975-01-01T00:00:00Z,,
Vicente Pérez Rosales National Park,Чили,253568,1926-08-17T00:00:00Z,,
Vicente Pérez Rosales National Park,Чили,253780,1926-08-17T00:00:00Z,,
Каркаралинский национальный парк,Казахстан,1.1212,1998-01-01T00:00:00Z,,
Ben En National Park,Вьетнам,147.35,1992-01-01T00:00:00Z,,
Sohoton Natural Bridge National Park,Филиппины,43.03,1935-01-01T00:00:00Z,,
South Button Island National Park,Индия,0.0003,1987-01-01T00:00:00Z,,
Билу,Австралия,0.4620080078125,1995-01-01T00:00:00Z,,
Билу,Австралия,46.17,1995-01-01T00:00:00Z,,
Билу,Австралия,0.4620080078125,2004-01-01T00:00:00Z,,
Билу,Австралия,46.17,2004-01-01T00:00:00Z,,
Олавик (национальный парк),Канада,122,2001-01-01T00:00:00Z,,
Вулкан Поас,Коста-Рика,0.6559,1970-01-01T00:00:00Z,,
Saddle Peak National Park,Индия,0.3254,1979-01-01T00:00:00Z,,
Галф-Айлендс,Канада,0.359,2010-08-03T00:00:00Z,,
Роки-Маунтин,США,10.755,1915-01-01T00:00:00Z,Longs Peak,
Aurora Memorial National Park,Филиппины,2356,1937-11-11T00:00:00Z,,
Aurora Memorial National Park,Филиппины,5676,1937-11-11T00:00:00Z,,
Аспромонте (национальный парк),Италия,6.415,1989-01-01T00:00:00Z,,
Аспромонте (национальный парк),Италия,64153,1989-01-01T00:00:00Z,,
Аспромонте (национальный парк),Италия,6.415,1994-01-01T00:00:00Z,,
Аспромонте (национальный парк),Италия,64153,1994-01-01T00:00:00Z,,
Sidi Toui National Park,Тунис,63.15,1993-01-01T00:00:00Z,,
Souss-Massa National Park,Марокко,3.4,1991-01-01T00:00:00Z,,Рамсарское угодье
Deux Balés National Park,Буркина-Фасо,5.66,1967-01-01T00:00:00Z,,
Ауюиттук (национальный парк),Канада,190.89,1976-04-09T00:00:00Z,,
Эйвон-Волли,Австралия,0.48,1970-01-01T00:00:00Z,,Рамсарское угодье
Эйвон-Волли,Австралия,0.44591142578125,1970-01-01T00:00:00Z,,Рамсарское угодье
Эйвон-Волли,Австралия,0.48,1972-01-01T00:00:00Z,,Рамсарское угодье
Эйвон-Волли,Австралия,0.44591142578125,1972-01-01T00:00:00Z,,Рамсарское угодье
Аваш (национальный парк),Эфиопия,7.526,1969-01-01T00:00:00Z,,
Кеджимкуджик,Канада,4.037,1974-01-01T00:00:00Z,Q3322149,национальное историческое место Канады
Райдинг-Маунтин,Канада,29.677,1930-05-30T00:00:00Z,,
Сирмилик,Канада,222,2001-02-19T00:00:00Z,,
Бадгингарра,Австралия,1.3105244140625,1973-01-01T00:00:00Z,,
Бадгингарра,Австралия,131.08,1973-01-01T00:00:00Z,,
Río Pilcomayo National Park,Аргентина,51889,1951-01-01T00:00:00Z,,Рамсарское угодье
Огненная Земля,Аргентина,6.3,1960-10-15T00:00:00Z,Cerro Vinciguerra,
Los Arrayanes National Park,Аргентина,1.84,1971-01-01T00:00:00Z,,
Baritú National Park,Аргентина,7.2439,1974-01-01T00:00:00Z,,
Lihué Calel National Park,Аргентина,0.9901,1977-01-01T00:00:00Z,,
Калилегуа,Аргентина,0.763,1979-07-19T00:00:00Z,,
Los Cardones National Park,Аргентина,6.4117,1996-11-20T00:00:00Z,Cerro Malcante,
Copo National Park,Аргентина,118119,1998-01-01T00:00:00Z,,
Mburucuyá National Park,Аргентина,1.766,,,
Эль-Леонсито,Аргентина,8.9706,1994-01-01T00:00:00Z,,
Монте-Леон (национальный парк),Аргентина,62169,2004-01-01T00:00:00Z,,
Campos del Tuyú National Park,Аргентина,3000,2009-01-01T00:00:00Z,,
South Bruny National Park,Австралия,0.527206624082103,1997-01-01T00:00:00Z,Mount Bruny,
South Bruny National Park,Австралия,50.59,1997-01-01T00:00:00Z,Mount Bruny,
South Bruny National Park,Австралия,0.527206624082103,2000-01-01T00:00:00Z,Mount Bruny,
South Bruny National Park,Австралия,50.59,2000-01-01T00:00:00Z,Mount Bruny,
Undara Volcanic National Park,Австралия,6.58,1993-01-01T00:00:00Z,,
Undara Volcanic National Park,Австралия,6.72133203125,1993-01-01T00:00:00Z,,
Undara Volcanic National Park,Австралия,6.58,2016-01-01T00:00:00Z,,
Undara Volcanic National Park,Австралия,6.72133203125,2016-01-01T00:00:00Z,,
Национальный Парк Кинабалу,Малайзия,75370,1964-01-01T00:00:00Z,,всемирное наследие
Национальный Парк Кинабалу,Малайзия,7.54,1964-01-01T00:00:00Z,,всемирное наследие
Национальный Парк Кинабалу,Малайзия,75370,1964-01-01T00:00:00Z,,national natural historic site of Malaysia
Национальный Парк Кинабалу,Малайзия,7.54,1964-01-01T00:00:00Z,,national natural historic site of Malaysia
Кобук-Валли,США,70.849,1980-12-02T00:00:00Z,Mount Angayukaqsraq,
Сангай,Эквадор,271925,1979-01-01T00:00:00Z,,всемирное наследие
Кенай-Фьордс,США,27.11,1980-01-01T00:00:00Z,McCarty Peak,
Американское Самоа,США,0.55,1988-01-01T00:00:00Z,Лата,
Warrumbungle National Park,Австралия,2.3862080078125,1967-01-01T00:00:00Z,,listed on the Australian National Heritage List
Warrumbungle National Park,Австралия,23611.98003226,1967-01-01T00:00:00Z,,listed on the Australian National Heritage List
Warrumbungle National Park,Австралия,2.3862080078125,2011-01-01T00:00:00Z,,listed on the Australian National Heritage List
Warrumbungle National Park,Австралия,23611.98003226,2011-01-01T00:00:00Z,,listed on the Australian National Heritage List
Warrumbungle National Park,Австралия,2.3862080078125,1967-01-01T00:00:00Z,,International Dark Sky Park
Warrumbungle National Park,Австралия,23611.98003226,1967-01-01T00:00:00Z,,International Dark Sky Park
Geikie Gorge National Park,Австралия,0.274781103515625,1967-01-01T00:00:00Z,,
Geikie Gorge National Park,Австралия,1.22,1972-01-01T00:00:00Z,,
Geikie Gorge National Park,Австралия,0.274781103515625,1972-01-01T00:00:00Z,,
Drysdale River National Park,Австралия,44.76733125,1974-09-27T00:00:00Z,,
Drysdale River National Park,Австралия,0.04483,1974-09-27T00:00:00Z,,
Drysdale River National Park,Австралия,44.76733125,1977-01-01T00:00:00Z,,
Drysdale River National Park,Австралия,0.04483,1977-01-01T00:00:00Z,,
William Bay National Park,Австралия,0.00295355739593506,1971-01-01T00:00:00Z,,
William Bay National Park,Австралия,0.171604455566406,1971-01-01T00:00:00Z,,
William Bay National Park,Австралия,0.17,1971-01-01T00:00:00Z,,
William Bay National Park,Австралия,0.00295355739593506,1981-01-01T00:00:00Z,,
William Bay National Park,Австралия,0.171604455566406,1981-01-01T00:00:00Z,,
William Bay National Park,Австралия,0.17,1981-01-01T00:00:00Z,,
William Bay National Park,Австралия,0.00295355739593506,1987-01-01T00:00:00Z,,
William Bay National Park,Австралия,0.171604455566406,1987-01-01T00:00:00Z,,
William Bay National Park,Австралия,0.17,1987-01-01T00:00:00Z,,
Mbam Djerem National Park,Камерун,41.65,2000-01-01T00:00:00Z,,
Witjira National Park,Австралия,76.80955,1985-01-01T00:00:00Z,,
Witjira National Park,Австралия,0.077,1985-01-01T00:00:00Z,,
Дайамантина (национальный парк),Австралия,51.12338125,1993-01-01T00:00:00Z,,
Дайамантина (национальный парк),Австралия,50.7,1993-01-01T00:00:00Z,,
Lincoln National Park,Австралия,2.169076953125,1941-01-01T00:00:00Z,,
Lincoln National Park,Австралия,3.15,1941-01-01T00:00:00Z,,
Lincoln National Park,Австралия,2.169076953125,1999-01-01T00:00:00Z,,
Lincoln National Park,Австралия,3.15,1999-01-01T00:00:00Z,,
Национальный морской парк Закинфа,Греция,1.0433,1999-01-01T00:00:00Z,,
Finke Gorge National Park,Австралия,458.43,1966-01-01T00:00:00Z,,
Finke Gorge National Park,Австралия,0.947771796703339,1966-01-01T00:00:00Z,,
Finke Gorge National Park,Австралия,3.58161280713081,1966-01-01T00:00:00Z,,
Finke Gorge National Park,Австралия,458.43,2010-01-01T00:00:00Z,,
Finke Gorge National Park,Австралия,0.947771796703339,2010-01-01T00:00:00Z,,
Finke Gorge National Park,Австралия,3.58161280713081,2010-01-01T00:00:00Z,,
Finke Gorge National Park,Австралия,458.43,2011-01-01T00:00:00Z,,
Finke Gorge National Park,Австралия,0.947771796703339,2011-01-01T00:00:00Z,,
Finke Gorge National Park,Австралия,3.58161280713081,2011-01-01T00:00:00Z,,
Broad Sound Islands National Park,Австралия,0.2462501953125,2000-01-01T00:00:00Z,,
Broad Sound Islands National Park,Австралия,2.76,2000-01-01T00:00:00Z,,
Niumi National Park,Гамбия,49.4,1987-01-01T00:00:00Z,,Рамсарское угодье
Broadwater National Park,Австралия,42.25,1974-01-01T00:00:00Z,,
Broadwater National Park,Австралия,0.409881396484375,1974-01-01T00:00:00Z,,
Broadwater National Park,Австралия,42.25,2012-01-01T00:00:00Z,,
Broadwater National Park,Австралия,0.409881396484375,2012-01-01T00:00:00Z,,
Кишкуншаг,Венгрия,50523,1975-01-01T00:00:00Z,,
Quezon Protected Landscape,Филиппины,0.0983,1934-10-25T00:00:00Z,,
Mount Hypipamee National Park,Австралия,0.0364,1939-01-01T00:00:00Z,,
Mount Hypipamee National Park,Австралия,0.0347906036376953,1939-01-01T00:00:00Z,,
Mount Hypipamee National Park,Австралия,0.0364,2001-01-01T00:00:00Z,,
Mount Hypipamee National Park,Австралия,0.0347906036376953,2001-01-01T00:00:00Z,,
Culgoa National Park,Австралия,3.785869921875,1996-01-01T00:00:00Z,,
Culgoa National Park,Австралия,2.27,1996-01-01T00:00:00Z,,
Culgoa National Park,Австралия,3.785869921875,2015-01-01T00:00:00Z,,
Culgoa National Park,Австралия,2.27,2015-01-01T00:00:00Z,,
Тасман,Австралия,0.97,1999-04-30T00:00:00Z,,
Тасман,Австралия,1.09066131114298,1999-04-30T00:00:00Z,,
El Tuparro National Natural Park,Колумбия,5.48,1970-01-01T00:00:00Z,,
Kati Thanda-Lake Eyre National Park,Австралия,135.0765125,1985-01-01T00:00:00Z,,
Kati Thanda-Lake Eyre National Park,Австралия,0.1349251,1985-01-01T00:00:00Z,,
Kati Thanda-Lake Eyre National Park,Австралия,135.0765125,2014-01-01T00:00:00Z,,
Kati Thanda-Lake Eyre National Park,Австралия,0.1349251,2014-01-01T00:00:00Z,,
Brook Islands National Park,Австралия,6.39,1994-01-01T00:00:00Z,,
Brook Islands National Park,Австралия,6.39,2000-01-01T00:00:00Z,,
Organ Pipes National Park,Австралия,153,1972-03-12T00:00:00Z,,
Organ Pipes National Park,Австралия,121,1972-03-12T00:00:00Z,,
Organ Pipes National Park,Австралия,0.0152561859130859,1972-03-12T00:00:00Z,,
Organ Pipes National Park,Австралия,85,1972-03-12T00:00:00Z,,
Organ Pipes National Park,Австралия,65,1972-03-12T00:00:00Z,,
Organ Pipes National Park,Австралия,153,1988-01-01T00:00:00Z,,
Organ Pipes National Park,Австралия,121,1988-01-01T00:00:00Z,,
Organ Pipes National Park,Австралия,0.0152561859130859,1988-01-01T00:00:00Z,,
Organ Pipes National Park,Австралия,85,1988-01-01T00:00:00Z,,
Organ Pipes National Park,Австралия,65,1988-01-01T00:00:00Z,,
Лассен-Волканик,США,4.308,1916-08-09T00:00:00Z,Лассен-Пик,
Норт-Каскейдс,США,20.43,1968-10-02T00:00:00Z,Goode Mountain,
Deua National Park,Австралия,12.1603984375,1979-01-01T00:00:00Z,,
Deua National Park,Австралия,12.2,1979-01-01T00:00:00Z,,
Deua National Park,Австралия,12.1603984375,2014-01-01T00:00:00Z,,
Deua National Park,Австралия,12.2,2014-01-01T00:00:00Z,,
Wyrrabalong National Park,Австралия,0.62,1991-01-01T00:00:00Z,,
Wyrrabalong National Park,Австралия,0,1991-01-01T00:00:00Z,,
Wyrrabalong National Park,Австралия,0.62,2005-01-01T00:00:00Z,,
Wyrrabalong National Park,Австралия,0,2005-01-01T00:00:00Z,,
Oolambeyan National Park,Австралия,2.21998203125,2001-01-01T00:00:00Z,,
Oolambeyan National Park,Австралия,222.31,2001-01-01T00:00:00Z,,
Oolambeyan National Park,Австралия,2.21998203125,2012-01-01T00:00:00Z,,
Oolambeyan National Park,Австралия,222.31,2012-01-01T00:00:00Z,,
Mutawintji National Park,Австралия,6.89,1998-01-01T00:00:00Z,,
Mutawintji National Park,Австралия,6.77823984375,1998-01-01T00:00:00Z,,
Marramarra National Park,Австралия,1.1652181640625,1979-01-01T00:00:00Z,,
Marramarra National Park,Австралия,1.18,1979-01-01T00:00:00Z,,
Marramarra National Park,Австралия,1.1652181640625,2003-01-01T00:00:00Z,,
Marramarra National Park,Австралия,1.18,2003-01-01T00:00:00Z,,
South East Forest National Park,Австралия,0.0115177,1997-01-01T00:00:00Z,,
South East Forest National Park,Австралия,11.1369354556523,1997-01-01T00:00:00Z,,
South East Forest National Park,Австралия,0.0115177,2015-01-01T00:00:00Z,,
South East Forest National Park,Австралия,11.1369354556523,2015-01-01T00:00:00Z,,
Indwarra National Park,Австралия,0.0930996459960937,1999-01-01T00:00:00Z,,
Indwarra National Park,Австралия,0.94,1999-01-01T00:00:00Z,,
Werakata National Park,Австралия,0.333697314453125,1999-01-01T00:00:00Z,,
Werakata National Park,Австралия,21.39,1999-01-01T00:00:00Z,,
Werakata National Park,Австралия,0.333697314453125,2005-01-01T00:00:00Z,,
Werakata National Park,Австралия,21.39,2005-01-01T00:00:00Z,,
Georges River National Park,Австралия,0.34,1992-01-01T00:00:00Z,,
Georges River National Park,Австралия,0,1992-01-01T00:00:00Z,,
Georges River National Park,Австралия,0.34,2012-01-01T00:00:00Z,,
Georges River National Park,Австралия,0,2012-01-01T00:00:00Z,,
Mount Imlay National Park,Австралия,0.471686279296875,1972-01-01T00:00:00Z,,
Mount Imlay National Park,Австралия,0.48,1972-01-01T00:00:00Z,,
Mount Imlay National Park,Австралия,0.471686279296875,1999-01-01T00:00:00Z,,
Mount Imlay National Park,Австралия,0.48,1999-01-01T00:00:00Z,,
Dooragan National Park,Австралия,0.10954775390625,1997-01-01T00:00:00Z,,
Dooragan National Park,Австралия,0.11,1997-01-01T00:00:00Z,,
Dooragan National Park,Австралия,0.10954775390625,2015-01-01T00:00:00Z,,
Dooragan National Park,Австралия,0.11,2015-01-01T00:00:00Z,,
Seven Mile Beach National Park,Австралия,8.98,1971-01-01T00:00:00Z,,
Seven Mile Beach National Park,Австралия,0.0964630432128906,1971-01-01T00:00:00Z,,
Seven Mile Beach National Park,Австралия,8.98,2013-01-01T00:00:00Z,,
Seven Mile Beach National Park,Австралия,0.0964630432128906,2013-01-01T00:00:00Z,,
Turon National Park,Австралия,0.309862670898438,2002-01-01T00:00:00Z,,
Turon National Park,Австралия,30.59,2002-01-01T00:00:00Z,,
Turon National Park,Австралия,0.309862670898438,2009-01-01T00:00:00Z,,
Turon National Park,Австралия,30.59,2009-01-01T00:00:00Z,,
Mallanganee National Park,Австралия,0.113526770019531,1999-01-01T00:00:00Z,,
Mallanganee National Park,Австралия,0.11,1999-01-01T00:00:00Z,,
Nowendoc National Park,Австралия,1.7343490234375,1999-01-01T00:00:00Z,,
Nowendoc National Park,Австралия,0.88,1999-01-01T00:00:00Z,,
Nowendoc National Park,Австралия,1.7343490234375,2008-01-01T00:00:00Z,,
Nowendoc National Park,Австралия,0.88,2008-01-01T00:00:00Z,,
Mount Clunie National Park,Австралия,0.140111462402344,1999-01-01T00:00:00Z,,
Mount Clunie National Park,Австралия,14.26,1999-01-01T00:00:00Z,,
Fortis Creek National Park,Австралия,0.79094609375,1997-01-01T00:00:00Z,,
Fortis Creek National Park,Австралия,0.78,1997-01-01T00:00:00Z,,
Fortis Creek National Park,Австралия,0.79094609375,2003-01-01T00:00:00Z,,
Fortis Creek National Park,Австралия,0.78,2003-01-01T00:00:00Z,,
Meroo National Park,Австралия,0.383258276367187,2001-01-01T00:00:00Z,,
Meroo National Park,Австралия,0.383258276367187,2011-01-01T00:00:00Z,,
Goonengerry National Park,Австралия,0.44,1999-01-01T00:00:00Z,,
Goonengerry National Park,Австралия,0.0524177124023437,1999-01-01T00:00:00Z,,
Goonengerry National Park,Австралия,0.44,2012-01-01T00:00:00Z,,
Goonengerry National Park,Австралия,0.0524177124023437,2012-01-01T00:00:00Z,,
Junuy Juluum National Park,Австралия,9.45,1999-01-01T00:00:00Z,,
Junuy Juluum National Park,Австралия,0.0944936950683594,1999-01-01T00:00:00Z,,
Gundabooka National Park,Австралия,6.40256953125,1996-04-01T00:00:00Z,,
Gundabooka National Park,Австралия,639.02,1996-04-01T00:00:00Z,,
Gundabooka National Park,Австралия,6.40256953125,2002-01-01T00:00:00Z,,
Gundabooka National Park,Австралия,639.02,2002-01-01T00:00:00Z,,
Tomaree National Park,Австралия,23.18,1984-01-01T00:00:00Z,,
Tomaree National Park,Австралия,0.232318969726563,1984-01-01T00:00:00Z,,
Tomaree National Park,Австралия,23.18,2007-01-01T00:00:00Z,,
Tomaree National Park,Австралия,0.232318969726563,2007-01-01T00:00:00Z,,
Kwiambal National Park,Австралия,13.01,2000-05-19T00:00:00Z,,
Kwiambal National Park,Австралия,0.76627802734375,2000-05-19T00:00:00Z,,
Kwiambal National Park,Австралия,13.01,2011-01-01T00:00:00Z,,
Kwiambal National Park,Австралия,0.76627802734375,2011-01-01T00:00:00Z,,
Mount Jerusalem National Park,Австралия,51.49,1995-12-22T00:00:00Z,,
Mount Jerusalem National Park,Австралия,0.50853466796875,1995-12-22T00:00:00Z,,
Mount Jerusalem National Park,Австралия,51.49,2014-01-01T00:00:00Z,,
Mount Jerusalem National Park,Австралия,0.50853466796875,2014-01-01T00:00:00Z,,
Mount Nothofagus National Park,Австралия,650,1999-01-01T00:00:00Z,,часть объекта всемирного наследия
Mount Nothofagus National Park,Австралия,2.18,1999-01-01T00:00:00Z,,часть объекта всемирного наследия
Mount Nothofagus National Park,Австралия,0.211879931640625,1999-01-01T00:00:00Z,,часть объекта всемирного наследия
Koreelah National Park,Австралия,0.5144046875,1999-01-01T00:00:00Z,,
Koreelah National Park,Австралия,5.27,1999-01-01T00:00:00Z,,
Kumbatine National Park,Австралия,1.5386658203125,1999-01-01T00:00:00Z,,
Kumbatine National Park,Австралия,1.51,1999-01-01T00:00:00Z,,
Kumbatine National Park,Австралия,1.5386658203125,2014-01-01T00:00:00Z,,
Kumbatine National Park,Австралия,1.51,2014-01-01T00:00:00Z,,
Kings Plains National Park,Австралия,69.18,1988-01-01T00:00:00Z,,
Kings Plains National Park,Австралия,0.82102578125,1988-01-01T00:00:00Z,,
Kings Plains National Park,Австралия,69.18,2010-01-01T00:00:00Z,,
Kings Plains National Park,Австралия,0.82102578125,2010-01-01T00:00:00Z,,
Mooball National Park,Австралия,1.16,1999-01-01T00:00:00Z,,
Ramornie National Park,Австралия,0.327544775390625,1999-01-01T00:00:00Z,,
Ramornie National Park,Австралия,33.07,1999-01-01T00:00:00Z,,
Ramornie National Park,Австралия,0.327544775390625,2003-01-01T00:00:00Z,,
Ramornie National Park,Австралия,33.07,2003-01-01T00:00:00Z,,
Маунт-Буффало,Австралия,31020,1898-01-01T00:00:00Z,,
Маунт-Буффало,Австралия,2.747853125,1898-01-01T00:00:00Z,,
Davies Creek National Park,Австралия,0.0499514862060547,1971-01-01T00:00:00Z,,
Davies Creek National Park,Австралия,4.86,1971-01-01T00:00:00Z,,
Davies Creek National Park,Австралия,0.0499514862060547,2001-01-01T00:00:00Z,,
Davies Creek National Park,Австралия,4.86,2001-01-01T00:00:00Z,,
Dawes National Park,Австралия,0.891237890625,2006-01-01T00:00:00Z,,
Dawes National Park,Австралия,4.63,2006-01-01T00:00:00Z,,
Dawes National Park,Австралия,0.891237890625,2014-01-01T00:00:00Z,,
Dawes National Park,Австралия,4.63,2014-01-01T00:00:00Z,,
Deepwater National Park,Австралия,4.73,1988-01-01T00:00:00Z,,
Deepwater National Park,Австралия,0.47328193359375,1988-01-01T00:00:00Z,,
Эравикулам,Индия,12700,1978-01-01T00:00:00Z,,часть объекта всемирного наследия
Уайт-Сандс,США,5.8167,1933-01-18T00:00:00Z,,Объект из предварительного списка Всемирного наследия
Уайт-Сандс,США,5.8167,2019-12-20T00:00:00Z,,Объект из предварительного списка Всемирного наследия
Dharawal National Park,Австралия,65.08,2012-01-01T00:00:00Z,,
Dharawal National Park,Австралия,0.660616455078125,2012-01-01T00:00:00Z,,
Dharug National Park,Австралия,1.52,1967-10-01T00:00:00Z,,
Dharug National Park,Австралия,1.53320009765625,1967-10-01T00:00:00Z,,
Dharug National Park,Австралия,1.52,2008-01-01T00:00:00Z,,
Dharug National Park,Австралия,1.53320009765625,2008-01-01T00:00:00Z,,
Diawling National Park,Мавритания,1.3,1990-01-01T00:00:00Z,,Рамсарское угодье
Тайрона,Колумбия,2.25,1969-04-24T00:00:00Z,,
Dinden National Park,Австралия,197.06,2005-01-01T00:00:00Z,,
Dinden National Park,Австралия,2.107335546875,2005-01-01T00:00:00Z,,
Dinden National Park,Австралия,197.06,2014-01-01T00:00:00Z,,
Dinden National Park,Австралия,2.107335546875,2014-01-01T00:00:00Z,,
Диндер (биосферный резерват),Судан,100,1935-01-01T00:00:00Z,,Объект из предварительного списка Всемирного наследия
Диндер (биосферный резерват),Судан,100,1935-01-01T00:00:00Z,,Рамсарское угодье
Judbarra / Gregory National Park,Австралия,0.12882,1990-01-01T00:00:00Z,,
Judbarra / Gregory National Park,Австралия,128.568836813575,1990-01-01T00:00:00Z,,
Judbarra / Gregory National Park,Австралия,1.48854228515625,1990-01-01T00:00:00Z,,
Judbarra / Gregory National Park,Австралия,0.12882,2009-01-01T00:00:00Z,,
Judbarra / Gregory National Park,Австралия,128.568836813575,2009-01-01T00:00:00Z,,
Judbarra / Gregory National Park,Австралия,1.48854228515625,2009-01-01T00:00:00Z,,
Judbarra / Gregory National Park,Австралия,0.12882,2011-01-01T00:00:00Z,,
Judbarra / Gregory National Park,Австралия,128.568836813575,2011-01-01T00:00:00Z,,
Judbarra / Gregory National Park,Австралия,1.48854228515625,2011-01-01T00:00:00Z,,
Дивьяка — Караваста,Албания,2.223,2007-10-19T00:00:00Z,,Рамсарское угодье
Дивьяка — Караваста,Албания,22230.2,2007-10-19T00:00:00Z,,Рамсарское угодье
Djiru National Park,Австралия,41.23,2005-01-01T00:00:00Z,,
Djiru National Park,Австралия,0.41781982421875,2005-01-01T00:00:00Z,,
Djiru National Park,Австралия,41.23,2011-01-01T00:00:00Z,,
Djiru National Park,Австралия,0.41781982421875,2011-01-01T00:00:00Z,,
Djukbinj National Park,Австралия,1.33,1997-01-01T00:00:00Z,,
Djukbinj National Park,Австралия,5.5442199842453,1997-01-01T00:00:00Z,,
Dhilba Guuranda-Innes National Park,Австралия,94.15,1970-01-01T00:00:00Z,,
Dhilba Guuranda-Innes National Park,Австралия,0.94251904296875,1970-01-01T00:00:00Z,,
Dhilba Guuranda-Innes National Park,Австралия,94.15,1993-01-01T00:00:00Z,,
Dhilba Guuranda-Innes National Park,Австралия,0.94251904296875,1993-01-01T00:00:00Z,,
Pan de Azúcar National Park,Чили,43754,1985-10-07T00:00:00Z,,
Pan de Azúcar National Park,Чили,4.38,1985-10-07T00:00:00Z,,
Дор,Израиль,70,,,
Канайма,Венесуэла,286.45,1962-06-12T00:00:00Z,,всемирное наследие
Glenbar National Park,Австралия,2.97,2006-01-01T00:00:00Z,,
Gloucester Island National Park,Австралия,2.96,1994-01-01T00:00:00Z,,
Gloucester Island National Park,Австралия,0.309660522460937,1994-01-01T00:00:00Z,,
Gloucester Island National Park,Австралия,2.96,1995-01-01T00:00:00Z,,
Gloucester Island National Park,Австралия,0.309660522460937,1995-01-01T00:00:00Z,,
Gloucester National Park,Австралия,0.0874640991210937,1993-01-01T00:00:00Z,,
Gloucester National Park,Австралия,0.09,1993-01-01T00:00:00Z,,
Гоби-Гурван-Сайхан,Монголия,270,1993-01-01T00:00:00Z,,
Nino Konis Santana National Park,Восточный Тимор,1236,2007-07-27T00:00:00Z,,
Nour Nour National Park,Австралия,50.54,2007-01-01T00:00:00Z,,
Nour Nour National Park,Австралия,0.494345703125,2007-01-01T00:00:00Z,,
Mornington Peninsula National Park,Австралия,0.268494360351562,1975-01-01T00:00:00Z,,
Mornington Peninsula National Park,Австралия,2680,1975-01-01T00:00:00Z,,
Mornington Peninsula National Park,Австралия,2686,1975-01-01T00:00:00Z,,
Mornington Peninsula National Park,Австралия,0.268494360351562,1988-01-01T00:00:00Z,,
Mornington Peninsula National Park,Австралия,2680,1988-01-01T00:00:00Z,,
Mornington Peninsula National Park,Австралия,2686,1988-01-01T00:00:00Z,,
Меркантур,Франция,6.85,1979-08-18T00:00:00Z,Жела,
Goldfields Woodlands National Park,Австралия,6.9,1977-01-01T00:00:00Z,,
Goldfields Woodlands National Park,Австралия,6.61459765625,1977-01-01T00:00:00Z,,
Goldfields Woodlands National Park,Австралия,6.9,2000-01-01T00:00:00Z,,
Goldfields Woodlands National Park,Австралия,6.61459765625,2000-01-01T00:00:00Z,,
Goneaway National Park,Австралия,2.48,1994-01-01T00:00:00Z,,
Goneaway National Park,Австралия,2.608978125,1994-01-01T00:00:00Z,,
Good Night Scrub National Park,Австралия,6.68,2005-01-01T00:00:00Z,,
Good Night Scrub National Park,Австралия,0.667161279296875,2005-01-01T00:00:00Z,,
Goobang National Park,Австралия,4.24555390625,1995-01-01T00:00:00Z,,
Goobang National Park,Австралия,4.21,1995-01-01T00:00:00Z,,
Goobang National Park,Австралия,4.24555390625,1995-12-22T00:00:00Z,,
Goobang National Park,Австралия,4.21,1995-12-22T00:00:00Z,,
Goodedulla National Park,Австралия,2.55,1994-01-01T00:00:00Z,,
Goodedulla National Park,Австралия,2.547992578125,1994-01-01T00:00:00Z,,
Goodedulla National Park,Австралия,2.55,1998-01-01T00:00:00Z,,
Goodedulla National Park,Австралия,2.547992578125,1998-01-01T00:00:00Z,,
Goolawah National Park,Австралия,0.0573010986328125,2010-05-01T00:00:00Z,,
Goolawah National Park,Австралия,5.34,2010-05-01T00:00:00Z,,
Goolawah National Park,Австралия,0.0573010986328125,2015-01-01T00:00:00Z,,
Goolawah National Park,Австралия,5.34,2015-01-01T00:00:00Z,,
Goongarrie National Park,Австралия,6.04,1978-01-01T00:00:00Z,,
Goongarrie National Park,Австралия,6.0008125,1978-01-01T00:00:00Z,,
Gooseberry Hill National Park,Австралия,0.33,1970-01-01T00:00:00Z,,
Gooseberry Hill National Park,Австралия,0.00328130569458008,1970-01-01T00:00:00Z,,
Gooseberry Hill National Park,Австралия,0.33,1972-01-01T00:00:00Z,,
Gooseberry Hill National Park,Австралия,0.00328130569458008,1972-01-01T00:00:00Z,,
Тракайский исторический национальный парк,Литва,0.82,1992-01-01T00:00:00Z,,Объект из предварительного списка Всемирного наследия
Goulburn River National Park,Австралия,0,1983-01-01T00:00:00Z,,
Goulburn River National Park,Австралия,722.96,1983-01-01T00:00:00Z,,
Goulburn River National Park,Австралия,0,2018-01-01T00:00:00Z,,
Goulburn River National Park,Австралия,722.96,2018-01-01T00:00:00Z,,
Gourock National Park,Австралия,0.784856982421875,2001-01-01T00:00:00Z,,
Gourock National Park,Австралия,78.73,2001-01-01T00:00:00Z,,
Грасслендс (национальный парк),Канада,9.064,2001-01-01T00:00:00Z,,
Большие Гималаи (национальный парк),Индия,90540,1984-01-01T00:00:00Z,,всемирное наследие
Большие Гималаи (национальный парк),Индия,26560,1984-01-01T00:00:00Z,,всемирное наследие
Большие Гималаи (национальный парк),Индия,7.55,1984-01-01T00:00:00Z,,всемирное наследие
Нки (национальный парк),Камерун,30.93,2005-01-01T00:00:00Z,,
Green Island National Park,Австралия,7.93,1937-01-01T00:00:00Z,,
Green Island National Park,Австралия,0.000788588666915894,1937-01-01T00:00:00Z,,
Green Island National Park,Австралия,7.93,1998-01-01T00:00:00Z,,
Green Island National Park,Австралия,0.000788588666915894,1998-01-01T00:00:00Z,,
Боржоми-Харагаули,Грузия,53,1995-01-01T00:00:00Z,,
Keep River National Park,Австралия,2.61899174804688,1986-01-01T00:00:00Z,,
Keep River National Park,Австралия,5.69,1986-01-01T00:00:00Z,,
Keep River National Park,Австралия,3.1042001953125,1986-01-01T00:00:00Z,,
Keep River National Park,Австралия,2.61899174804688,1991-01-01T00:00:00Z,,
Keep River National Park,Австралия,5.69,1991-01-01T00:00:00Z,,
Keep River National Park,Австралия,3.1042001953125,1991-01-01T00:00:00Z,,
Keep River National Park,Австралия,2.61899174804688,2002-01-01T00:00:00Z,,
Keep River National Park,Австралия,5.69,2002-01-01T00:00:00Z,,
Keep River National Park,Австралия,3.1042001953125,2002-01-01T00:00:00Z,,
Quirimbas National Park,Мозамбик,75.06,1971-01-01T00:00:00Z,,national park of Mozambique
Grongah National Park,Австралия,2.2905123046875,2007-01-01T00:00:00Z,,
Grongah National Park,Австралия,2.29,2007-01-01T00:00:00Z,,
Александер-Моррисон,Австралия,85.04,1970-01-01T00:00:00Z,,
Александер-Моррисон,Австралия,0.8498427734375,1970-01-01T00:00:00Z,,
Александер-Моррисон,Австралия,85.04,1972-01-01T00:00:00Z,,
Александер-Моррисон,Австралия,0.8498427734375,1972-01-01T00:00:00Z,,
Национальный парк Рума,Кения,1.2,1983-01-01T00:00:00Z,,
Галл-Рок,Австралия,25.93,2006-01-01T00:00:00Z,,
Галл-Рок,Австралия,0.2107033203125,2006-01-01T00:00:00Z,,
Gumbaynggirr National Park,Австралия,0.4938,2007-01-01T00:00:00Z,,
Gumbaynggirr National Park,Австралия,0.489535302734375,2007-01-01T00:00:00Z,,
Gumbaynggirr National Park,Австралия,0.4938,2007-08-01T00:00:00Z,,
Gumbaynggirr National Park,Австралия,0.489535302734375,2007-08-01T00:00:00Z,,
Ганбауэр (национальный парк),Австралия,9330,2010-01-01T00:00:00Z,,Рамсарское угодье
Ганбауэр (национальный парк),Австралия,0.92334287109375,2010-01-01T00:00:00Z,,Рамсарское угодье
Ганбауэр (национальный парк),Австралия,0.933,2010-01-01T00:00:00Z,,Рамсарское угодье
Fuyot Springs National Park,Филиппины,8.32,1938-10-08T00:00:00Z,,
Гутулиа (национальный парк),Норвегия,0.23,1968-06-20T00:00:00Z,,
Гутулиа (национальный парк),Норвегия,2256.26315,1968-06-20T00:00:00Z,,
Gympie National Park,Австралия,17.68,2006-01-01T00:00:00Z,,
Gympie National Park,Австралия,0.176917114257812,2006-01-01T00:00:00Z,,
Mirima National Park,Австралия,0.206632885742188,1982-01-01T00:00:00Z,,
Mirima National Park,Австралия,20.68,1982-01-01T00:00:00Z,,
Mirima National Park,Австралия,0.206632885742188,1989-01-01T00:00:00Z,,
Mirima National Park,Австралия,20.68,1989-01-01T00:00:00Z,,
Закума,Чад,30,1963-05-07T00:00:00Z,,Объект из предварительного списка Всемирного наследия
Juruena National Park,Бразилия,190,2006-01-01T00:00:00Z,,
Juruena National Park,Бразилия,1956585,2006-01-01T00:00:00Z,,
Стенсхувуд,Швеция,399.38,1986-04-30T00:00:00Z,,
Kara Kara National Park,Австралия,1.39,2002-01-01T00:00:00Z,,
Cotapata National Park and Integrated Management Natural Area,Боливия,6.5,1993-01-01T00:00:00Z,,
Cotapata National Park and Integrated Management Natural Area,Боливия,6.1266,1993-01-01T00:00:00Z,,
Iñao National Park and Integrated Management Natural Area,Боливия,0.026309,2004-01-01T00:00:00Z,,
Isiboro Sécure National Park and Indigenous Territory,Боливия,123.63,1965-11-22T00:00:00Z,,
Isla Magdalena National Park,Чили,15.76,1983-05-25T00:00:00Z,Mentolat,
Carrasco National Park,Боливия,0.06226,1991-01-01T00:00:00Z,,
Tesso Nilo National Park,Индонезия,830.68,2004-01-01T00:00:00Z,,
Маго (национальный парк),Эфиопия,50.61,1971-01-01T00:00:00Z,,
Нордвест-Шпицберген,Норвегия,984182.72997,1973-01-01T00:00:00Z,,
Нордвест-Шпицберген,Норвегия,99.14,1973-01-01T00:00:00Z,,
Richmond Range National Park,Австралия,1.57157900390625,1997-01-01T00:00:00Z,,
Richmond Range National Park,Австралия,157.12,1997-01-01T00:00:00Z,,
Richmond Range National Park,Австралия,1.57157900390625,2003-01-01T00:00:00Z,,
Richmond Range National Park,Австралия,157.12,2003-01-01T00:00:00Z,,
Livingstone National Park,Австралия,0.192019702148438,2001-01-01T00:00:00Z,,
Livingstone National Park,Австралия,19.19,2001-01-01T00:00:00Z,,
Сиес,Испания,0.044635,2004-01-01T00:00:00Z,,
Индира Ганди (национальный парк),Индия,14.7987,1976-01-01T00:00:00Z,,
Индре-Вийдефьорден (национальный парк),Норвегия,112718.06414,2005-01-01T00:00:00Z,,
Индре-Вийдефьорден (национальный парк),Норвегия,11.27,2005-01-01T00:00:00Z,,
Junee National Park,Австралия,0.54,2000-01-01T00:00:00Z,,
Junee National Park,Австралия,0.541097802734375,2000-01-01T00:00:00Z,,
Millstream Falls National Park,Австралия,0.0342072082519531,1909-01-01T00:00:00Z,,
Millstream Falls National Park,Австралия,3.72,1909-01-01T00:00:00Z,,
Millstream Falls National Park,Австралия,0.0342072082519531,2017-01-01T00:00:00Z,,
Millstream Falls National Park,Австралия,3.72,2017-01-01T00:00:00Z,,
Marahoué National Park,Кот-д’Ивуар,10.01,1968-01-01T00:00:00Z,,
Mungo National Park,Австралия,12.2696796875,1979-01-01T00:00:00Z,,
Mungo National Park,Австралия,278.47,1979-01-01T00:00:00Z,,
Mungo National Park,Австралия,12.2696796875,2012-01-01T00:00:00Z,,
Mungo National Park,Австралия,278.47,2012-01-01T00:00:00Z,,
Nerang National Park,Австралия,0.165883654785156,2009-01-01T00:00:00Z,,
Nerang National Park,Австралия,16.14,2009-01-01T00:00:00Z,,
Nerang National Park,Австралия,0.165883654785156,2014-01-01T00:00:00Z,,
Nerang National Park,Австралия,16.14,2014-01-01T00:00:00Z,,
Тёфсингдален,Швеция,1575.58,1930-04-26T00:00:00Z,,
Тёфсингдален,Швеция,14.332,1930-04-26T00:00:00Z,,
Тёфсингдален,Швеция,1589.94,1930-04-26T00:00:00Z,,
Тёфсингдален,Швеция,454.07,1930-04-26T00:00:00Z,,
Исангано (национальный парк),Замбия,8.4,1957-01-01T00:00:00Z,,
Mowbray National Park,Австралия,0.88010126953125,1988-01-01T00:00:00Z,,
Mowbray National Park,Австралия,8.67,1988-01-01T00:00:00Z,,
Mowbray National Park,Австралия,0.88010126953125,2014-01-01T00:00:00Z,,
Mowbray National Park,Австралия,8.67,2014-01-01T00:00:00Z,,
Wallingat National Park,Австралия,65.57,1999-01-01T00:00:00Z,,
Wallingat National Park,Австралия,0.648046142578125,1999-01-01T00:00:00Z,,
Tilligerry National Park,Австралия,1.41,2007-01-01T00:00:00Z,,
Tilligerry National Park,Австралия,0.0141204605102539,2007-01-01T00:00:00Z,,
Tilligerry National Park,Австралия,1.41,2007-07-01T00:00:00Z,,
Tilligerry National Park,Австралия,0.0141204605102539,2007-07-01T00:00:00Z,,
Жанетт-Кауас,Гондурас,7.8162,1988-01-01T00:00:00Z,,Рамсарское угодье
Jerrawangala National Park,Австралия,0.402032788085938,2001-01-01T00:00:00Z,,
Jerrawangala National Park,Австралия,40.08,2001-01-01T00:00:00Z,,
Jerrawangala National Park,Австралия,0.402032788085938,2007-01-01T00:00:00Z,,
Jerrawangala National Park,Австралия,40.08,2007-01-01T00:00:00Z,,
Turtle Group National Park,Австралия,0.0121097900390625,1939-01-01T00:00:00Z,,
Turtle Group National Park,Австралия,1.05,1939-01-01T00:00:00Z,,
Turtle Group National Park,Австралия,0.0121097900390625,2000-01-01T00:00:00Z,,
Turtle Group National Park,Австралия,1.05,2000-01-01T00:00:00Z,,
Джон-Форрест,Австралия,0.269993383789062,1898-01-01T00:00:00Z,,State Registered Place
Джон-Форрест,Австралия,0.27,1898-01-01T00:00:00Z,,State Registered Place
Джон-Форрест,Австралия,0.269993383789062,1990-01-01T00:00:00Z,,State Registered Place
Джон-Форрест,Австралия,0.27,1990-01-01T00:00:00Z,,State Registered Place
Nevado Tres Cruces National Park,Чили,5.91,1994-07-29T00:00:00Z,,Рамсарское угодье
Las Palmas de Cocalán National Park,Чили,3709,1971-01-01T00:00:00Z,,
Толуака,Чили,6.374,1935-10-16T00:00:00Z,,
Bernardo O'Higgins National Park,Чили,352.59,1969-07-22T00:00:00Z,Lautaro,
Bernardo O'Higgins National Park,Чили,3525901.2,1969-07-22T00:00:00Z,Lautaro,
Archipiélago de Juan Fernández National Park,Чили,9174.2,1935-01-16T00:00:00Z,,биосферный заповедник ЮНЕСКО
Archipiélago de Juan Fernández National Park,Чили,0.9571,1935-01-16T00:00:00Z,,биосферный заповедник ЮНЕСКО
Archipiélago de Juan Fernández National Park,Чили,9174.2,1935-01-16T00:00:00Z,,Объект из предварительного списка Всемирного наследия
Archipiélago de Juan Fernández National Park,Чили,0.9571,1935-01-16T00:00:00Z,,Объект из предварительного списка Всемирного наследия
Фрай-Хорхе,Чили,0.9959,1941-04-14T00:00:00Z,http://www.wikidata.org/.well-known/genid/2662dbe5c7852e3007a5f4e6508c61b1,
Национальный парк Вулкан Ислуга,Чили,174744,1967-01-03T00:00:00Z,Ислуга,
Hornopirén National Park,Чили,48232,1988-10-19T00:00:00Z,,
Национальный парк Льюльяйльяко,Чили,26.87,1995-01-01T00:00:00Z,Льюльяйльяко,
Чилоэ,Чили,4.3,1982-11-17T00:00:00Z,,Natural Reserve
Чилоэ,Чили,42567,1982-11-17T00:00:00Z,,Natural Reserve
Гуамблин (остров),Чили,10.625,1967-06-01T00:00:00Z,,
Nahuelbuta National Park,Чили,6831.9,1939-01-04T00:00:00Z,Alto de Nahuelbuta,
Alerce Andino National Park,Чили,3.9255,1982-11-17T00:00:00Z,,
Llanos de Challe National Park,Чили,45708,1994-07-29T00:00:00Z,,
Queulat National Park,Чили,154093,1983-10-13T00:00:00Z,,
Лагуна-Сан-Рафаэль,Чили,174.2,1959-06-17T00:00:00Z,,
Maleny National Park,Австралия,0.188177221679687,2006-01-01T00:00:00Z,,
Maleny National Park,Австралия,1.88,2006-01-01T00:00:00Z,,
Tully Falls National Park,Австралия,168.22,2005-01-01T00:00:00Z,,
Tully Falls National Park,Австралия,1.705683984375,2005-01-01T00:00:00Z,,
Tully Falls National Park,Австралия,168.22,2014-01-01T00:00:00Z,,
Tully Falls National Park,Австралия,1.705683984375,2014-01-01T00:00:00Z,,
Woko National Park,Австралия,87.29,1982-01-01T00:00:00Z,,
Woko National Park,Австралия,0,1982-01-01T00:00:00Z,,
Woko National Park,Австралия,87.29,2005-01-01T00:00:00Z,,
Woko National Park,Австралия,0,2005-01-01T00:00:00Z,,
Marrangaroo National Park,Австралия,16.71,2007-01-01T00:00:00Z,,
Marrangaroo National Park,Австралия,0.167160498046875,2007-01-01T00:00:00Z,,
Marrangaroo National Park,Австралия,16.71,2007-02-01T00:00:00Z,,
Marrangaroo National Park,Австралия,0.167160498046875,2007-02-01T00:00:00Z,,
Кафуэ,Замбия,224,1950-01-01T00:00:00Z,,
Sapo National Park,Либерия,18.04,1983-01-01T00:00:00Z,,
Национальный парк Сьерра-Невада,Испания,172238.05,1999-01-11T00:00:00Z,Муласен,
Национальный парк Сьерра-Невада,Испания,85882.89465,1999-01-11T00:00:00Z,Муласен,
Национальный парк Сьерра-Невада,Испания,8.62,1999-01-11T00:00:00Z,Муласен,
Национальный парк Сьерра-Невада,Испания,86208,1999-01-11T00:00:00Z,Муласен,
Tirgua National Park,Венесуэла,9.1,1992-01-01T00:00:00Z,,
Тубкаль,Марокко,3.8,1942-01-19T00:00:00Z,,
Masaya Volcano National Park,Никарагуа,0.5469,1979-01-01T00:00:00Z,,Объект из предварительного списка Всемирного наследия
Zall-Gjoçaj National Park,Албания,0.014,1996-01-01T00:00:00Z,,
Нордре Исфьорден,Норвегия,295210.5897,2003-01-01T00:00:00Z,,
Нордре Исфьорден,Норвегия,29.54,2003-01-01T00:00:00Z,,
Южная Луангва,Замбия,90.5,1938-01-01T00:00:00Z,,
Тижука,Бразилия,0.3958,1961-01-01T00:00:00Z,,heritage asset listed by IPHAN
Тижука,Бразилия,3958,1961-01-01T00:00:00Z,,heritage asset listed by IPHAN
Tapin Tops National Park,Австралия,109.76,1999-01-01T00:00:00Z,,
Tapin Tops National Park,Австралия,1.08893896484375,1999-01-01T00:00:00Z,,
New England National Park,Австралия,722.41,1935-01-01T00:00:00Z,,часть объекта всемирного наследия
New England National Park,Австралия,7.11772578125,1935-01-01T00:00:00Z,,часть объекта всемирного наследия
New England National Park,Австралия,29985,1935-01-01T00:00:00Z,,часть объекта всемирного наследия
New England National Park,Австралия,722.41,2012-01-01T00:00:00Z,,часть объекта всемирного наследия
New England National Park,Австралия,7.11772578125,2012-01-01T00:00:00Z,,часть объекта всемирного наследия
New England National Park,Австралия,29985,2012-01-01T00:00:00Z,,часть объекта всемирного наследия
Дилижанский национальный парк,Армения,2.4,2002-01-01T00:00:00Z,,
Prespes National Park,Греция,2.5,1974-01-01T00:00:00Z,,
Prespes National Park,Греция,26613.06,1974-01-01T00:00:00Z,,
Пинд,Греция,14.6259,2005-01-01T00:00:00Z,Avgo,
Nimule National Park,Южный Судан,4.1,1954-01-01T00:00:00Z,,
Нитмилук,Австралия,11.31729765625,0001-01-01T00:00:00Z,,
Нитмилук,Австралия,0.02921,0001-01-01T00:00:00Z,,
Нитмилук,Австралия,11.31729765625,1989-01-01T00:00:00Z,,
Нитмилук,Австралия,0.02921,1989-01-01T00:00:00Z,,
The Broads,Великобритания,3.03,1988-01-01T00:00:00Z,,
Бундала,Шри-Ланка,0.62,1993-01-04T00:00:00Z,,Рамсарское угодье
Подийи,Чехия,0.63,1991-07-01T00:00:00Z,Býčí hora,
Подийи,Чехия,6279.2814,1991-07-01T00:00:00Z,Býčí hora,
Подийи,Чехия,6279.2521,1991-07-01T00:00:00Z,Býčí hora,
Oakview National Park,Австралия,3.49,2010-01-01T00:00:00Z,,
Oakview National Park,Австралия,0.3513138671875,2010-01-01T00:00:00Z,,
Strzelecki National Park,Австралия,42.16,1967-01-01T00:00:00Z,Strzelecki Peaks,
Strzelecki National Park,Австралия,0.763465777868591,1967-01-01T00:00:00Z,Strzelecki Peaks,
Арикок,Аруба,0.34,2000-01-01T00:00:00Z,,
Саадани,Кения,11.53,2005-01-01T00:00:00Z,,
Саадани,Танзания,11.53,2005-01-01T00:00:00Z,,
Oxley Wild Rivers National Park,Австралия,0.01423,1986-01-01T00:00:00Z,,
Oxley Wild Rivers National Park,Австралия,14.9006796875,1986-01-01T00:00:00Z,,
Oxley Wild Rivers National Park,Австралия,0.01423,2015-01-01T00:00:00Z,,
Oxley Wild Rivers National Park,Австралия,14.9006796875,2015-01-01T00:00:00Z,,
Krkonoše National Park,Чехия,36352.1299,1963-01-01T00:00:00Z,Снежка,
Krkonoše National Park,Чехия,3.85,1963-01-01T00:00:00Z,Снежка,
Krkonoše National Park,Чехия,36352.2042,1963-01-01T00:00:00Z,Снежка,
Krkonoše National Park,Чехия,36352.1299,1963-05-17T00:00:00Z,Снежка,
Krkonoše National Park,Чехия,3.85,1963-05-17T00:00:00Z,Снежка,
Krkonoše National Park,Чехия,36352.2042,1963-05-17T00:00:00Z,Снежка,
Катимбау,Бразилия,62295,2002-12-13T00:00:00Z,,
Катимбау,Бразилия,6.23,2002-12-13T00:00:00Z,,
Utría National Natural Park,Колумбия,0.543,1987-01-01T00:00:00Z,,
Pico Bonito National Park,Гондурас,10.73,1987-01-01T00:00:00Z,,
Santa Teresa National Park,Уругвай,0.105,,,
Серра-Жерал,Бразилия,1.7302,1992-01-01T00:00:00Z,,
Серра-Жерал,Бразилия,17302,1992-01-01T00:00:00Z,,
Windjana Gorge National Park,Австралия,21.34,1971-01-01T00:00:00Z,,
Windjana Gorge National Park,Австралия,0.208110986328125,1971-01-01T00:00:00Z,,
Иль-Зембра-э-Зембрета,Тунис,570,1977-04-01T00:00:00Z,,
Рейса,Норвегия,8.03,1986-11-28T00:00:00Z,,
Рейса,Норвегия,80366.17531,1986-11-28T00:00:00Z,,
Willi Willi National Park,Австралия,3.05431796875,1996-01-01T00:00:00Z,,часть объекта всемирного наследия
Willi Willi National Park,Австралия,29.87,1996-01-01T00:00:00Z,,часть объекта всемирного наследия
Willi Willi National Park,Австралия,1610,1996-01-01T00:00:00Z,,часть объекта всемирного наследия
Willi Willi National Park,Австралия,3.05431796875,2018-01-01T00:00:00Z,,часть объекта всемирного наследия
Willi Willi National Park,Австралия,29.87,2018-01-01T00:00:00Z,,часть объекта всемирного наследия
Willi Willi National Park,Австралия,1610,2018-01-01T00:00:00Z,,часть объекта всемирного наследия
Уошпул,Австралия,0,1983-01-01T00:00:00Z,,часть объекта всемирного наследия
Уошпул,Австралия,586.78,1983-01-01T00:00:00Z,,часть объекта всемирного наследия
Уошпул,Австралия,27715,1983-01-01T00:00:00Z,,часть объекта всемирного наследия
Уошпул,Австралия,0,2008-01-01T00:00:00Z,,часть объекта всемирного наследия
Уошпул,Австралия,586.78,2008-01-01T00:00:00Z,,часть объекта всемирного наследия
Уошпул,Австралия,27715,2008-01-01T00:00:00Z,,часть объекта всемирного наследия
Вашловани,Грузия,2.5114,1935-01-01T00:00:00Z,,
Poona National Park,Австралия,53.68,1991-01-01T00:00:00Z,,
Poona National Park,Австралия,0.53497685546875,1991-01-01T00:00:00Z,,
Poona National Park,Австралия,53.68,2008-01-01T00:00:00Z,,
Poona National Park,Австралия,0.53497685546875,2008-01-01T00:00:00Z,,
Поронгуруп,Австралия,0.25,1957-01-01T00:00:00Z,,listed on the Australian National Heritage List
Поронгуруп,Австралия,2685.88660516,1957-01-01T00:00:00Z,,listed on the Australian National Heritage List
Поронгуруп,Австралия,0.268590234375,1957-01-01T00:00:00Z,,listed on the Australian National Heritage List
Поронгуруп,Австралия,0.25,1971-01-01T00:00:00Z,,listed on the Australian National Heritage List
Поронгуруп,Австралия,2685.88660516,1971-01-01T00:00:00Z,,listed on the Australian National Heritage List
Поронгуруп,Австралия,0.268590234375,1971-01-01T00:00:00Z,,listed on the Australian National Heritage List
Wolfe Creek Meteorite Crater National Park,Австралия,0.14545966796875,1969-01-01T00:00:00Z,,
Wolfe Creek Meteorite Crater National Park,Австралия,0.14545966796875,1972-01-01T00:00:00Z,,
Уэйчиникап (национальный парк),Австралия,0.4,1990-01-01T00:00:00Z,,
Уэйчиникап (национальный парк),Австралия,0.397467272949219,1990-01-01T00:00:00Z,,
Pumicestone National Park,Австралия,1.64,2010-01-01T00:00:00Z,,
Pumicestone National Park,Австралия,0.101602325439453,2010-01-01T00:00:00Z,,
Pumicestone National Park,Австралия,1.64,2018-01-01T00:00:00Z,,
Pumicestone National Park,Австралия,0.101602325439453,2018-01-01T00:00:00Z,,
Humboldt National Park,Австралия,0.770889208984375,2009-01-01T00:00:00Z,,
Humboldt National Park,Австралия,76.6,2009-01-01T00:00:00Z,,
Repulse Islands National Park,Австралия,0.0141402130126953,1994-01-01T00:00:00Z,,
Repulse Islands National Park,Австралия,1.42,1994-01-01T00:00:00Z,,
Serra da Cutia National Park,Бразилия,28.3611,2001-01-01T00:00:00Z,,
Серра-да-Канастра,Бразилия,19.79,1972-04-03T00:00:00Z,,
Серра-да-Канастра,Бразилия,197973,1972-04-03T00:00:00Z,,
Serra da Mocidade National Park,Бразилия,350960,1998-04-29T00:00:00Z,,
Serra da Mocidade National Park,Бразилия,359391,1998-04-29T00:00:00Z,,
Серра-ду-Парду,Бразилия,445395,2005-02-17T00:00:00Z,,
Серра-ду-Парду,Бразилия,44.54,2005-02-17T00:00:00Z,,
St. Herman's Blue Hole National Park,Белиз,269,1986-01-01T00:00:00Z,,
Суперагуи (национальный парк),Бразилия,33860,1989-04-25T00:00:00Z,,часть объекта всемирного наследия
Суперагуи (национальный парк),Бразилия,543,1989-04-25T00:00:00Z,,часть объекта всемирного наследия
Суперагуи (национальный парк),Бразилия,37000,1989-04-25T00:00:00Z,,часть объекта всемирного наследия
Суперагуи (национальный парк),Бразилия,33318,1989-04-25T00:00:00Z,,часть объекта всемирного наследия
Viruá National Park,Бразилия,227011,1998-04-29T00:00:00Z,,
Viruá National Park,Бразилия,214954,1998-04-29T00:00:00Z,,
Wasgamuwa National Park,Шри-Ланка,3.9322,1984-01-01T00:00:00Z,,
Woraksan National Park,Республика Корея,287.78,1984-01-01T00:00:00Z,,
Zinave National Park,Мозамбик,40,1973-06-26T00:00:00Z,,national park of Mozambique
Altos de Campana National Park,Панама,4816,1966-01-01T00:00:00Z,Cerro Campana,
Volcán Barú National Park,Панама,14325,1976-06-24T00:00:00Z,,
Ayub National Park,Пакистан,313,1959-01-01T00:00:00Z,,
Национальный парк Лопе,Габон,49.42,2002-01-01T00:00:00Z,,
Ивиндо (национальный парк),Габон,182268,2002-01-01T00:00:00Z,,всемирное наследие
Ивиндо (национальный парк),Габон,298758,2002-01-01T00:00:00Z,,всемирное наследие
Ивиндо (национальный парк),Габон,182268,2002-01-01T00:00:00Z,,Объект из предварительного списка Всемирного наследия
Ивиндо (национальный парк),Габон,298758,2002-01-01T00:00:00Z,,Объект из предварительного списка Всемирного наследия
Улу-Тембуронг,Бруней,5.5,1991-01-01T00:00:00Z,,
Hlane Royal National Park,Эсватини,3,1967-01-01T00:00:00Z,,
Серра-дас-Конфусьонс,Бразилия,565454,1998-10-02T00:00:00Z,,
Серра-дас-Конфусьонс,Бразилия,823838,1998-10-02T00:00:00Z,,
Серра-дас-Конфусьонс,Бразилия,258384,1998-10-02T00:00:00Z,,
Серра-дас-Конфусьонс,Бразилия,82.38,1998-10-02T00:00:00Z,,
Jericoacoara National Park,Бразилия,6567,2002-02-04T00:00:00Z,,
Jericoacoara National Park,Бразилия,8863.03,2002-02-04T00:00:00Z,,
Jericoacoara National Park,Бразилия,2296,2002-02-04T00:00:00Z,,
Сете-Сидадес,Бразилия,7700,1961-08-06T00:00:00Z,,
Сете-Сидадес,Бразилия,6304,1961-08-06T00:00:00Z,,
Discovery National Park,Бразилия,21129,1999-01-01T00:00:00Z,,часть объекта всемирного наследия
Discovery National Park,Бразилия,22694,1999-01-01T00:00:00Z,,часть объекта всемирного наследия
Monte Pascoal National Park,Бразилия,13872.5,1961-01-01T00:00:00Z,,часть объекта всемирного наследия
Monte Pascoal National Park,Бразилия,22188,1961-01-01T00:00:00Z,,часть объекта всемирного наследия
Monte Pascoal National Park,Бразилия,22240,1961-01-01T00:00:00Z,,часть объекта всемирного наследия
Monte Pascoal National Park,Бразилия,52,1961-01-01T00:00:00Z,,часть объекта всемирного наследия
Mount Elgons national park,Кения,1.69,,,
Kongernes Nordsjælland,Дания,2.625,,,
Mount Augustus National Park,Австралия,0.91760576171875,1989-01-01T00:00:00Z,,
Пало-Верде,Коста-Рика,1.8255,1978-01-01T00:00:00Z,,Рамсарское угодье
Chinji National Park,Пакистан,0.6095,1987-01-01T00:00:00Z,,
Prokletije National Park,Черногория,1.663,2009-01-01T00:00:00Z,,
National History Park,Гаити,25285.59,,,всемирное наследие
Тушети,Грузия,8.3007,2003-01-01T00:00:00Z,,
Q12186241,Египет,135,,,
Bafk National Park,Иран,88527,2005-01-01T00:00:00Z,,
Сколевские Бескиды,Украина,35261,1999-02-11T00:00:00Z,,
Defensores del Chaco National Park,Парагвай,68.59,1975-08-06T00:00:00Z,,Объект из предварительного списка Всемирного наследия
Okatse Canyon Natural Monument,Грузия,0.0135,,,
National Park of Eastern Macedonia and Thrace,Греция,9.2947,2008-01-01T00:00:00Z,,
Дельта Эвроса,Греция,1.2896,1977-01-01T00:00:00Z,,
Национальный парк Схиниас-Марафон,Греция,0.1439,2000-01-01T00:00:00Z,,
North Pindos National Park,Греция,19.6947,,,
Национальный парк Олимп,Греция,0.4,1981-01-01T00:00:00Z,,
Madhupur National Park,Бангладеш,20837,1962-01-01T00:00:00Z,,
Karian Shola National Park,Индия,503,,,часть объекта всемирного наследия
Ишкёль,Тунис,12600,1980-12-18T00:00:00Z,,всемирное наследие
Ишкёль,Тунис,12600,1980-12-18T00:00:00Z,,биосферный заповедник ЮНЕСКО
Ишкёль,Тунис,12600,1980-12-18T00:00:00Z,,Рамсарское угодье
Aguas Turbias National Park,Белиз,3541,1994-01-01T00:00:00Z,,
Aguas Turbias National Park,Белиз,36.22,1994-01-01T00:00:00Z,,
Bacalar Chico National Park,Белиз,4510,1996-01-01T00:00:00Z,,
Belum Temenggor Forest Reserve,Малайзия,1170,2003-07-31T00:00:00Z,,Объект из предварительного списка Всемирного наследия
Belum Temenggor Forest Reserve,Малайзия,1170,2003-07-31T00:00:00Z,,national natural historic site of Malaysia
Five Blues Lake National Park,Белиз,0.172,1994-01-01T00:00:00Z,,
Five Blues Lake National Park,Белиз,1643,1994-01-01T00:00:00Z,,
Mayflower Bocawina National Park,Белиз,2868,2001-01-01T00:00:00Z,,
Færder National Park,Норвегия,34031.31449,2013-08-23T00:00:00Z,,
Færder National Park,Норвегия,3.4,2013-08-23T00:00:00Z,,
Alatish National Park,Эфиопия,0.02665,2006-01-01T00:00:00Z,,
Percy Isles National Park,Австралия,35.18,2010-01-01T00:00:00Z,,
Percy Isles National Park,Австралия,0.344388208007813,2010-01-01T00:00:00Z,,
Woowoonga National Park,Австралия,0.264174462890625,2006-01-01T00:00:00Z,,
Woowoonga National Park,Австралия,2.65,2006-01-01T00:00:00Z,,
Pinnacles National Park,Австралия,11.37,2011-01-01T00:00:00Z,,
Pinnacles National Park,Австралия,0.110220251464844,2011-01-01T00:00:00Z,,
Byeonsan-bando National Park,Республика Корея,1546.44,1988-01-01T00:00:00Z,,
Magoe National Park,Мозамбик,35,2013-01-01T00:00:00Z,,national park of Mozambique
Mayon Volcano Natural Park,Филиппины,58.03,1938-07-12T00:00:00Z,,Объект из предварительного списка Всемирного наследия
Mayon Volcano Natural Park,Филиппины,58.03,2000-01-01T00:00:00Z,,Объект из предварительного списка Всемирного наследия
Minneriya National Park,Шри-Ланка,0.89,1997-08-12T00:00:00Z,,
"Mana Pools National Park, Sapi and Chewore Safari Areas",Зимбабве,676600,,,всемирное наследие
Орхей,Молдова,33792.09,2013-07-12T00:00:00Z,,национальный парк в Молдове
Nanda Devi and Valley of Flowers National Parks,Индия,71783,,,всемирное наследие
Nanda Devi and Valley of Flowers National Parks,Индия,514286,,,всемирное наследие
Yendegaia National Park,Чили,1506.12,2013-01-01T00:00:00Z,,
Dez National park,Иран,4118,,,
Национальный парк Озеро Арпи,Армения,2.5,2009-01-01T00:00:00Z,,Рамсарское угодье
Kotychi and Strofylia Wetlands National Park,Греция,1.5975,2009-01-01T00:00:00Z,,
Казбегский национальный парк,Грузия,0.8687,2007-01-01T00:00:00Z,,
Baie Ternay Marine National Park,Сейшельские Острова,0.008727,,,
Boa Nova national park,Бразилия,2.7,2010-01-01T00:00:00Z,,
Boa Nova national park,Бразилия,12065,2010-01-01T00:00:00Z,,
Morro Moreno National Park,Чили,7313.89,2010-04-15T00:00:00Z,,
Biak-na-Bato National Park,Филиппины,4.68,1989-01-01T00:00:00Z,,
Biamanga National Park,Австралия,0,1994-01-01T00:00:00Z,,
Biamanga National Park,Австралия,137.49,1994-01-01T00:00:00Z,,
Biamanga National Park,Австралия,0,2006-01-01T00:00:00Z,,
Biamanga National Park,Австралия,137.49,2006-01-01T00:00:00Z,,
Гомбе,Танзания,0.52,1968-01-01T00:00:00Z,,Объект из предварительного списка Всемирного наследия
Чобе,Ботсвана,117,1967-01-01T00:00:00Z,,Объект из предварительного списка Всемирного наследия
Наатсичо,Канада,48.6704,2014-12-16T00:00:00Z,,
Архипелаг Минган,Канада,1.507,1984-01-01T00:00:00Z,,
Кучибогвак,Канада,2.392,1979-01-15T00:00:00Z,,
Маунт-Ревелсток,Канада,2.625,1914-01-01T00:00:00Z,,
Вунтут,Канада,43.45,1994-09-09T00:00:00Z,,
Гуаи-Хаанас,Канада,147440,1996-01-23T00:00:00Z,,Объект из предварительного списка Всемирного наследия
Diego Ramirez Islands & Drake Passage National Park,Чили,14439060,2018-01-01T00:00:00Z,,
Akhar-Bakhar National Park,Азербайджан,23901.99,2025-07-14T00:00:00Z,,
Q135434952,Азербайджан,13966,2025-07-14T00:00:00Z,,
Nevado del Huila,Колумбия,16.3842,1977-02-05T00:00:00Z,,
Georges River Koala National Park,Австралия,1830,,,
Himalaya National Park,Пакистан,22.63,,,
Kalamaili National Park,Китай,147.48,,,
Grassland National Park,ЮАР,102,2025-10-17T00:00:00Z,,
Warrumbungle National Park,Австралия,2.3862080078125,2011-01-01T00:00:00Z,,International Dark Sky Park
Warrumbungle National Park,Австралия,23611.98003226,2011-01-01T00:00:00Z,,International Dark Sky Park
Национальный заповедник Гран-Парадизо,Италия,71040,1922-12-03T00:00:00Z,,
Национальный заповедник Гран-Парадизо,Италия,71044,1922-12-03T00:00:00Z,,
San Esteban National Park,Венесуэла,4.35,1987-01-01T00:00:00Z,,
Биа,Гана,5.63,1974-01-01T00:00:00Z,,
Стенсхувуд,Швеция,302.48,1986-04-30T00:00:00Z,,
Стенсхувуд,Швеция,210.377,1986-04-30T00:00:00Z,,
Стенсхувуд,Швеция,96.89,1986-04-30T00:00:00Z,,
Malá Fatra National Park,Словакия,2.263,1988-04-01T00:00:00Z,Вельки Кривань,
Malá Fatra National Park,Словакия,22380.774,1988-04-01T00:00:00Z,Вельки Кривань,
Ньика (национальный парк),Малави,32.14,1965-01-01T00:00:00Z,,Объект из предварительного списка Всемирного наследия
Энгсё,Швеция,68.6,1909-05-24T00:00:00Z,,
Энгсё,Швеция,194.9,1909-05-24T00:00:00Z,,
Энгсё,Швеция,79.13,1909-05-24T00:00:00Z,,
Энгсё,Швеция,115.761,1909-05-24T00:00:00Z,,
Litchfield National Park,Австралия,14.5845107971191,1986-01-01T00:00:00Z,,
Litchfield National Park,Австралия,0.01461,1986-01-01T00:00:00Z,,
Litchfield National Park,Австралия,14.5845107971191,2002-01-01T00:00:00Z,,
Litchfield National Park,Австралия,0.01461,2002-01-01T00:00:00Z,,
Наттай,Австралия,4.89,1991-01-01T00:00:00Z,,
Наттай,Австралия,5.0999,1991-01-01T00:00:00Z,,
Наттай,Австралия,4.89,2016-01-01T00:00:00Z,,
Наттай,Австралия,5.0999,2016-01-01T00:00:00Z,,
Kanangra-Boyd National Park,Австралия,7.18044375,1969-12-03T00:00:00Z,,
Kanangra-Boyd National Park,Австралия,68.66,1969-12-03T00:00:00Z,,
Kanangra-Boyd National Park,Австралия,7.18044375,2018-01-01T00:00:00Z,,
Kanangra-Boyd National Park,Австралия,68.66,2018-01-01T00:00:00Z,,
Хванге (национальный парк),Зимбабве,146.51,1930-01-01T00:00:00Z,,
Hallingskarvet National Park,Норвегия,45161.10156,2006-12-22T00:00:00Z,,
Hallingskarvet National Park,Норвегия,4.5161,2006-12-22T00:00:00Z,,
Willandra National Park,Австралия,1.9386,1972-01-01T00:00:00Z,,
Willandra National Park,Австралия,1.885495703125,1972-01-01T00:00:00Z,,
Willandra National Park,Австралия,1.9386,1977-01-01T00:00:00Z,,
Willandra National Park,Австралия,1.885495703125,1977-01-01T00:00:00Z,,
Mbéré Valley National Park,Камерун,77.76,2004-02-04T00:00:00Z,,
Shuklaphanta National Park,Непал,3.05,,,
Nightcap National Park,Австралия,8.08,1983-01-01T00:00:00Z,,часть объекта всемирного наследия
Nightcap National Park,Австралия,0,1983-01-01T00:00:00Z,,часть объекта всемирного наследия
Nightcap National Park,Австралия,4945,1983-01-01T00:00:00Z,,часть объекта всемирного наследия
Nightcap National Park,Австралия,8.08,2016-01-01T00:00:00Z,,часть объекта всемирного наследия
Nightcap National Park,Австралия,0,2016-01-01T00:00:00Z,,часть объекта всемирного наследия
Nightcap National Park,Австралия,4945,2016-01-01T00:00:00Z,,часть объекта всемирного наследия
Национальный парк Килларни,Ирландия,102.89,1932-01-01T00:00:00Z,,
Mljet Nacionalni Park,Хорватия,0.5375,1960-01-01T00:00:00Z,,site of community importance
Mljet Nacionalni Park,Хорватия,5287.53,1960-01-01T00:00:00Z,,site of community importance
Mljet Nacionalni Park,Хорватия,0.5375,1960-11-11T00:00:00Z,,site of community importance
Mljet Nacionalni Park,Хорватия,5287.53,1960-11-11T00:00:00Z,,site of community importance
Бас-Казаманс,Сенегал,0.5,1970-01-01T00:00:00Z,,
Сёр-Шпицберген,Норвегия,132.86,1973-01-01T00:00:00Z,,Рамсарское угодье
Харагуа,Доминиканская Республика,13.74,1983-01-01T00:00:00Z,,Объект из предварительного списка Всемирного наследия
Kalamunda National Park,Австралия,3.75,1964-01-01T00:00:00Z,,
Калбарри (национальный парк),Австралия,0.0183,1963-01-01T00:00:00Z,,listed on the Register of the National Estate
Калбарри (национальный парк),Австралия,18.3162171875,1963-01-01T00:00:00Z,,listed on the Register of the National Estate
Калбарри (национальный парк),Австралия,0.0183,1972-01-01T00:00:00Z,,listed on the Register of the National Estate
Калбарри (национальный парк),Австралия,18.3162171875,1972-01-01T00:00:00Z,,listed on the Register of the National Estate
Kanger Ghati National Park,Индия,2,1982-01-01T00:00:00Z,,
Warra National Park,Австралия,0.201533020019531,1999-01-01T00:00:00Z,,
Warra National Park,Австралия,20.31,1999-01-01T00:00:00Z,,
Долина Валбоны,Албания,8000,1966-01-01T00:00:00Z,,
Ulidarra National Park,Австралия,0.0683561706542969,1999-01-01T00:00:00Z,,
Ulidarra National Park,Австралия,60.74,1999-01-01T00:00:00Z,,
Кариджини,Австралия,62.4428,1973-01-01T00:00:00Z,,
Karlamilyi National Park,Австралия,128.37,1977-01-01T00:00:00Z,,
Karlamilyi National Park,Австралия,128.3729125,1977-01-01T00:00:00Z,,
Karuah National Park,Австралия,0.35237265625,2007-07-01T00:00:00Z,,
Karuah National Park,Австралия,33.08,2007-07-01T00:00:00Z,,
Karuah National Park,Австралия,0.35237265625,2008-01-01T00:00:00Z,,
Karuah National Park,Австралия,33.08,2008-01-01T00:00:00Z,,
Mount Data National Park,Филиппины,33.52,1940-01-01T00:00:00Z,,
Kasungu National Park,Малави,23.16,1970-01-01T00:00:00Z,,
Keibul Lamjao National Park,Индия,0.4,1977-01-01T00:00:00Z,,Объект из предварительного списка Всемирного наследия
Национальный парк Кеннеди-Рендж,Австралия,0.01417,1993-01-01T00:00:00Z,,
Национальный парк Кеннеди-Рендж,Австралия,14.227525,1993-01-01T00:00:00Z,,
Keppel Bay Islands National Park,Австралия,0.0717619750976563,1994-01-01T00:00:00Z,,
Keppel Bay Islands National Park,Австралия,8.27,1994-01-01T00:00:00Z,,
Keppel Bay Islands National Park,Австралия,0.0717619750976563,2014-01-01T00:00:00Z,,
Keppel Bay Islands National Park,Австралия,8.27,2014-01-01T00:00:00Z,,
Keverstone National Park,Австралия,0.1,2009-03-01T00:00:00Z,,
Keverstone National Park,Австралия,0.18576669921875,2009-03-01T00:00:00Z,,
Keverstone National Park,Австралия,0.1,2011-01-01T00:00:00Z,,
Keverstone National Park,Австралия,0.18576669921875,2011-01-01T00:00:00Z,,
Q1740754,Иран,90752,,,
Q1721928,Камерун,0.45,1948-01-01T00:00:00Z,,
Kalamunda National Park,Австралия,0.0397215484619141,1964-01-01T00:00:00Z,,
Repulse Islands National Park,Австралия,0.0141402130126953,1998-01-01T00:00:00Z,,
Repulse Islands National Park,Австралия,1.42,1998-01-01T00:00:00Z,,
Национальный парк Сагарматха,Непал,124400,1976-01-01T00:00:00Z,Джомолунгма,всемирное наследие
Национальный парк Сагарматха,Непал,11.48,1976-01-01T00:00:00Z,Джомолунгма,всемирное наследие
Yanununbeyan National Park,Австралия,0.348658813476562,2001-01-01T00:00:00Z,,
Yanununbeyan National Park,Австралия,3.52,2001-01-01T00:00:00Z,,
Yanununbeyan National Park,Австралия,0.348658813476562,2003-01-01T00:00:00Z,,
Yanununbeyan National Park,Австралия,3.52,2003-01-01T00:00:00Z,,
Worimi National Park,Австралия,18.26,2007-02-01T00:00:00Z,,
Worimi National Park,Австралия,0.186846044921875,2007-02-01T00:00:00Z,,
Worimi National Park,Австралия,18.26,2018-01-01T00:00:00Z,,
Worimi National Park,Австралия,0.186846044921875,2018-01-01T00:00:00Z,,
Скотт (национальный парк),Австралия,0.33,1959-01-01T00:00:00Z,,
Скотт (национальный парк),Австралия,0.332228588867187,1959-01-01T00:00:00Z,,
Шапада-Диамантина,Бразилия,152142,1985-01-01T00:00:00Z,,
Шапада-Диамантина,Бразилия,15.4,1985-01-01T00:00:00Z,,
Seiland National Park,Норвегия,31690.37933,2006-01-01T00:00:00Z,,
Seiland National Park,Норвегия,3.16,2006-01-01T00:00:00Z,,
Семпре-Вивас,Бразилия,12.41,2002-12-13T00:00:00Z,,
Семпре-Вивас,Бразилия,124155,2002-12-13T00:00:00Z,,
Симпсон-дезерт,Австралия,101.44695625,1967-01-01T00:00:00Z,,
Симпсон-дезерт,Австралия,0.1012,1967-01-01T00:00:00Z,,
Симпсон-дезерт,Австралия,101.44695625,2011-01-01T00:00:00Z,,
Симпсон-дезерт,Австралия,0.1012,2011-01-01T00:00:00Z,,
Single National Park,Австралия,25.58,1999-01-01T00:00:00Z,,
Single National Park,Австралия,0.256313305664062,1999-01-01T00:00:00Z,,
South Cumberland Islands National Park,Австралия,0.31376845703125,1994-01-01T00:00:00Z,,
South Cumberland Islands National Park,Австралия,3.16,1994-01-01T00:00:00Z,,
South Cumberland Islands National Park,Австралия,0.31376845703125,2000-01-01T00:00:00Z,,
South Cumberland Islands National Park,Австралия,3.16,2000-01-01T00:00:00Z,,
St Helena Island National Park,Австралия,0.00801527099609375,1979-01-01T00:00:00Z,,listed on the Queensland Heritage Register
St Helena Island National Park,Австралия,7.51,1979-01-01T00:00:00Z,,listed on the Queensland Heritage Register
St Helena Island National Park,Австралия,0.00801527099609375,1994-01-01T00:00:00Z,,listed on the Queensland Heritage Register
St Helena Island National Park,Австралия,7.51,1994-01-01T00:00:00Z,,listed on the Queensland Heritage Register
Mount Merbabu National Park,Индонезия,0.67,2004-01-01T00:00:00Z,,
Wollumbin National Park,Австралия,2380,1967-01-01T00:00:00Z,,часть объекта всемирного наследия
Wollumbin National Park,Австралия,2380,2009-01-01T00:00:00Z,,часть объекта всемирного наследия
Al-Fayrouz Garden,Египет,5300,2003-01-01T00:00:00Z,,
San Miguel national park,Уругвай,0.1542,1937-10-29T00:00:00Z,,
Patagonia National Park,Аргентина,5.2811,2015-01-01T00:00:00Z,,
Patagonia National Park,Чили,304527.75,2018-01-01T00:00:00Z,,
Mount Ntringui National Park,Коморы,0.7914,,,
Ypoá National Park,Парагвай,10,1992-01-01T00:00:00Z,,Рамсарское угодье
Laguna del Laja National Park,Чили,1.19,1958-06-25T00:00:00Z,,
Laguna del Laja National Park,Чили,11600,1958-06-25T00:00:00Z,,
Siniaka-Minia National Park,Чад,46.43,1961-05-17T00:00:00Z,,
Jamanxim National Park,Бразилия,862887,2006-02-13T00:00:00Z,,
Jamanxim National Park,Бразилия,85.9797,2006-02-13T00:00:00Z,,
Campos Amazônicos National Park,Бразилия,961311,2006-01-01T00:00:00Z,,
Portobelo National Park,Панама,35929,1976-01-01T00:00:00Z,,
Mudeungsan National Park,Республика Корея,75.45,2012-01-01T00:00:00Z,,
El Impenetrable National Park,Аргентина,128000,2014-10-22T00:00:00Z,,
Готска-Сандён,Швеция,4463.88,1909-05-24T00:00:00Z,,governmental listed building complex
Готска-Сандён,Швеция,787.422,1909-05-24T00:00:00Z,,governmental listed building complex
Готска-Сандён,Швеция,3017.47,1909-05-24T00:00:00Z,,governmental listed building complex
Готска-Сандён,Швеция,3676.43,1909-05-24T00:00:00Z,,governmental listed building complex
Médanos del Chaco National Park,Парагвай,5142.33,2003-08-12T00:00:00Z,,Объект из предварительного списка Всемирного наследия
Rio Novo National Park,Бразилия,538089,2006-02-13T00:00:00Z,,
Rio Novo National Park,Бразилия,53.8089,2006-02-13T00:00:00Z,,
Papikonda National Park,Индия,5.91,,,
Национальный парк Куасуиттук,Канада,110,2015-09-01T00:00:00Z,,
Toorale National Park,Австралия,3.064753125,2010-01-01T00:00:00Z,,
Toorale National Park,Австралия,308.66,2010-01-01T00:00:00Z,,
Murrumbidgee Valley National Park,Австралия,1.30273525390625,2010-01-01T00:00:00Z,,
Murrumbidgee Valley National Park,Австралия,1.30273525390625,2016-01-01T00:00:00Z,,
Serra das Lontras National Park,Бразилия,11344,2010-01-01T00:00:00Z,,
Alto Cariri National Park,Бразилия,19238,2010-01-01T00:00:00Z,,
Parque nacional Cabo Polonio,Уругвай,2.582,2009-07-20T00:00:00Z,,
Kafta Sheraro National Park,Эфиопия,0.05,1999-01-01T00:00:00Z,,
Bras d'Eau National Park,Маврикий,497.2,2011-10-25T00:00:00Z,,
Fosse aux Lions National Park,Того,0.165,1954-01-01T00:00:00Z,,
Malkumba-Coongie Lakes National Park,Австралия,2.6616361328125,2005-01-01T00:00:00Z,,
Malkumba-Coongie Lakes National Park,Австралия,2.79,2005-01-01T00:00:00Z,,
Малка-Мари,Кения,8.76,1989-01-01T00:00:00Z,,
Adelaide International Bird Sanctuary National Park - Winaityinaityi Pangkara National Park,Австралия,1.4757685546875,2017-01-01T00:00:00Z,,
Национальный парк «Шантарские острова»,Россия,515000,2013-01-01T00:00:00Z,,
El Avila National park,Венесуэла,8.5192,1958-12-12T00:00:00Z,,
Salar del Huasco National Park,Чили,0.995,1996-01-01T00:00:00Z,,Рамсарское угодье
Salar del Huasco National Park,Чили,0.995,2023-01-01T00:00:00Z,,Рамсарское угодье
Salar del Huasco National Park,Чили,0.995,1996-01-01T00:00:00Z,,Natural Reserve
Salar del Huasco National Park,Чили,0.995,2023-01-01T00:00:00Z,,Natural Reserve
Mounts Banahaw–San Cristobal Protected Landscape,Филиппины,1.1311,1921-10-14T00:00:00Z,,
Tanjung Piai National Park,Малайзия,325,,,national natural historic site of Malaysia
Mount Arayat National Park,Филиппины,38.36,1937-09-16T00:00:00Z,,
Asir National Park,Саудовская Аравия,45,1981-01-01T00:00:00Z,,
Chelmos-Vouraikos National Park,Греция,0.544,,,
Djebel Aissa National Park,Алжир,244,2003-01-01T00:00:00Z,,
Possession Island National Park,Австралия,0.0489649749755859,1977-01-01T00:00:00Z,,
Possession Island National Park,Австралия,0.0489649749755859,1999-01-01T00:00:00Z,,
Kay Rala Xanana Gusmão National Park,Восточный Тимор,126.23,2015-10-24T00:00:00Z,,
Sena Oura National Park,Чад,7.352,2008-06-10T00:00:00Z,,
Wellington National Park,Австралия,1.7433412109375,2000-01-01T00:00:00Z,,
Wellington National Park,Австралия,174.15,2000-01-01T00:00:00Z,,
Hilliger National Park,Австралия,1.6986400390625,2004-01-01T00:00:00Z,,
Kent Group National Park,Австралия,1.38941189769079,1971-04-28T00:00:00Z,,
Kent Group National Park,Австралия,0.226362906804262,1971-04-28T00:00:00Z,,
Kent Group National Park,Австралия,1.51253583015396,1971-04-28T00:00:00Z,,
Kinrara National Park,Австралия,7.58,2003-01-01T00:00:00Z,,
Kinrara National Park,Австралия,0.76085673828125,2003-01-01T00:00:00Z,,
Kalyarr National Park,Австралия,4.077909375,2016-01-01T00:00:00Z,,
Korung National Park,Австралия,63.44,1995-01-01T00:00:00Z,,
Korung National Park,Австралия,0.635384814453125,1995-01-01T00:00:00Z,,
Korung National Park,Австралия,63.44,2004-01-01T00:00:00Z,,
Korung National Park,Австралия,0.635384814453125,2004-01-01T00:00:00Z,,
Midgegooroo National Park,Австралия,0.249310180664062,2004-01-01T00:00:00Z,,
Wiltshire-Butler National Park,Австралия,1.16491806640625,2004-01-01T00:00:00Z,,
Iytwelepenty / Davenport Ranges National Park,Австралия,12.7838436294556,2011-01-01T00:00:00Z,,
Capertee National Park,Австралия,0.55534404296875,2016-01-01T00:00:00Z,,
Malabar Headland National Park,Австралия,0.18,2012-01-01T00:00:00Z,,
Malabar Headland National Park,Австралия,0.00758430557250977,2012-01-01T00:00:00Z,,
Malabar Headland National Park,Австралия,0.18,2016-01-01T00:00:00Z,,
Malabar Headland National Park,Австралия,0.00758430557250977,2016-01-01T00:00:00Z,,
Nascentes do Lago Jari National Park,Бразилия,812742,2008-01-01T00:00:00Z,,
Serra do Gandarela National Park,Бразилия,31270.83,2014-10-13T00:00:00Z,,
Serra do Gandarela National Park,Бразилия,31270,2014-10-13T00:00:00Z,,
Ogooué-Leketi National Park,Республика Конго,348.694,2022-01-01T00:00:00Z,,
Национальный парк Бикин,Россия,1160469,2015-11-03T00:00:00Z,,часть объекта всемирного наследия
Национальный парк Бикин,Россия,129509,2015-11-03T00:00:00Z,,часть объекта всемирного наследия
Динар,Иран,25839,,,
Wadi Turabah Nature Reserve,Саудовская Аравия,420,,,
Oued Zen National Park,Тунис,6700,2010-03-29T00:00:00Z,,
Deng Deng National Park,Камерун,6.8264,2010-01-01T00:00:00Z,,
Parque Nacional Natural Sierra de La Macarena,Колумбия,63,1989-09-01T00:00:00Z,,
Кальдера-де-Табурьенте,Испания,4397.87981,1954-10-06T00:00:00Z,,
Кальдера-де-Табурьенте,Испания,0.0469,1954-10-06T00:00:00Z,,
Khar Us Nuur National Park,Монголия,85.2995,1997-06-13T00:00:00Z,,
Delft National Park,Шри-Ланка,0.18,2015-06-22T00:00:00Z,,
Adam's Bridge Marine National Park,Шри-Ланка,1.9,2015-06-22T00:00:00Z,,
Khuvsgul National Park,Монголия,117.5602,1992-01-01T00:00:00Z,,
Grand Bois National Park,Гаити,0.037015,,,
Grande Colline National Park,Гаити,15.1045,,,
Deux Mamelles National Park,Гаити,2264.97,,,
Deux Mamelles National Park,Гаити,0.2265,,,
Замбези (национальный парк),Зимбабве,5.601,1979-01-01T00:00:00Z,,
Guaricana National Park,Бразилия,49286,2014-10-13T00:00:00Z,,
Islote Lobos National Park,Аргентина,19079,2022-06-15T00:00:00Z,,
Acari National Park,Бразилия,896436,2016-01-01T00:00:00Z,,
Mapinguari National Park,Бразилия,1776914.18,2008-06-05T00:00:00Z,,
Mapinguari National Park,Бразилия,1776926,2008-06-05T00:00:00Z,,
Chundikkulam National Park,Шри-Ланка,1.96,2015-06-22T00:00:00Z,,
Kaptai National Park,Бангладеш,0.5464,1999-01-01T00:00:00Z,,
Дадья-Лефкими-Суфлион,Греция,4.28,2006-01-01T00:00:00Z,,Объект из предварительного списка Всемирного наследия
Rodopi Mountain Range National Park,Греция,5.4929,2009-01-01T00:00:00Z,,
Сёр-Шпицберген,Норвегия,1317734.32125,1973-01-01T00:00:00Z,,Рамсарское угодье
Ютунхеймен,Норвегия,11.51,1980-01-01T00:00:00Z,,
Ютунхеймен,Норвегия,115474.97852,1980-01-01T00:00:00Z,,
Mount Lindesay National Park,Австралия,3.957330078125,2004-01-01T00:00:00Z,,
Mount Lindesay National Park,Австралия,3.95,2004-01-01T00:00:00Z,,
Myall Lakes National Park,Австралия,4.801275390625,1972-01-01T00:00:00Z,,
Myall Lakes National Park,Австралия,4.48,1972-01-01T00:00:00Z,,
Myall Lakes National Park,Австралия,4.801275390625,2009-01-01T00:00:00Z,,
Myall Lakes National Park,Австралия,4.48,2009-01-01T00:00:00Z,,
Jervis Bay National Park,Австралия,0.51123388671875,1995-01-01T00:00:00Z,,
Jervis Bay National Park,Австралия,48.54,1995-01-01T00:00:00Z,,
Jervis Bay National Park,Австралия,0.51123388671875,2016-01-01T00:00:00Z,,
Jervis Bay National Park,Австралия,48.54,2016-01-01T00:00:00Z,,
Morton National Park,Австралия,17.57,1969-01-01T00:00:00Z,,
Morton National Park,Австралия,19.9601921875,1969-01-01T00:00:00Z,,
Morton National Park,Австралия,170462,1969-01-01T00:00:00Z,,
Mount Royal National Park,Австралия,6.92,1997-01-01T00:00:00Z,,
Mount Royal National Park,Австралия,0.697490478515625,1997-01-01T00:00:00Z,,
Mount Royal National Park,Австралия,6.92,1999-01-01T00:00:00Z,,
Mount Royal National Park,Австралия,0.697490478515625,1999-01-01T00:00:00Z,,
Сюантхюи,Вьетнам,0.71,2003-01-01T00:00:00Z,,Рамсарское угодье
Warrabah National Park,Австралия,0.521415576171875,1984-01-01T00:00:00Z,,
Warrabah National Park,Австралия,39.82,1984-01-01T00:00:00Z,,
Warrabah National Park,Австралия,0.521415576171875,2010-01-01T00:00:00Z,,
Warrabah National Park,Австралия,39.82,2010-01-01T00:00:00Z,,
Nymboi-Binderay National Park,Австралия,172.43,1997-01-01T00:00:00Z,,
Nymboi-Binderay National Park,Австралия,1.7212794921875,1997-01-01T00:00:00Z,,
Nymboi-Binderay National Park,Австралия,172.43,2010-01-01T00:00:00Z,,
Nymboi-Binderay National Park,Австралия,1.7212794921875,2010-01-01T00:00:00Z,,
Mimosa Rocks National Park,Австралия,0.57,1973-01-01T00:00:00Z,,
Mimosa Rocks National Park,Австралия,0.583593017578125,1973-01-01T00:00:00Z,,
Mimosa Rocks National Park,Австралия,0.57,2008-01-01T00:00:00Z,,
Mimosa Rocks National Park,Австралия,0.583593017578125,2008-01-01T00:00:00Z,,
Q1584339,Израиль,0.21,1960-01-01T00:00:00Z,,
Nymboida National Park,Австралия,4.06458046875,1980-01-01T00:00:00Z,,
Nymboida National Park,Австралия,404.92,1980-01-01T00:00:00Z,,
Nymboida National Park,Австралия,4.06458046875,2008-01-01T00:00:00Z,,
Nymboida National Park,Австралия,404.92,2008-01-01T00:00:00Z,,
Werrikimbe National Park,Австралия,333.06,1975-01-01T00:00:00Z,,часть объекта всемирного наследия
Werrikimbe National Park,Австралия,3.50538671875,1975-01-01T00:00:00Z,,часть объекта всемирного наследия
Werrikimbe National Park,Австралия,35178,1975-01-01T00:00:00Z,,часть объекта всемирного наследия
Werrikimbe National Park,Австралия,333.06,2003-01-01T00:00:00Z,,часть объекта всемирного наследия
Werrikimbe National Park,Австралия,3.50538671875,2003-01-01T00:00:00Z,,часть объекта всемирного наследия
Werrikimbe National Park,Австралия,35178,2003-01-01T00:00:00Z,,часть объекта всемирного наследия
Моле,Гана,48.4,1971-01-01T00:00:00Z,,Объект из предварительного списка Всемирного наследия
Национальный парк Thethi,Албания,2630,1966-01-01T00:00:00Z,,
Furna Feia National Park,Бразилия,8518,2012-01-01T00:00:00Z,,
Hattah - Kulkyne National Park,Австралия,4.997401171875,1980-04-26T00:00:00Z,,Рамсарское угодье
Hattah - Kulkyne National Park,Австралия,4.8,1980-04-26T00:00:00Z,,Рамсарское угодье
Hattah - Kulkyne National Park,Австралия,4.997401171875,2011-01-01T00:00:00Z,,Рамсарское угодье
Hattah - Kulkyne National Park,Австралия,4.8,2011-01-01T00:00:00Z,,Рамсарское угодье
Heathcote-Graytown National Park,Австралия,1.26929091796875,2002-01-01T00:00:00Z,,
Heathcote-Graytown National Park,Австралия,12700,2002-01-01T00:00:00Z,,
Heathcote-Graytown National Park,Австралия,1.26929091796875,2002-10-30T00:00:00Z,,
Heathcote-Graytown National Park,Австралия,12700,2002-10-30T00:00:00Z,,
Reinheimen National Park,Норвегия,19.69,2006-01-01T00:00:00Z,,
Reinheimen National Park,Норвегия,197461.03776,2006-01-01T00:00:00Z,,
Hell Hole Gorge National Park,Австралия,1.27,1992-01-01T00:00:00Z,,
Hell Hole Gorge National Park,Австралия,1.27352734375,1992-01-01T00:00:00Z,,
Hell Hole Gorge National Park,Австралия,1.27,1994-01-01T00:00:00Z,,
Hell Hole Gorge National Park,Австралия,1.27352734375,1994-01-01T00:00:00Z,,
Западный Цаво,Кения,90.65,1948-01-01T00:00:00Z,,
Hemis National Park,Индия,41,1981-01-01T00:00:00Z,,
Maryland National Park,Австралия,22.82,1999-01-01T00:00:00Z,,
Maryland National Park,Австралия,0.228099438476562,1999-01-01T00:00:00Z,,
Maryland National Park,Австралия,22.82,2006-01-01T00:00:00Z,,
Maryland National Park,Австралия,0.228099438476562,2006-01-01T00:00:00Z,,
Herberton Range National Park,Австралия,77.07,2008-01-01T00:00:00Z,,
Herberton Range National Park,Австралия,0.655092236328125,2008-01-01T00:00:00Z,,
Herberton Range National Park,Австралия,77.07,2014-01-01T00:00:00Z,,
Herberton Range National Park,Австралия,0.655092236328125,2014-01-01T00:00:00Z,,
Nicoll Scrub National Park,Австралия,0.0026793270111084,1986-01-01T00:00:00Z,,
Nicoll Scrub National Park,Австралия,26.85,1986-01-01T00:00:00Z,,
Nicoll Scrub National Park,Австралия,0.0026793270111084,2016-01-01T00:00:00Z,,
Nicoll Scrub National Park,Австралия,26.85,2016-01-01T00:00:00Z,,
Sarabah National Park,Австралия,0.000123852741718292,1973-01-01T00:00:00Z,,
Sarabah National Park,Австралия,1.42,1973-01-01T00:00:00Z,,
Sarabah National Park,Австралия,0.000123852741718292,2001-01-01T00:00:00Z,,
Sarabah National Park,Австралия,1.42,2001-01-01T00:00:00Z,,
Hingol National Park,Пакистан,61,1988-01-01T00:00:00Z,,
Holbourne Island National Park,Австралия,3.39,1982-01-01T00:00:00Z,,
Holbourne Island National Park,Австралия,0.00356014976501465,1982-01-01T00:00:00Z,,
Holbourne Island National Park,Австралия,3.39,2000-01-01T00:00:00Z,,
Holbourne Island National Park,Австралия,0.00356014976501465,2000-01-01T00:00:00Z,,
Homevale National Park,Австралия,21.78,1995-01-01T00:00:00Z,,
Homevale National Park,Австралия,2.14839140625,1995-01-01T00:00:00Z,,
Homevale National Park,Австралия,21.78,2009-01-01T00:00:00Z,,
Homevale National Park,Австралия,2.14839140625,2009-01-01T00:00:00Z,,
Maria National Park,Австралия,0.235269213867188,1999-01-01T00:00:00Z,,
Maria National Park,Австралия,23.35,1999-01-01T00:00:00Z,,
Maria National Park,Австралия,0.235269213867188,2012-01-01T00:00:00Z,,
Maria National Park,Австралия,23.35,2012-01-01T00:00:00Z,,
Main Range National Park,Австралия,11500,1965-01-01T00:00:00Z,,часть объекта всемирного наследия
Main Range National Park,Австралия,3.48233203125,1965-01-01T00:00:00Z,,часть объекта всемирного наследия
Main Range National Park,Австралия,29.73,1965-01-01T00:00:00Z,,часть объекта всемирного наследия
Main Range National Park,Австралия,11500,2018-01-01T00:00:00Z,,часть объекта всемирного наследия
Main Range National Park,Австралия,3.48233203125,2018-01-01T00:00:00Z,,часть объекта всемирного наследия
Main Range National Park,Австралия,29.73,2018-01-01T00:00:00Z,,часть объекта всемирного наследия
Национальный парк Хортон-Плейнс,Шри-Ланка,0.316,1969-01-01T00:00:00Z,,часть объекта всемирного наследия
Peak Range National Park,Австралия,0.25114189453125,1983-01-01T00:00:00Z,,
Kiang West National Park,Гамбия,0.19,1987-01-01T00:00:00Z,,
Lierne National Park,Норвегия,3.33,2004-01-01T00:00:00Z,,
Lierne National Park,Норвегия,33300.09581,2004-01-01T00:00:00Z,,
Scheyville National Park,Австралия,0.0933219543457031,1996-01-01T00:00:00Z,,Закон о наследии — Государственный реестр наследия
Scheyville National Park,Австралия,0.92,1996-01-01T00:00:00Z,,Закон о наследии — Государственный реестр наследия
Kirrama National Park,Австралия,17.29,2006-01-01T00:00:00Z,,
Kirrama National Park,Австралия,1.746309765625,2006-01-01T00:00:00Z,,
Kirrama National Park,Австралия,17.29,2011-01-01T00:00:00Z,,
Kirrama National Park,Австралия,1.746309765625,2011-01-01T00:00:00Z,,
Киртхар (национальный парк),Пакистан,30.87,1974-01-01T00:00:00Z,,
Китуло,Танзания,4.64,2005-01-01T00:00:00Z,,
Makgadikgadi Pans National Park,Ботсвана,49.02,1992-01-01T00:00:00Z,,Объект из предварительного списка Всемирного наследия
Kon Ka Kinh National Park,Вьетнам,4.2057,2002-01-01T00:00:00Z,,
Sumapaz Natural Park,Колумбия,14.2112,1977-01-01T00:00:00Z,,
Ваза,Камерун,1.7,1934-01-01T00:00:00Z,,Объект из предварительного списка Всемирного наследия
Серра-дуз-Органс,Бразилия,20021,1939-01-01T00:00:00Z,,
Серра-дуз-Органс,Бразилия,1.1,1939-01-01T00:00:00Z,,
Скулескуген,Швеция,3057.08,1984-05-10T00:00:00Z,,
Скулескуген,Швеция,2739.91,1984-05-10T00:00:00Z,,
Скулескуген,Швеция,1773.888,1984-05-10T00:00:00Z,,
Скулескуген,Швеция,317.145,1984-05-10T00:00:00Z,,
Вадвечокка,Швеция,0,1920-03-01T00:00:00Z,,
Вадвечокка,Швеция,2653.34,1920-03-01T00:00:00Z,,
Вадвечокка,Швеция,2703.94,1920-03-01T00:00:00Z,,
Вадвечокка,Швеция,50.576,1920-03-01T00:00:00Z,,
Косцюшко,Австралия,0.0673492,1944-01-01T00:00:00Z,,listed on the Australian National Heritage List
Косцюшко,Австралия,68.8620820201325,1944-01-01T00:00:00Z,,listed on the Australian National Heritage List
Косцюшко,Австралия,0.0673492,2016-01-01T00:00:00Z,,listed on the Australian National Heritage List
Косцюшко,Австралия,68.8620820201325,2016-01-01T00:00:00Z,,listed on the Australian National Heritage List
Меру,Кения,8.7,1966-01-01T00:00:00Z,,Объект из предварительного списка Всемирного наследия
Пасифик-Рим,Канада,5.1,2001-01-01T00:00:00Z,,
Loango National Park,Габон,15.5,2002-01-01T00:00:00Z,,
Braulio Carrillo National Park,Коста-Рика,4.7586,1978-01-01T00:00:00Z,,
Alberto de Agostini National Park,Чили,146,1965-01-22T00:00:00Z,,
Апеннино-Тоско-Эмилиано,Италия,22793,1997-01-01T00:00:00Z,,
Апеннино-Тоско-Эмилиано,Италия,26149,1997-01-01T00:00:00Z,,
Апеннино-Тоско-Эмилиано,Италия,22793,2001-01-01T00:00:00Z,,
Апеннино-Тоско-Эмилиано,Италия,26149,2001-01-01T00:00:00Z,,
Национальный парк Рапа-Нуи,Чили,6666,1935-01-16T00:00:00Z,,всемирное наследие
Национальный парк Рапа-Нуи,Чили,6908.06,1935-01-16T00:00:00Z,,всемирное наследие
Cabo Orange National Park,Бразилия,657328,1980-01-01T00:00:00Z,,Рамсарское угодье
Cabo Orange National Park,Бразилия,219614,1980-01-01T00:00:00Z,,Рамсарское угодье
Cabo Orange National Park,Бразилия,61.9,1980-01-01T00:00:00Z,,Рамсарское угодье
Cabo Orange National Park,Бразилия,437715,1980-01-01T00:00:00Z,,Рамсарское угодье
Pacaás Novos National Park,Бразилия,76.48,1979-01-01T00:00:00Z,,
Pacaás Novos National Park,Бразилия,708680,1979-01-01T00:00:00Z,,
Paroo-Darling National Park,Австралия,0.0178053,2000-01-01T00:00:00Z,,
Paroo-Darling National Park,Австралия,17.714640625,2000-01-01T00:00:00Z,,
Paroo-Darling National Park,Австралия,0.0178053,2013-01-01T00:00:00Z,,
Paroo-Darling National Park,Австралия,17.714640625,2013-01-01T00:00:00Z,,
Кудремук,Индия,60032,1916-01-01T00:00:00Z,,часть объекта всемирного наследия
Низкие Татры (национальный парк),Словакия,76073.423,1978-01-01T00:00:00Z,,
Низкие Татры (национальный парк),Словакия,7.2842,1978-01-01T00:00:00Z,,
Tarong National Park,Австралия,1.52,1995-01-01T00:00:00Z,,
Tarong National Park,Австралия,0.151779382324219,1995-01-01T00:00:00Z,,
Tarong National Park,Австралия,1.52,2006-01-01T00:00:00Z,,
Tarong National Park,Австралия,0.151779382324219,2006-01-01T00:00:00Z,,
Mapleton Falls National Park,Австралия,2.59,1973-01-01T00:00:00Z,,
Mapleton Falls National Park,Австралия,0.00258639392852783,1973-01-01T00:00:00Z,,
Mapleton Falls National Park,Австралия,2.59,2001-01-01T00:00:00Z,,
Mapleton Falls National Park,Австралия,0.00258639392852783,2001-01-01T00:00:00Z,,
Национальный парк Намиб-Науклуфт,Намибия,497.89,1979-01-01T00:00:00Z,,Объект из предварительного списка Всемирного наследия
Kondalilla National Park,Австралия,15.91,1945-01-01T00:00:00Z,,
Kondalilla National Park,Австралия,0.156817395019531,1945-01-01T00:00:00Z,,
Kondalilla National Park,Австралия,15.91,2010-01-01T00:00:00Z,,
Kondalilla National Park,Австралия,0.156817395019531,2010-01-01T00:00:00Z,,
Рубондо-Айленд,Танзания,4.8,1965-01-01T00:00:00Z,,
Рубондо-Айленд,Танзания,4.8,1977-01-01T00:00:00Z,,
Пьенины,Словакия,0.375,1967-01-16T00:00:00Z,,
Пьенины,Словакия,3711.905,1967-01-16T00:00:00Z,,
Pinnacles National Park,США,1.0786,2013-01-10T00:00:00Z,North Chalone Peak,
Kooraban National Park,Австралия,1.14603828125,2001-01-01T00:00:00Z,,
Kooraban National Park,Австралия,116.44,2001-01-01T00:00:00Z,,
Коруп,Камерун,12.6144,1986-01-01T00:00:00Z,,Объект из предварительного списка Всемирного наследия
Лосиный Остров,Россия,1.16215,1983-08-23T00:00:00Z,,
"Foreste Casentinesi, Monte Falterona, Campigna National Park",Италия,3.68,1989-01-01T00:00:00Z,,
"Foreste Casentinesi, Monte Falterona, Campigna National Park",Италия,31038,1989-01-01T00:00:00Z,,
"Foreste Casentinesi, Monte Falterona, Campigna National Park",Италия,3.68,1993-01-01T00:00:00Z,,
"Foreste Casentinesi, Monte Falterona, Campigna National Park",Италия,31038,1993-01-01T00:00:00Z,,
Kuapnit Balinsasayao National Park,Филиппины,3.64,1937-04-16T00:00:00Z,,
Láhko National Park,Норвегия,18875.49115,2012-01-01T00:00:00Z,,
Láhko National Park,Норвегия,1.88,2012-01-01T00:00:00Z,,
Тарра-Булга,Австралия,2015,1956-01-01T00:00:00Z,,
Тарра-Булга,Австралия,2022,1956-01-01T00:00:00Z,,
Тарра-Булга,Австралия,0.201723059082031,1956-01-01T00:00:00Z,,
Тарра-Булга,Австралия,2015,1986-06-17T00:00:00Z,,
Тарра-Булга,Австралия,2022,1986-06-17T00:00:00Z,,
Тарра-Булга,Австралия,0.201723059082031,1986-06-17T00:00:00Z,,
Kuranda National Park,Австралия,2.7406251953125,1989-01-01T00:00:00Z,,
Kuranda National Park,Австралия,243.62,1989-01-01T00:00:00Z,,
Kuranda National Park,Австралия,2.7406251953125,2016-01-01T00:00:00Z,,
Kuranda National Park,Австралия,243.62,2016-01-01T00:00:00Z,,
Lachlan Valley National Park,Австралия,2.0898703125,2010-07-01T00:00:00Z,,
Lachlan Valley National Park,Австралия,116.38,2010-07-01T00:00:00Z,,
Lachlan Valley National Park,Австралия,2.0898703125,2016-01-01T00:00:00Z,,
Lachlan Valley National Park,Австралия,116.38,2016-01-01T00:00:00Z,,
Лагодехи,Грузия,2.4451,1912-01-01T00:00:00Z,,
Lake Bindegolly National Park,Австралия,1.2741748046875,1991-01-01T00:00:00Z,,
Lake Bindegolly National Park,Австралия,1.25,1991-01-01T00:00:00Z,,
Lake Bindegolly National Park,Австралия,1.2741748046875,1998-01-01T00:00:00Z,,
Peak Range National Park,Австралия,0.25,1983-01-01T00:00:00Z,,
Peak Range National Park,Австралия,0.25114189453125,1994-01-01T00:00:00Z,,
Peak Range National Park,Австралия,0.25,1994-01-01T00:00:00Z,,
Lake Torrens National Park,Австралия,56.87585625,1991-01-01T00:00:00Z,,
Lake Torrens National Park,Австралия,0.05677,1991-01-01T00:00:00Z,,
Amboró National Park,Боливия,44.25,1973-01-01T00:00:00Z,,
Намаджи,Австралия,7.778,1984-01-01T00:00:00Z,,listed on the Australian National Heritage List
Намаджи,Австралия,0.00835240097045898,1984-01-01T00:00:00Z,,listed on the Australian National Heritage List
Намаджи,Австралия,7.72283125,1984-01-01T00:00:00Z,,listed on the Australian National Heritage List
Намаджи,Австралия,106095,1984-01-01T00:00:00Z,,listed on the Australian National Heritage List
Намаджи,Австралия,0.0551711176633835,1984-01-01T00:00:00Z,,listed on the Australian National Heritage List
Намаджи,Австралия,7.778,2012-01-01T00:00:00Z,,listed on the Australian National Heritage List
Намаджи,Австралия,0.00835240097045898,2012-01-01T00:00:00Z,,listed on the Australian National Heritage List
Намаджи,Австралия,7.72283125,2012-01-01T00:00:00Z,,listed on the Australian National Heritage List
Намаджи,Австралия,106095,2012-01-01T00:00:00Z,,listed on the Australian National Heritage List
Намаджи,Австралия,0.0551711176633835,2012-01-01T00:00:00Z,,listed on the Australian National Heritage List
Намаджи,Австралия,7.778,2013-01-01T00:00:00Z,,listed on the Australian National Heritage List
Намаджи,Австралия,0.00835240097045898,2013-01-01T00:00:00Z,,listed on the Australian National Heritage List
Намаджи,Австралия,7.72283125,2013-01-01T00:00:00Z,,listed on the Australian National Heritage List
Намаджи,Австралия,106095,2013-01-01T00:00:00Z,,listed on the Australian National Heritage List
Намаджи,Австралия,0.0551711176633835,2013-01-01T00:00:00Z,,listed on the Australian National Heritage List
Намаджи,Австралия,7.778,2016-01-01T00:00:00Z,,listed on the Australian National Heritage List
Намаджи,Австралия,0.00835240097045898,2016-01-01T00:00:00Z,,listed on the Australian National Heritage List
Намаджи,Австралия,7.72283125,2016-01-01T00:00:00Z,,listed on the Australian National Heritage List
Намаджи,Австралия,106095,2016-01-01T00:00:00Z,,listed on the Australian National Heritage List
Намаджи,Австралия,0.0551711176633835,2016-01-01T00:00:00Z,,listed on the Australian National Heritage List
Вапуск,Канада,114.75,2010-03-26T00:00:00Z,,
Hunter Wetlands National Park,Австралия,0.496818017578125,2007-07-01T00:00:00Z,,
Hunter Wetlands National Park,Австралия,42.54,2007-07-01T00:00:00Z,,
Hunter Wetlands National Park,Австралия,0.496818017578125,2015-01-01T00:00:00Z,,
Hunter Wetlands National Park,Австралия,42.54,2015-01-01T00:00:00Z,,
Хардинес-де-ла-Рейна,Куба,21.7,2010-01-01T00:00:00Z,,
Kyabobo National Park,Гана,3.598,1993-01-01T00:00:00Z,,
Tamborine National Park,Австралия,0.208917724609375,1993-01-01T00:00:00Z,,
Tamborine National Park,Австралия,2.08,1993-01-01T00:00:00Z,,
Tamborine National Park,Австралия,0.208917724609375,2014-01-01T00:00:00Z,,
Tamborine National Park,Австралия,2.08,2014-01-01T00:00:00Z,,
Хустайн-Нуруу (национальный парк),Монголия,5.7648,2003-01-01T00:00:00Z,,
Хустайн-Нуруу (национальный парк),Монголия,5.06,2003-01-01T00:00:00Z,,
Гора Кения,Кения,7.15,1949-01-01T00:00:00Z,,всемирное наследие
Гора Кения,Кения,69339,1949-01-01T00:00:00Z,,всемирное наследие
Гора Кения,Кения,202334,1949-01-01T00:00:00Z,,всемирное наследие
Тю (национальный парк),Дания,2.437,2007-01-01T00:00:00Z,,Рамсарское угодье
Paluma Range National Park,Австралия,7.93496171875,1994-01-01T00:00:00Z,,
Paluma Range National Park,Австралия,763.71,1994-01-01T00:00:00Z,,
Paluma Range National Park,Австралия,7.93496171875,2011-01-01T00:00:00Z,,
Paluma Range National Park,Австралия,763.71,2011-01-01T00:00:00Z,,
Национальный парк Водопад Виктория,Зимбабве,0.234,1950-01-01T00:00:00Z,,Рамсарское угодье
Lizard Island National Park,Австралия,9.91,1939-01-01T00:00:00Z,,
Lizard Island National Park,Австралия,9.91,2000-01-01T00:00:00Z,,
Three Islands Group National Park,Австралия,0.00773261184692383,1939-01-01T00:00:00Z,,
Three Islands Group National Park,Австралия,7.54,1939-01-01T00:00:00Z,,
Three Islands Group National Park,Австралия,0.00773261184692383,2000-01-01T00:00:00Z,,
Three Islands Group National Park,Австралия,7.54,2000-01-01T00:00:00Z,,
Sundown National Park,Австралия,1.2424529296875,1977-01-01T00:00:00Z,,
Sundown National Park,Австралия,126.47,1977-01-01T00:00:00Z,,
Sundown National Park,Австралия,1.2424529296875,2016-01-01T00:00:00Z,,
Sundown National Park,Австралия,126.47,2016-01-01T00:00:00Z,,
Ясуни,Эквадор,98.23,1979-01-01T00:00:00Z,,
Слитере,Латвия,26490,2000-01-01T00:00:00Z,,
Tjoritja / West MacDonnell National Park,Австралия,25.6684747871913,1992-01-01T00:00:00Z,,
Kemendok National Park,Австралия,0.99178720703125,2010-07-01T00:00:00Z,,
Kemendok National Park,Австралия,98.74,2010-07-01T00:00:00Z,,
Kemendok National Park,Австралия,0.99178720703125,2012-01-01T00:00:00Z,,
Kemendok National Park,Австралия,98.74,2012-01-01T00:00:00Z,,
Q1647398,Камерун,0.1723,1968-12-05T00:00:00Z,,
Нанда-Деви,Индия,6.246,1982-01-01T00:00:00Z,,всемирное наследие
Kara Kara National Park,Австралия,1.398074609375,2002-01-01T00:00:00Z,,
Kara Kara National Park,Австралия,13990,2002-01-01T00:00:00Z,,
Wollumbin National Park,Австралия,0.42482958984375,1967-01-01T00:00:00Z,,часть объекта всемирного наследия
Wollumbin National Park,Австралия,0.42482958984375,2009-01-01T00:00:00Z,,часть объекта всемирного наследия
Expedition National Park,Австралия,10.99,2015-01-01T00:00:00Z,,
Kirindy Mitea National Park,Мадагаскар,7.22,1997-01-01T00:00:00Z,,
Saltfjellet–Svartisen National Park,Норвегия,21.917796,1989-01-01T00:00:00Z,,
Saltfjellet–Svartisen National Park,Норвегия,21.92,1989-01-01T00:00:00Z,,
Saltfjellet–Svartisen National Park,Норвегия,219177.9609,1989-01-01T00:00:00Z,,
Fairlies Knob National Park,Австралия,0.0306086059570312,1910-01-01T00:00:00Z,,
Fairlies Knob National Park,Австралия,0.0306086059570312,2010-01-01T00:00:00Z,,
Wietalaba National Park,Австралия,0.1829,2006-01-01T00:00:00Z,,
Wietalaba National Park,Австралия,0.183123876953125,2006-01-01T00:00:00Z,,
Wietalaba National Park,Австралия,0.1829,2014-01-01T00:00:00Z,,
Wietalaba National Park,Австралия,0.183123876953125,2014-01-01T00:00:00Z,,
Кемери,Латвия,38165,1997-01-01T00:00:00Z,,
Faro National Park,Камерун,33,1980-07-08T00:00:00Z,,
Стуре Моссе,Швеция,1099.696,1982-05-06T00:00:00Z,,
Стуре Моссе,Швеция,264.04,1982-05-06T00:00:00Z,,
Стуре Моссе,Швеция,7674.8,1982-05-06T00:00:00Z,,
Kurrimine Beach National Park,Австралия,0.0894440612792969,1977-01-01T00:00:00Z,,
Kurrimine Beach National Park,Австралия,0.0894440612792969,1994-01-01T00:00:00Z,,
Фемуннсмарка,Норвегия,5.73,1971-01-01T00:00:00Z,,
Фемуннсмарка,Норвегия,59687.33695,1971-01-01T00:00:00Z,,
Orpheus Island National Park,Австралия,0.13,1960-01-01T00:00:00Z,,
Orpheus Island National Park,Австралия,0.124205285644531,1960-01-01T00:00:00Z,,
Orpheus Island National Park,Австралия,0.13,2000-01-01T00:00:00Z,,
Orpheus Island National Park,Австралия,0.124205285644531,2000-01-01T00:00:00Z,,
Шар-Планина,Республика Косово,5.3272,1986-01-01T00:00:00Z,,
Шар-Планина,Республика Косово,5.3272,2012-01-01T00:00:00Z,,
Great Basalt Wall National Park,Австралия,3.5062375,1987-01-01T00:00:00Z,,
Great Basalt Wall National Park,Австралия,3.5062375,1994-01-01T00:00:00Z,,
Ravensbourne National Park,Австралия,6.86,1922-01-01T00:00:00Z,,
Ravensbourne National Park,Австралия,0.0687875366210938,1922-01-01T00:00:00Z,,
Ravensbourne National Park,Австралия,6.86,2006-01-01T00:00:00Z,,
Ravensbourne National Park,Австралия,0.0687875366210938,2006-01-01T00:00:00Z,,
Finucane Island National Park,Австралия,0.74927578125,2008-01-01T00:00:00Z,,
Каттьен,Вьетнам,7.3878,1978-01-01T00:00:00Z,,Объект из предварительного списка Всемирного наследия
Каттьен,Вьетнам,7.3878,1978-01-01T00:00:00Z,,Рамсарское угодье
Фицджералд-Ривер,Австралия,0.0843130187988281,1973-01-01T00:00:00Z,,listed on the Australian National Heritage List
Фицджералд-Ривер,Австралия,29.7211,1973-01-01T00:00:00Z,,listed on the Australian National Heritage List
Фицджералд-Ривер,Австралия,0.0843130187988281,1997-01-01T00:00:00Z,,listed on the Australian National Heritage List
Фицджералд-Ривер,Австралия,29.7211,1997-01-01T00:00:00Z,,listed on the Australian National Heritage List
Fitzroy Island National Park,Австралия,0.0308073638916016,1939-01-01T00:00:00Z,,
Fitzroy Island National Park,Австралия,0.0308073638916016,2000-01-01T00:00:00Z,,
Venman Bushland National Park,Австралия,4.15,1995-01-01T00:00:00Z,,
Gennargentu National Park,Италия,7.394,1998-01-01T00:00:00Z,,
Northern Luzon Heroes Hill National Park,Филиппины,13.16,1963-07-09T00:00:00Z,,
Bogani Nani Wartabone National Park,Индонезия,28.7115,1991-01-01T00:00:00Z,,
Флиндерс-Чейс,Австралия,3.26,1919-01-01T00:00:00Z,,
Флиндерс-Чейс,Австралия,3.465281640625,1919-01-01T00:00:00Z,,
Флиндерс-Чейс,Австралия,3.26,2014-01-01T00:00:00Z,,
Флиндерс-Чейс,Австралия,3.465281640625,2014-01-01T00:00:00Z,,
Тарангире,Танзания,26.158,1970-01-01T00:00:00Z,,
Beninbi National Park,Австралия,0.259567578125,2006-01-01T00:00:00Z,,
Сассен-Бюнсов Ланд,Норвегия,123056.46059,2003-01-01T00:00:00Z,,
Сассен-Бюнсов Ланд,Норвегия,12.3057,2003-01-01T00:00:00Z,,
Forest Den National Park,Австралия,0.591432080078125,1991-01-01T00:00:00Z,,
Forest Den National Park,Австралия,5.89,1991-01-01T00:00:00Z,,
Forest Den National Park,Австралия,0.591432080078125,1994-01-01T00:00:00Z,,
Forest Den National Park,Австралия,5.89,1994-01-01T00:00:00Z,,
Форийон (национальный парк),Канада,2.17,1974-01-01T00:00:00Z,,
Форланде (национальный парк),Норвегия,46.47,1973-01-01T00:00:00Z,,Рамсарское угодье
Qurumber National Park,Пакистан,74000,2011-01-01T00:00:00Z,,
Panjal Mastan National Park,Пакистан,5045,2005-01-01T00:00:00Z,,
Tolipir National Park,Пакистан,5045,2005-01-01T00:00:00Z,,
K2 National Park,Пакистан,233468,,,
Gunung Gading National Park,Малайзия,0.436,1983-01-01T00:00:00Z,,
National park Drina,Босния и Герцеговина,6315,2017-01-01T00:00:00Z,,
W National Park of Burkina Faso,Буркина-Фасо,23.5,,,Рамсарское угодье
W National Park of Burkina Faso,Буркина-Фасо,23.5,,,часть объекта всемирного наследия
W National Park of Niger,Нигер,22,1937-01-01T00:00:00Z,,Рамсарское угодье
W National Park of Niger,Нигер,22,1937-01-01T00:00:00Z,,часть объекта всемирного наследия
Q75828301,Гаити,18780,2014-01-01T00:00:00Z,,
Estero Milagro National Park,Парагвай,25,,,Рамсарское угодье
Guaramacal National Park,Венесуэла,2.1,1988-05-25T00:00:00Z,,
Yapacana National Park,Венесуэла,27.684,1978-12-12T00:00:00Z,,
Peninsula de Paria National Park,Венесуэла,4.498,1978-12-12T00:00:00Z,Cerro Humo,
Q84039340,Белиз,534,2002-01-01T00:00:00Z,,
Peccary Hills National Park,Белиз,4260,2007-01-01T00:00:00Z,,
Limeburners Creek National Park,Австралия,9123,2010-01-01T00:00:00Z,,
Limeburners Creek National Park,Австралия,1.01587568359375,2010-01-01T00:00:00Z,,
Limeburners Creek National Park,Австралия,9123,2018-01-01T00:00:00Z,,
Limeburners Creek National Park,Австралия,1.01587568359375,2018-01-01T00:00:00Z,,
Tarvagatai Nuruu National Park,Монголия,525.4,2000-01-01T00:00:00Z,,
Khangai Nuruu National Park,Монголия,88.85,1996-01-01T00:00:00Z,,
Khan-Khokhi Khyargas Mountain National Park,Монголия,34.13,2000-01-01T00:00:00Z,,
Har Us Nuur National Park,Монголия,85.03,1997-01-01T00:00:00Z,,Рамсарское угодье
Ikh Bogd Uul National Park,Монголия,26.29,2008-01-01T00:00:00Z,,
Bulgan Gol-Ikh Ongog National Park,Монголия,24.61,2011-01-01T00:00:00Z,,
Ulaagchinii Khar Nuur National Park,Монголия,25.94,2010-01-01T00:00:00Z,,
Munkhkhairkhan National Park,Монголия,50.61,2011-01-01T00:00:00Z,,
West Mountain National Park (Guangxi),Китай,0.2,,,
Q98755382,Саудовская Аравия,0.043,,,
"Parque Nacional Congolón, Coyocutena y Piedra Parada",Гондурас,11019.5,2010-10-14T00:00:00Z,Cerro Congolón,
"Parque Nacional Congolón, Coyocutena y Piedra Parada",Гондурас,11046,2010-10-14T00:00:00Z,Cerro Congolón,
Arasbaran national park,Иран,8923,2012-05-20T00:00:00Z,,
Green River Park,Египет,6200,,,
Nyerere National Park,Танзания,310.44,2019-01-01T00:00:00Z,,
Zamen Ahoo National Park,Иран,15273,,,
Zamen Ahoo National Park,Иран,69358,,,
Seydva National Park,Иран,7300,,,
Everlasting Swamp National Park,Австралия,0.176846398925781,2015-01-01T00:00:00Z,,
Khappinghat National Park,Австралия,0.200668859863281,2016-01-01T00:00:00Z,,
Cudmore National Park,Австралия,2.1217634765625,2011-01-01T00:00:00Z,,
Littleton National Park,Австралия,7.8421421875,2015-01-01T00:00:00Z,,
Rungulla National Park,Австралия,11.92007421875,2015-01-01T00:00:00Z,,
Lesmurdie Falls National Park,Австралия,0.0021814920425415,1962-01-01T00:00:00Z,,
Lesmurdie Falls National Park,Австралия,0.00350014457702637,1972-01-01T00:00:00Z,,
Greater Preston National Park,Австралия,1.2672451171875,2004-01-01T00:00:00Z,,
Национальный парк «Зигальга»,Россия,4.5662,2019-11-18T00:00:00Z,,
Nosy Tanikely National Park,Мадагаскар,0.0341,,,
Lake Lanoto'o National Park,Самоа,8500,2003-01-01T00:00:00Z,,
Койгородский национальный парк,Россия,5.67,,,
Самурский (национальный парк),Россия,48273,2019-12-25T00:00:00Z,,
Omo forest reserve,Нигерия,132000,1949-01-01T00:00:00Z,,
Omo forest reserve,Нигерия,13.6806,1949-01-01T00:00:00Z,,
Corales de Profundidad National Natural Park,Колумбия,142.19515,,,
Шар-Планина,Северная Македония,6.2705,2021-06-30T00:00:00Z,Титов-Врх,
Pilliga National Park,Австралия,1.0532,2005-01-01T00:00:00Z,,
Национальный парк «Дурмень»,Узбекистан,32.4,2014-06-05T00:00:00Z,,
Q110541232,Кения,228.12,1948-01-01T00:00:00Z,,
Santiago Glaciers National Park,Чили,75000,,,
Van Mijenfjorden National Park,Норвегия,42.51,2021-06-18T00:00:00Z,,
Koroyanitu National Park,Фиджи,0.35,1989-01-01T00:00:00Z,,
Samaria National Park,Греция,4850,1962-01-01T00:00:00Z,,
Улытауский национальный парк,Казахстан,58900,2022-01-01T00:00:00Z,,
Sierra de la Macarena National Nature Park,Колумбия,619438.67,1971-01-01T00:00:00Z,,
Королевские Бескиды,Украина,8997,2020-11-30T00:00:00Z,,
Mavinga National Park,Ангола,59.5,2011-01-01T00:00:00Z,,
Maiombe National Park,Ангола,19.3,2011-01-01T00:00:00Z,,
Vjosa Wild River National Park,Албания,12727,2023-03-15T00:00:00Z,,
Tà Đùng National Park,Вьетнам,20937.7,2018-02-08T00:00:00Z,,
La Gran Sabana National Park,Доминиканская Республика,2.1958,,,
Parque Nacional da Serra do Teixeira,Бразилия,61095,2023-06-05T00:00:00Z,,
West Cooroy National Park,Австралия,0.115,2023-01-25T00:00:00Z,,
Emawbum National Park,Мьянма,6.034,,,
Kučaj-Beljanica National Park,Сербия,45371.62,,,
Mungada Ridge National Park,Австралия,1031,2022-01-17T00:00:00Z,,
Warlibirri National Park,Австралия,15895,2021-09-22T00:00:00Z,,
Lakeside National Park,Австралия,8490,2021-02-18T00:00:00Z,,
Niiwalarra Islands National Park,Австралия,3352,2019-12-04T00:00:00Z,,
Houtman Abrolhos Islands National Park,Австралия,1564,2019-07-05T00:00:00Z,,
Matuwa Kurrara Kurrara National Park,Австралия,609300,2023-05-05T00:00:00Z,,
Cape Range (South) National Park,Австралия,27072,2020-11-04T00:00:00Z,,
Bunuba National Park,Австралия,220000,2023-08-01T00:00:00Z,,
Pimbee National Park,Австралия,9.8736,2023-08-01T00:00:00Z,,
Unnamed WA17519 National Park,Австралия,120,1920-09-03T00:00:00Z,,
Unnamed WA46400 National Park,Австралия,1571,2000-12-13T00:00:00Z,,
Unnamed WA47688 National Park,Австралия,79,2004-07-26T00:00:00Z,,
Unnamed WA53843 National Park,Австралия,549,2021-02-17T00:00:00Z,,
Helena and Aurora Ranges National Park,Австралия,149157,,,
Kudremukh National Park,Индия,6.0032,,,
Albanian Alps National Park,Албания,82844,2022-01-26T00:00:00Z,,
Q123614565,Австрия,50602.69572,1984-01-01T00:00:00Z,,
Q123614608,Австрия,26762.39481,1984-01-01T00:00:00Z,,
Boyne Valley National Park,Ирландия,220,2023-01-01T00:00:00Z,,
Национальный парк «Южный Устюрт»,Узбекистан,1447143,2020-11-11T00:00:00Z,,часть объекта всемирного наследия
Национальный природный парк «Центральный Кызылкум»,Узбекистан,1200000,2022-02-16T00:00:00Z,,
Национальный природный парк «Аралкум»,Узбекистан,1000000,2022-03-04T00:00:00Z,,
Национальный природный парк «Пап»,Узбекистан,10000,2022-03-04T00:00:00Z,,
Национальный природный парк «Аманкутан»,Узбекистан,1500,2022-03-03T00:00:00Z,,
Национальный природный парк «Юкори Тупаланг»,Узбекистан,27851,2022-03-03T00:00:00Z,,
Brook Islands National Park,Австралия,0.00587471694946289,1994-01-01T00:00:00Z,,
Brook Islands National Park,Австралия,0.00587471694946289,2000-01-01T00:00:00Z,,
Freycinet National Park,Австралия,1.68,1916-01-01T00:00:00Z,,
Freycinet National Park,Австралия,1.68638716394224,1916-01-01T00:00:00Z,,
Freycinet National Park,Австралия,1.68,2008-01-01T00:00:00Z,,
Freycinet National Park,Австралия,1.68638716394224,2008-01-01T00:00:00Z,,
Алтай-Таван-Богд,Монголия,65.6089,1996-01-01T00:00:00Z,,
Watagans National Park,Австралия,77.51,1999-01-01T00:00:00Z,,
Watagans National Park,Австралия,0.779461767578125,1999-01-01T00:00:00Z,,
Watagans National Park,Австралия,77.51,2007-01-01T00:00:00Z,,
Watagans National Park,Австралия,0.779461767578125,2007-01-01T00:00:00Z,,
Национальный парк Вулканов,Руанда,1.3,1969-01-01T00:00:00Z,,ключевые орнитологические территории
Национальный парк Янчеп,Австралия,0.28,1957-01-01T00:00:00Z,,
Национальный парк Янчеп,Австралия,0.285970043945313,1957-01-01T00:00:00Z,,
Национальный парк Янчеп,Австралия,0.28,2002-01-01T00:00:00Z,,
Национальный парк Янчеп,Австралия,0.285970043945313,2002-01-01T00:00:00Z,,
Nelson Lakes National Park,Новая Зеландия,10.2,1956-01-01T00:00:00Z,,
Cania Gorge National Park,Австралия,0.292426928710938,1977-01-01T00:00:00Z,,
Cania Gorge National Park,Австралия,0.3,1977-01-01T00:00:00Z,,
Cania Gorge National Park,Австралия,0.292426928710938,1994-01-01T00:00:00Z,,
Cania Gorge National Park,Австралия,0.3,1994-01-01T00:00:00Z,,
Национальный парк Лаука,Чили,137883,1970-01-01T00:00:00Z,Паринакота,
Национальный парк Лаука,Чили,0.0137,1970-01-01T00:00:00Z,Паринакота,
Murray - Sunset National Park,Австралия,66.5540375,1991-01-01T00:00:00Z,,
Murray - Sunset National Park,Австралия,63.3,1991-01-01T00:00:00Z,,
Murray - Sunset National Park,Австралия,665400,1991-01-01T00:00:00Z,,
Murray - Sunset National Park,Австралия,66.5540375,2011-01-01T00:00:00Z,,
Murray - Sunset National Park,Австралия,63.3,2011-01-01T00:00:00Z,,
Murray - Sunset National Park,Австралия,665400,2011-01-01T00:00:00Z,,
Кингс-Каньон,США,18.69,1940-01-01T00:00:00Z,Норт-Палисейд (гора),
Andre Felix National Park,Центральноафриканская Республика,17,1960-01-01T00:00:00Z,,
Ferntree Creek National Park,Австралия,0.00717004623413086,1947-01-01T00:00:00Z,,
Ferntree Creek National Park,Австралия,0.00717004623413086,2016-01-01T00:00:00Z,,
Марайа-Айленд,Австралия,1.15065900267465,1972-01-01T00:00:00Z,,
Марайа-Айленд,Австралия,1.155,1972-01-01T00:00:00Z,,
Марайа-Айленд,Австралия,1.15065900267465,2007-01-01T00:00:00Z,,
Марайа-Айленд,Австралия,1.155,2007-01-01T00:00:00Z,,
Маунт-Рейнир,США,9.535,1899-03-02T00:00:00Z,Рейнир,
Монга,Австралия,251.44,2001-01-01T00:00:00Z,,
Монга,Австралия,2.6989482421875,2001-01-01T00:00:00Z,,
Монга,Австралия,251.44,2010-01-01T00:00:00Z,,
Монга,Австралия,2.6989482421875,2010-01-01T00:00:00Z,,
Garigal National Park,Австралия,0,1991-01-01T00:00:00Z,,
Garigal National Park,Австралия,0.22,1991-01-01T00:00:00Z,,
Garigal National Park,Австралия,0,2004-01-01T00:00:00Z,,
Garigal National Park,Австралия,0.22,2004-01-01T00:00:00Z,,
Сарек,Швеция,4790.006,1909-06-21T00:00:00Z,,
Сарек,Швеция,1062.155,1909-06-21T00:00:00Z,,
Сарек,Швеция,198465.57,1909-06-21T00:00:00Z,,
Сарек,Швеция,193675.33,1909-06-21T00:00:00Z,,
São Joaquim National Park,Бразилия,49672,1961-01-01T00:00:00Z,,
São Joaquim National Park,Бразилия,4.93,1961-01-01T00:00:00Z,,
Heathcote National Park,Австралия,0.23,1967-10-01T00:00:00Z,,
Heathcote National Park,Австралия,0.273594799804687,1967-10-01T00:00:00Z,,
Heathcote National Park,Австралия,0.23,2016-01-01T00:00:00Z,,
Heathcote National Park,Австралия,0.273594799804687,2016-01-01T00:00:00Z,,
Джим Корбетт,Индия,12.88,1936-01-01T00:00:00Z,,
Татра (национальный парк),Австралия,0.43,1971-01-01T00:00:00Z,,
Татра (национальный парк),Австралия,0.432240441894531,1971-01-01T00:00:00Z,,
Татра (национальный парк),Австралия,0.43,1972-01-01T00:00:00Z,,
Татра (национальный парк),Австралия,0.432240441894531,1972-01-01T00:00:00Z,,
Абиску,Швеция,0,1909-05-24T00:00:00Z,,
Kroombit Tops National Park,Австралия,43.26,1974-01-01T00:00:00Z,,
Kroombit Tops National Park,Австралия,43.26,2006-01-01T00:00:00Z,,
Mount Aberdeen National Park,Австралия,0.294321240234375,1967-01-01T00:00:00Z,,
Mount Aberdeen National Park,Австралия,0.294321240234375,2010-01-01T00:00:00Z,,
Noosa National Park,Австралия,0.28942822265625,1939-01-01T00:00:00Z,,
Noosa National Park,Австралия,0.28942822265625,2007-01-01T00:00:00Z,,
Mount Chinghee National Park,Австралия,1110,1975-01-01T00:00:00Z,,часть объекта всемирного наследия
Mount Chinghee National Park,Австралия,1.26,1975-01-01T00:00:00Z,,часть объекта всемирного наследия
Mount Chinghee National Park,Австралия,1110,1994-01-01T00:00:00Z,,часть объекта всемирного наследия
Mount Chinghee National Park,Австралия,1.26,1994-01-01T00:00:00Z,,часть объекта всемирного наследия
Tregole National Park,Австралия,75.79,1995-01-01T00:00:00Z,,
Erringibba National Park,Австралия,0.0863898132324219,1994-01-01T00:00:00Z,,
Erringibba National Park,Австралия,8.77,1994-01-01T00:00:00Z,,
Erringibba National Park,Австралия,0.0863898132324219,1999-01-01T00:00:00Z,,
Erringibba National Park,Австралия,8.77,1999-01-01T00:00:00Z,,
Намбунг,Австралия,0.00321942024230957,1968-01-01T00:00:00Z,,
Намбунг,Австралия,1.9357865234375,1968-01-01T00:00:00Z,,
Намбунг,Австралия,0.00321942024230957,1979-01-01T00:00:00Z,,
Намбунг,Австралия,1.9357865234375,1979-01-01T00:00:00Z,,
Намбунг,Австралия,0.00321942024230957,1995-01-01T00:00:00Z,,
Намбунг,Австралия,1.9357865234375,1995-01-01T00:00:00Z,,
Mount Walsh National Park,Австралия,107.27,1947-01-01T00:00:00Z,,
Mount Walsh National Park,Австралия,1.078659765625,1947-01-01T00:00:00Z,,
Mount Walsh National Park,Австралия,107.27,2009-01-01T00:00:00Z,,
Mount Walsh National Park,Австралия,1.078659765625,2009-01-01T00:00:00Z,,
Pali-Aike National Park,Чили,5030,1970-10-23T00:00:00Z,,
Восточный Цаво,Кения,117.47,1948-01-01T00:00:00Z,,Объект из предварительного списка Всемирного наследия
Eubenangee Swamp National Park,Австралия,0.19,1968-01-01T00:00:00Z,,
Eubenangee Swamp National Park,Австралия,0.19,2003-01-01T00:00:00Z,,
Eurobodalla National Park,Австралия,0.303084741210937,1995-12-22T00:00:00Z,,
Eurobodalla National Park,Австралия,29.13,1995-12-22T00:00:00Z,,
Eurobodalla National Park,Австралия,0.303084741210937,2015-01-01T00:00:00Z,,
Eurobodalla National Park,Австралия,29.13,2015-01-01T00:00:00Z,,
Сибилои,Кения,15.7085,1973-01-01T00:00:00Z,,National Monument of Kenya
Сибилои,Кения,157085,1973-01-01T00:00:00Z,,National Monument of Kenya
Сибилои,Кения,15.7085,1973-01-01T00:00:00Z,,часть объекта всемирного наследия
Сибилои,Кения,157085,1973-01-01T00:00:00Z,,часть объекта всемирного наследия
Expedition National Park,Австралия,1.9401671875,1991-01-01T00:00:00Z,,
Lockyer National Park,Австралия,1.04758828125,2008-01-01T00:00:00Z,,
Lockyer National Park,Австралия,26.77,2008-01-01T00:00:00Z,,
Lockyer National Park,Австралия,1.04758828125,2014-01-01T00:00:00Z,,
Lockyer National Park,Австралия,26.77,2014-01-01T00:00:00Z,,
Лоуэр-Голберн,Австралия,0.9307373046875,2010-01-01T00:00:00Z,,
Лоуэр-Голберн,Австралия,9320,2010-01-01T00:00:00Z,,
Tallaganda National Park,Австралия,1.6596404296875,2001-01-01T00:00:00Z,,
Tallaganda National Park,Австралия,167.29,2001-01-01T00:00:00Z,,
Tallaganda National Park,Австралия,1.6596404296875,2007-01-01T00:00:00Z,,
Tallaganda National Park,Австралия,167.29,2007-01-01T00:00:00Z,,
Bamingui-Bangoran National Park and Biosphere Reserve,Центральноафриканская Республика,0.111911,1993-01-01T00:00:00Z,,
Nangar National Park,Австралия,91.96,1983-08-05T00:00:00Z,,
Nangar National Park,Австралия,0.9412783203125,1983-08-05T00:00:00Z,,
Nangar National Park,Австралия,91.96,2015-01-01T00:00:00Z,,
Nangar National Park,Австралия,0.9412783203125,2015-01-01T00:00:00Z,,
Mallee Cliffs National Park,Австралия,5.8,1977-01-01T00:00:00Z,,
Mallee Cliffs National Park,Австралия,5.812023046875,1977-01-01T00:00:00Z,,
Mallee Cliffs National Park,Австралия,5.8,1983-01-01T00:00:00Z,,
Mallee Cliffs National Park,Австралия,5.812023046875,1983-01-01T00:00:00Z,,
Tooloom National Park,Австралия,4.38,1995-12-22T00:00:00Z,,
Tooloom National Park,Австралия,0.43739814453125,1995-12-22T00:00:00Z,,
Tooloom National Park,Австралия,4.38,1999-01-01T00:00:00Z,,
Tooloom National Park,Австралия,0.43739814453125,1999-01-01T00:00:00Z,,
Cinque Terre National Park,Италия,0.386,1999-01-01T00:00:00Z,,
Cinque Terre National Park,Италия,3860,1999-01-01T00:00:00Z,,
Malindi Marine National Park,Кения,0.06,1968-01-01T00:00:00Z,,
Пикапен,Австралия,0.260996508789062,1999-01-01T00:00:00Z,,
Пикапен,Австралия,2.63,1999-01-01T00:00:00Z,,
Стельвио (национальный парк),Италия,130734,1935-04-24T00:00:00Z,,особая природоохранная зона ЕС по защите птиц
Стельвио (национальный парк),Италия,59741,1935-04-24T00:00:00Z,,особая природоохранная зона ЕС по защите птиц
Архипелаг Хапаранда,Швеция,742.69,1995-01-01T00:00:00Z,,
Архипелаг Хапаранда,Швеция,6687.732,1995-01-01T00:00:00Z,,
Архипелаг Хапаранда,Швеция,326.11,1995-01-01T00:00:00Z,,
Архипелаг Хапаранда,Швеция,7430.46,1995-01-01T00:00:00Z,,
Mapleton National Park,Австралия,64.55,2011-01-01T00:00:00Z,,
Mapleton National Park,Австралия,1.0077224609375,2011-01-01T00:00:00Z,,
Mapleton National Park,Австралия,64.55,2014-01-01T00:00:00Z,,
Mapleton National Park,Австралия,1.0077224609375,2014-01-01T00:00:00Z,,
Mount Barney National Park,Австралия,1.8192240234375,1947-01-01T00:00:00Z,,часть объекта всемирного наследия
Mount Barney National Park,Австралия,176.6,1947-01-01T00:00:00Z,,часть объекта всемирного наследия
Mount Barney National Park,Австралия,9710,1947-01-01T00:00:00Z,,часть объекта всемирного наследия
Mount Barney National Park,Австралия,1.8192240234375,2017-01-01T00:00:00Z,,часть объекта всемирного наследия
Mount Barney National Park,Австралия,176.6,2017-01-01T00:00:00Z,,часть объекта всемирного наследия
Mount Barney National Park,Австралия,9710,2017-01-01T00:00:00Z,,часть объекта всемирного наследия
Maria Creek National Park,Австралия,0.0747515380859375,1972-01-01T00:00:00Z,,
Maria Creek National Park,Австралия,0.0747515380859375,2013-01-01T00:00:00Z,,
Национальный парк Кириром,Камбоджа,3.5,1993-01-01T00:00:00Z,,
Middle Brother National Park,Австралия,1.83,1999-01-01T00:00:00Z,,
Middle Brother National Park,Австралия,0.18275927734375,1999-01-01T00:00:00Z,,
Middle Brother National Park,Австралия,1.83,2016-01-01T00:00:00Z,,
Middle Brother National Park,Австралия,0.18275927734375,2016-01-01T00:00:00Z,,
Minjary National Park,Австралия,0.145961694335938,2001-01-01T00:00:00Z,,
Minjary National Park,Австралия,14.62,2001-01-01T00:00:00Z,,
Mitchell River National Park,Австралия,11.53,2000-01-01T00:00:00Z,,
Mitchell River National Park,Австралия,11.5052,2000-01-01T00:00:00Z,,
Fernando de Noronha Marine National Park,Бразилия,11270,1988-09-14T00:00:00Z,,часть объекта всемирного наследия
Fernando de Noronha Marine National Park,Бразилия,10929,1988-09-14T00:00:00Z,,часть объекта всемирного наследия
Mooloolah River National Park,Австралия,0.167532385253906,1960-01-01T00:00:00Z,,
Mooloolah River National Park,Австралия,9.26,1960-01-01T00:00:00Z,,
Mooloolah River National Park,Австралия,0.167532385253906,2016-01-01T00:00:00Z,,
Mooloolah River National Park,Австралия,9.26,2016-01-01T00:00:00Z,,
Morwell National Park,Австралия,565,1967-01-01T00:00:00Z,,
Morwell National Park,Австралия,0.0565,1967-01-01T00:00:00Z,,
Morwell National Park,Австралия,0.0565319885253906,1967-01-01T00:00:00Z,,
Morwell National Park,Австралия,565,1979-01-01T00:00:00Z,,
Morwell National Park,Австралия,0.0565,1979-01-01T00:00:00Z,,
Morwell National Park,Австралия,0.0565319885253906,1979-01-01T00:00:00Z,,
Mount Archer National Park,Австралия,0.42500654296875,1994-01-01T00:00:00Z,,
Mount Archer National Park,Австралия,4.25,1994-01-01T00:00:00Z,,
Mount Archer National Park,Австралия,0.42500654296875,1999-01-01T00:00:00Z,,
Mount Archer National Park,Австралия,4.25,1999-01-01T00:00:00Z,,
Mount Colosseum National Park,Австралия,0.84,1977-01-01T00:00:00Z,,
Mount Colosseum National Park,Австралия,0.083011669921875,1977-01-01T00:00:00Z,,
Mount Colosseum National Park,Австралия,0.84,1994-01-01T00:00:00Z,,
Mount Colosseum National Park,Австралия,0.083011669921875,1994-01-01T00:00:00Z,,
Маунт-Эклс,Австралия,8565,1960-01-01T00:00:00Z,,listed on the Australian National Heritage List
Маунт-Эклс,Австралия,0.85709931640625,1960-01-01T00:00:00Z,,listed on the Australian National Heritage List
Маунт-Эклс,Австралия,5.47,1960-01-01T00:00:00Z,,listed on the Australian National Heritage List
Маунт-Эклс,Австралия,8565,1997-01-01T00:00:00Z,,listed on the Australian National Heritage List
Маунт-Эклс,Австралия,0.85709931640625,1997-01-01T00:00:00Z,,listed on the Australian National Heritage List
Маунт-Эклс,Австралия,5.47,1997-01-01T00:00:00Z,,listed on the Australian National Heritage List
Mount Coolum National Park,Австралия,3.67,1990-01-01T00:00:00Z,,
Mount Coolum National Park,Австралия,0.0369027801513672,1990-01-01T00:00:00Z,,
Mount Coolum National Park,Австралия,3.67,2001-01-01T00:00:00Z,,
Mount Coolum National Park,Австралия,0.0369027801513672,2001-01-01T00:00:00Z,,
Mount Frankland North National Park,Австралия,2.206946484375,2004-01-01T00:00:00Z,,
Mount Frankland North National Park,Австралия,2.21,2004-01-01T00:00:00Z,,
Mount Frankland National Park,Австралия,3.74,1988-01-01T00:00:00Z,,
Mount Frankland National Park,Австралия,3.712153125,1988-01-01T00:00:00Z,,
Mount Kaputar National Park,Австралия,36817,1959-01-01T00:00:00Z,,
Mount Kaputar National Park,Австралия,5.1303859375,1959-01-01T00:00:00Z,,
Mount Kaputar National Park,Австралия,3.6817,1959-01-01T00:00:00Z,,
Mount Kaputar National Park,Австралия,36817,2008-01-01T00:00:00Z,,
Mount Kaputar National Park,Австралия,5.1303859375,2008-01-01T00:00:00Z,,
Mount Kaputar National Park,Австралия,3.6817,2008-01-01T00:00:00Z,,
Маунт-Кук (национальный парк),Новая Зеландия,7.0696,1953-01-01T00:00:00Z,,
Маунтс-Иглит — Бако,Филиппины,7.5445,1970-11-09T00:00:00Z,,Объект из предварительного списка Всемирного наследия
Маунтс-Иглит — Бако,Филиппины,7.5445,1970-11-09T00:00:00Z,,ASEAN Heritage Park
Mount Pulag National Park,Филиппины,0.1155,1987-02-20T00:00:00Z,,Объект из предварительного списка Всемирного наследия
Q1950916,Филиппины,113.25,1966-08-09T00:00:00Z,,
Murujuga National Park,Австралия,48.51,2013-01-01T00:00:00Z,,всемирное наследие
Marsabit National Reserve,Кения,13.73,,,
national parc of Dakhla,Марокко,188.8889,,,Объект из предварительного списка Всемирного наследия
Национальный парк Парнита,Греция,0.3812,,,
Oiti National Park,Греция,0.3685,1971-01-01T00:00:00Z,,
Sounio National Park,Греция,0.348,1974-01-01T00:00:00Z,,
Mpem and Djim National Park,Камерун,9.748,2004-05-12T00:00:00Z,,
Q25378334,Камерун,23.34,2012-01-01T00:00:00Z,,
Murujuga National Park,Австралия,0.491727201080322,2013-01-01T00:00:00Z,,всемирное наследие
Lake Bindegolly National Park,Австралия,1.25,1998-01-01T00:00:00Z,,
Lake Naujan National Park,Филиппины,130.11,1968-01-25T00:00:00Z,,
Walpole-Nornalup National Park,Австралия,1.49134697265625,1957-01-01T00:00:00Z,,
Walpole-Nornalup National Park,Австралия,0.0409691162109375,1957-01-01T00:00:00Z,,
Walpole-Nornalup National Park,Австралия,1.59,1957-01-01T00:00:00Z,,
Walpole-Nornalup National Park,Австралия,0.320920239257812,1957-01-01T00:00:00Z,,
Walpole-Nornalup National Park,Австралия,0.00136294541358948,1957-01-01T00:00:00Z,,
Walpole-Nornalup National Park,Австралия,1.49134697265625,1972-01-01T00:00:00Z,,
Walpole-Nornalup National Park,Австралия,0.0409691162109375,1972-01-01T00:00:00Z,,
Walpole-Nornalup National Park,Австралия,1.59,1972-01-01T00:00:00Z,,
Walpole-Nornalup National Park,Австралия,0.320920239257812,1972-01-01T00:00:00Z,,
Walpole-Nornalup National Park,Австралия,0.00136294541358948,1972-01-01T00:00:00Z,,
Walpole-Nornalup National Park,Австралия,1.49134697265625,1973-01-01T00:00:00Z,,
Walpole-Nornalup National Park,Австралия,0.0409691162109375,1973-01-01T00:00:00Z,,
Walpole-Nornalup National Park,Австралия,1.59,1973-01-01T00:00:00Z,,
Walpole-Nornalup National Park,Австралия,0.320920239257812,1973-01-01T00:00:00Z,,
Walpole-Nornalup National Park,Австралия,0.00136294541358948,1973-01-01T00:00:00Z,,
Walpole-Nornalup National Park,Австралия,1.49134697265625,2002-01-01T00:00:00Z,,
Walpole-Nornalup National Park,Австралия,0.0409691162109375,2002-01-01T00:00:00Z,,
Walpole-Nornalup National Park,Австралия,1.59,2002-01-01T00:00:00Z,,
Walpole-Nornalup National Park,Австралия,0.320920239257812,2002-01-01T00:00:00Z,,
Walpole-Nornalup National Park,Австралия,0.00136294541358948,2002-01-01T00:00:00Z,,
Воллеми,Австралия,0.0501703,1979-01-01T00:00:00Z,,
Воллеми,Австралия,50.238728125,1979-01-01T00:00:00Z,,
Воллеми,Австралия,0.0501703,2016-01-01T00:00:00Z,,
Воллеми,Австралия,50.238728125,2016-01-01T00:00:00Z,,
Ла Висит,Гаити,0.3,1983-01-01T00:00:00Z,,
Лобеке,Камерун,217854,1999-01-01T00:00:00Z,,часть объекта всемирного наследия
Намдапха,Индия,19.85,1974-01-01T00:00:00Z,,Объект из предварительного списка Всемирного наследия
Баянаульский национальный парк,Казахстан,68453,1985-08-12T00:00:00Z,,
Баянаульский национальный парк,СССР,68453,1985-08-12T00:00:00Z,,
Амакайаку,Колумбия,267241,1975-01-01T00:00:00Z,,
Линд (национальный парк),Австралия,1.37,1925-01-01T00:00:00Z,,
Линд (национальный парк),Австралия,0.135966101074219,1925-01-01T00:00:00Z,,
Линд (национальный парк),Австралия,1370,1925-01-01T00:00:00Z,,
Линд (национальный парк),Австралия,1.37,1956-01-01T00:00:00Z,,
Линд (национальный парк),Австралия,0.135966101074219,1956-01-01T00:00:00Z,,
Линд (национальный парк),Австралия,1370,1956-01-01T00:00:00Z,,
Springbrook National Park,Австралия,62.53,1990-01-01T00:00:00Z,,часть объекта всемирного наследия
Springbrook National Park,Австралия,2480,1990-01-01T00:00:00Z,,часть объекта всемирного наследия
Springbrook National Park,Австралия,0.650524658203125,1990-01-01T00:00:00Z,,часть объекта всемирного наследия
Springbrook National Park,Австралия,62.53,2016-01-01T00:00:00Z,,часть объекта всемирного наследия
Springbrook National Park,Австралия,2480,2016-01-01T00:00:00Z,,часть объекта всемирного наследия
Springbrook National Park,Австралия,0.650524658203125,2016-01-01T00:00:00Z,,часть объекта всемирного наследия
Semuc Champey,Гватемала,0.1849,2005-01-01T00:00:00Z,,
Ормтьернкампен,Норвегия,0.85,1968-06-14T00:00:00Z,,
Котопахи,Эквадор,33393,1975-08-11T00:00:00Z,,
Banco National Park,Кот-д’Ивуар,3438,1953-01-01T00:00:00Z,,
Rohkunborri National Park,Норвегия,55590.89111,2011-01-01T00:00:00Z,,
Q125588128,Куба,3.9826,2001-01-01T00:00:00Z,,
Østmarka National Park,Норвегия,0.54,2023-11-10T00:00:00Z,,
Национальный природный парк «Бабатаг»,Узбекистан,12064,2022-03-03T00:00:00Z,,
Cabo Froward National Park,Чили,121000,,,
Expedition National Park,Австралия,10.99,1991-01-01T00:00:00Z,,
Expedition National Park,Австралия,1.9401671875,2015-01-01T00:00:00Z,,
Mounts-Palay-Palay-Mataas-Na-Gulod National Park,Филиппины,39.95,1976-10-26T00:00:00Z,,
Севенны,Франция,9.35,1970-01-01T00:00:00Z,Sommet de Finiels,International Dark Sky Reserve
Севенны,Франция,91279,1970-01-01T00:00:00Z,Sommet de Finiels,International Dark Sky Reserve
Севенны,Франция,9.35,1970-09-02T00:00:00Z,Sommet de Finiels,International Dark Sky Reserve
Севенны,Франция,91279,1970-09-02T00:00:00Z,Sommet de Finiels,International Dark Sky Reserve
Eubenangee Swamp National Park,Австралия,0.193090502929687,1968-01-01T00:00:00Z,,
Eubenangee Swamp National Park,Австралия,0.193090502929687,2003-01-01T00:00:00Z,,
Southern Moreton Bay Islands National Park,Австралия,0.165572863769531,2000-01-01T00:00:00Z,,
Southern Moreton Bay Islands National Park,Австралия,16.46,2000-01-01T00:00:00Z,,
Southern Moreton Bay Islands National Park,Австралия,0.165572863769531,2008-01-01T00:00:00Z,,
Southern Moreton Bay Islands National Park,Австралия,16.46,2008-01-01T00:00:00Z,,
Fairlies Knob National Park,Австралия,299.47,1910-01-01T00:00:00Z,,
Fairlies Knob National Park,Австралия,299.47,2010-01-01T00:00:00Z,,
Family Islands National Park,Австралия,6.63,1994-01-01T00:00:00Z,,
Family Islands National Park,Австралия,0.06279013671875,1994-01-01T00:00:00Z,,
Family Islands National Park,Австралия,6.63,2013-01-01T00:00:00Z,,
Family Islands National Park,Австралия,0.06279013671875,2013-01-01T00:00:00Z,,
Стуре Моссе,Швеция,7410.69,1982-05-06T00:00:00Z,,
Kurrimine Beach National Park,Австралия,0.91,1977-01-01T00:00:00Z,,
Kurrimine Beach National Park,Австралия,0.91,1994-01-01T00:00:00Z,,
Varangerhalvøya National Park,Норвегия,18.04,2006-01-01T00:00:00Z,,
Varangerhalvøya National Park,Норвегия,181811039,2006-01-01T00:00:00Z,,
Great Basalt Wall National Park,Австралия,3.52,1987-01-01T00:00:00Z,,
Great Basalt Wall National Park,Австралия,3.52,1994-01-01T00:00:00Z,,
Сумбу (национальный парк),Замбия,20.2,,,
Finucane Island National Park,Австралия,7.61,2008-01-01T00:00:00Z,,
Фицджералд-Ривер,Австралия,295725.34007111,1973-01-01T00:00:00Z,,listed on the Australian National Heritage List
Фицджералд-Ривер,Австралия,29.4863168945313,1973-01-01T00:00:00Z,,listed on the Australian National Heritage List
Фицджералд-Ривер,Австралия,295725.34007111,1997-01-01T00:00:00Z,,listed on the Australian National Heritage List
Фицджералд-Ривер,Австралия,29.4863168945313,1997-01-01T00:00:00Z,,listed on the Australian National Heritage List
Fitzroy Island National Park,Австралия,0.0324,1939-01-01T00:00:00Z,,
Fitzroy Island National Park,Австралия,0.0324,2000-01-01T00:00:00Z,,
Уайт-Маунтинс (национальный парк),Австралия,11.1758953125,1990-01-01T00:00:00Z,,
Уайт-Маунтинс (национальный парк),Австралия,0.01122,1990-01-01T00:00:00Z,,
Уайт-Маунтинс (национальный парк),Австралия,11.1758953125,2009-01-01T00:00:00Z,,
Уайт-Маунтинс (национальный парк),Австралия,0.01122,2009-01-01T00:00:00Z,,
Катави,Танзания,44.71,1974-01-01T00:00:00Z,,
Терра-Нова,Канада,3.999,1957-01-01T00:00:00Z,,
Venman Bushland National Park,Австралия,0.0418399658203125,1995-01-01T00:00:00Z,,
Gennargentu National Park,Италия,73935,1998-01-01T00:00:00Z,,
Sibillini Mountains National Park,Италия,69722,1988-01-01T00:00:00Z,,
Sibillini Mountains National Park,Италия,6.97,1988-01-01T00:00:00Z,,
Sibillini Mountains National Park,Италия,69722,1993-01-01T00:00:00Z,,
Sibillini Mountains National Park,Италия,6.97,1993-01-01T00:00:00Z,,
Indravati National Park,Индия,12.58,1982-01-01T00:00:00Z,,
Кахуранги,Новая Зеландия,45.2,1996-01-01T00:00:00Z,,
Rincón de la Vieja National Park,Коста-Рика,1.4353,1973-01-01T00:00:00Z,,
Beninbi National Park,Австралия,25.86,2006-01-01T00:00:00Z,,
Форланде (национальный парк),Норвегия,462688.61131,1973-01-01T00:00:00Z,,Рамсарское угодье
National Park Åsnen,Швеция,483.02,2018-04-26T00:00:00Z,,Рамсарское угодье
Raet National Park,Норвегия,60915.92082,2016-12-16T00:00:00Z,,
Blå Jungfrun national park,Швеция,123.572,1926-03-05T00:00:00Z,,
Boyndaminup National Park,Австралия,54.39,2004-01-01T00:00:00Z,,
Dirk Hartog Island National Park,Австралия,6.26643515625,2009-01-01T00:00:00Z,,
Lake Muir National Park,Австралия,96.25,2004-01-01T00:00:00Z,,
Lake Muir National Park,Австралия,96.25,2004-12-01T00:00:00Z,,
Milyeannup National Park,Австралия,1.869790625,2004-01-01T00:00:00Z,,
Greater Dordagup National Park,Австралия,0.64101982421875,2004-01-01T00:00:00Z,,
Greater Kingston National Park,Австралия,2.111355078125,2004-01-01T00:00:00Z,,
Q56361537,Иран,78334,,,
Lofotodden National Park,Норвегия,9912.14765,2018-01-01T00:00:00Z,,
Pshav-Khevsureti National Park,Грузия,14.0044,2014-01-01T00:00:00Z,,
Dulombi National Park,Гвинея-Бисау,17.7,1991-01-01T00:00:00Z,,
Point Nepean National Park,Австралия,265,1988-12-01T00:00:00Z,,
Point Nepean National Park,Австралия,470,1988-12-01T00:00:00Z,,
Point Nepean National Park,Австралия,265,2005-01-01T00:00:00Z,,
Point Nepean National Park,Австралия,470,2005-01-01T00:00:00Z,,
Macquarie Pass National Park,Австралия,0.106407885742187,1969-12-03T00:00:00Z,,
Macquarie Pass National Park,Австралия,0.106407885742187,1974-01-01T00:00:00Z,,
Кампо-Маан (национальный парк),Камерун,26.4,1932-01-01T00:00:00Z,,Объект из предварительного списка Всемирного наследия
Canunda National Park,Австралия,0.93,1959-01-01T00:00:00Z,,
Canunda National Park,Австралия,0.95752939453125,1959-01-01T00:00:00Z,,
Canunda National Park,Австралия,0.93,1997-01-01T00:00:00Z,,
Canunda National Park,Австралия,0.95752939453125,1997-01-01T00:00:00Z,,
Cape Hillsborough National Park,Австралия,0.107437902832031,1985-01-01T00:00:00Z,,
Cape Hillsborough National Park,Австралия,0.107437902832031,2018-01-01T00:00:00Z,,
Cape Palmerston National Park,Австралия,7.2,1976-01-01T00:00:00Z,,
Cape Palmerston National Park,Австралия,0.7191876953125,1976-01-01T00:00:00Z,,
Cape Palmerston National Park,Австралия,7.2,1994-01-01T00:00:00Z,,
Cape Palmerston National Park,Австралия,0.7191876953125,1994-01-01T00:00:00Z,,
Кейп-Ле-Гранд,Австралия,3.089,1966-01-01T00:00:00Z,,
Кейп-Ле-Гранд,Австралия,3.089,1990-01-01T00:00:00Z,,
Кейп-Ле-Гранд,Австралия,3.089,1997-01-01T00:00:00Z,,
Capoompeta National Park,Австралия,42.97,1999-01-01T00:00:00Z,,
Capoompeta National Park,Австралия,42.97,2003-01-01T00:00:00Z,,
Capricorn Coast National Park,Австралия,0.0179952606201172,1992-01-01T00:00:00Z,,
Capricorn Coast National Park,Австралия,0.0179952606201172,2006-01-01T00:00:00Z,,
Национальный парк Анри Питтье,Венесуэла,10.7441,1937-02-13T00:00:00Z,,
Carnarvon National Park,Австралия,29.8,1932-01-01T00:00:00Z,,
Carnarvon National Park,Австралия,29.8,1994-01-01T00:00:00Z,,
Carrai National Park,Австралия,113.97,1999-01-01T00:00:00Z,,
Cascade National Park,Австралия,3.62,1999-01-01T00:00:00Z,,
Castle Tower National Park,Австралия,0.87448798828125,1932-01-01T00:00:00Z,,
Castle Tower National Park,Австралия,0.8511,1932-01-01T00:00:00Z,,
Castle Tower National Park,Австралия,0.87448798828125,2010-01-01T00:00:00Z,,
Castle Tower National Park,Австралия,0.8511,2010-01-01T00:00:00Z,,
Cataract National Park,Австралия,34.06,2003-01-01T00:00:00Z,,
Cataract National Park,Австралия,34.06,2006-01-01T00:00:00Z,,
Cathedral Rock National Park,Австралия,1.1071150390625,1978-01-01T00:00:00Z,,
Cathedral Rock National Park,Австралия,1.092,1978-01-01T00:00:00Z,,
Cathedral Rock National Park,Австралия,1.1071150390625,2013-01-01T00:00:00Z,,
Cathedral Rock National Park,Австралия,1.092,2013-01-01T00:00:00Z,,
Cattai National Park,Австралия,0,1992-01-01T00:00:00Z,,
Cavernas do Peruaçu National Park,Бразилия,56448,1999-01-01T00:00:00Z,,всемирное наследие
Cavernas do Peruaçu National Park,Бразилия,4440,1999-01-01T00:00:00Z,,всемирное наследие
Вестленд,Новая Зеландия,12.75,1960-01-01T00:00:00Z,,
Charles Darwin National Park,Австралия,1.35,1998-01-01T00:00:00Z,,
Charles Darwin National Park,Австралия,0.130280639648437,1998-01-01T00:00:00Z,,
El Cocuy National Park,Колумбия,305879,1977-01-01T00:00:00Z,,
Cherbourg National Park,Австралия,9.95,2006-01-01T00:00:00Z,,
Chesterton Range National Park,Австралия,3.0983232421875,1992-01-01T00:00:00Z,,
Chesterton Range National Park,Австралия,3.12,1992-01-01T00:00:00Z,,
Chesterton Range National Park,Австралия,3.0983232421875,1995-01-01T00:00:00Z,,
Chesterton Range National Park,Австралия,3.12,1995-01-01T00:00:00Z,,
Маунт-Аспайринг,Новая Зеландия,35.5,1964-01-01T00:00:00Z,,
Поллино,Италия,171132,1988-01-01T00:00:00Z,,
Chiltern-Mt Pilot National Park,Австралия,21650,2002-01-01T00:00:00Z,,
Национальный парк Читван,Непал,9.5263,1973-01-01T00:00:00Z,,всемирное наследие
Национальный парк Читван,Непал,9.32,1973-01-01T00:00:00Z,,всемирное наследие
Чизарира,Зимбабве,1.92,1975-01-01T00:00:00Z,,
Татры,Словакия,7.38,1949-01-01T00:00:00Z,,
Maiella National Park,Италия,62838,1991-12-06T00:00:00Z,,
Maiella National Park,Италия,74082,1991-12-06T00:00:00Z,,
Национальный парк острова Рождества,Австралия,0.85,1980-01-01T00:00:00Z,,
Национальный парк острова Рождества,Австралия,0.8777,1980-01-01T00:00:00Z,,
Азинара (национальный парк),Италия,0.517,1997-01-01T00:00:00Z,,
Азинара (национальный парк),Италия,5170,1997-01-01T00:00:00Z,,
Сила (национальный парк),Италия,73695,1997-01-01T00:00:00Z,,Объект из предварительного списка Всемирного наследия
Сила (национальный парк),Италия,7.37,1997-01-01T00:00:00Z,,Объект из предварительного списка Всемирного наследия
Лос-Невадос,Колумбия,61434.08,1973-01-01T00:00:00Z,,
Архипелаг Базаруто (национальный парк),Мозамбик,14.3,1971-01-01T00:00:00Z,,national park of Mozambique
Clump Mountain National Park,Австралия,312.41,1963-01-01T00:00:00Z,,
Clump Mountain National Park,Австралия,312.41,2010-01-01T00:00:00Z,,
Coalstoun Lakes National Park,Австралия,0.00263139095306397,1929-01-01T00:00:00Z,,
Coalstoun Lakes National Park,Австралия,0.00263139095306397,1994-01-01T00:00:00Z,,
Коббобуни,Австралия,18510,2008-01-01T00:00:00Z,,
Коббобуни,Австралия,18.51,2008-01-01T00:00:00Z,,
Коббобуни,Австралия,1.85254296875,2008-01-01T00:00:00Z,,
Morne Seychellois National Park,Сейшельские Острова,30.45,,,
Cocoparra National Park,Австралия,0.84,1969-12-03T00:00:00Z,,
Cocoparra National Park,Австралия,0.82987451171875,1969-12-03T00:00:00Z,,
Cocoparra National Park,Австралия,0.84,1983-01-01T00:00:00Z,,
Cocoparra National Park,Австралия,0.82987451171875,1983-01-01T00:00:00Z,,
Coffin Bay National Park,Австралия,3.106319921875,1982-01-01T00:00:00Z,,
Coffin Bay National Park,Австралия,3.106319921875,1999-01-01T00:00:00Z,,
Ватаму,Кения,0.1,1968-01-01T00:00:00Z,,
Ватаму,Кения,0.32,1968-01-01T00:00:00Z,,
Okomu National Park,Нигерия,197.12,1999-01-01T00:00:00Z,,
Manda National Park,Чад,11.4,1967-10-23T00:00:00Z,,
Collier Range National Park,Австралия,0.02351,1978-01-01T00:00:00Z,,
Collier Range National Park,Австралия,0.02351,1993-01-01T00:00:00Z,,
Доврефьель-Сунндалсфьелла,Норвегия,183006.14052,2002-01-01T00:00:00Z,,
Mount Aberdeen National Park,Австралия,2.98,1967-01-01T00:00:00Z,,
Mount Aberdeen National Park,Австралия,2.98,2010-01-01T00:00:00Z,,
Noosa National Park,Австралия,28.83,1939-01-01T00:00:00Z,,
Noosa National Park,Австралия,28.83,2007-01-01T00:00:00Z,,
Mount Chinghee National Park,Австралия,0.12586337890625,1975-01-01T00:00:00Z,,часть объекта всемирного наследия
Mount Chinghee National Park,Австралия,0.12586337890625,1994-01-01T00:00:00Z,,часть объекта всемирного наследия
Tregole National Park,Австралия,0.75759931640625,1995-01-01T00:00:00Z,,
Eurimbula National Park,Австралия,2.32909375,1977-01-01T00:00:00Z,,
Eurimbula National Park,Австралия,23.67,1977-01-01T00:00:00Z,,
Eurimbula National Park,Австралия,2.32909375,2009-01-01T00:00:00Z,,
Eurimbula National Park,Австралия,23.67,2009-01-01T00:00:00Z,,
Намбунг,Австралия,1.84,1968-01-01T00:00:00Z,,
Намбунг,Австралия,1.84,1979-01-01T00:00:00Z,,
Намбунг,Австралия,1.84,1995-01-01T00:00:00Z,,
Вояджерс,США,8.83,1975-01-01T00:00:00Z,,International Dark Sky Park
Camooweal Caves National Park,Австралия,1.375655078125,1988-01-01T00:00:00Z,,
Camooweal Caves National Park,Австралия,1.375655078125,1994-01-01T00:00:00Z,,
Macquarie Pass National Park,Австралия,1.06,1969-12-03T00:00:00Z,,
Macquarie Pass National Park,Австралия,1.06,1974-01-01T00:00:00Z,,
Cape Hillsborough National Park,Австралия,0.1074,1985-01-01T00:00:00Z,,
Cape Hillsborough National Park,Австралия,0.1074,2018-01-01T00:00:00Z,,
Cape Upstart National Park,Австралия,8.48,1969-01-01T00:00:00Z,,
Cape Upstart National Park,Австралия,0.85979462890625,1969-01-01T00:00:00Z,,
Capoompeta National Park,Австралия,0.427891455078125,1999-01-01T00:00:00Z,,
Capoompeta National Park,Австралия,0.427891455078125,2003-01-01T00:00:00Z,,
Capricorn Coast National Park,Австралия,1.75,1992-01-01T00:00:00Z,,
Capricorn Coast National Park,Австралия,1.75,2006-01-01T00:00:00Z,,
Capricornia Cays National Park,Австралия,1.8,1994-01-01T00:00:00Z,,
Capricornia Cays National Park,Австралия,0.0185438125610352,1994-01-01T00:00:00Z,,
Capricornia Cays National Park,Австралия,1.8,2014-01-01T00:00:00Z,,
Capricornia Cays National Park,Австралия,0.0185438125610352,2014-01-01T00:00:00Z,,
Caramoan National Park,Филиппины,3.16,1938-07-20T00:00:00Z,,
Carnarvon National Park,Австралия,30.10670625,1932-01-01T00:00:00Z,,
Carnarvon National Park,Австралия,30.10670625,1994-01-01T00:00:00Z,,
Carrai National Park,Австралия,1.13364404296875,1999-01-01T00:00:00Z,,
Cascade National Park,Австралия,0.360224267578125,1999-01-01T00:00:00Z,,
Cataract National Park,Австралия,0.346044384765625,2003-01-01T00:00:00Z,,
Cataract National Park,Австралия,0.346044384765625,2006-01-01T00:00:00Z,,
Cattai National Park,Австралия,0.42,1992-01-01T00:00:00Z,,
Cavernas do Peruaçu National Park,Бразилия,52009,1999-01-01T00:00:00Z,,всемирное наследие
Cavernas do Peruaçu National Park,Бразилия,5.6448,1999-01-01T00:00:00Z,,всемирное наследие
Cherbourg National Park,Австралия,0.0998022766113281,2006-01-01T00:00:00Z,,
Поллино,Италия,19.25,1988-01-01T00:00:00Z,,
Chiltern-Mt Pilot National Park,Австралия,4.32,2002-01-01T00:00:00Z,,
Chiltern-Mt Pilot National Park,Австралия,2.1666029296875,2002-01-01T00:00:00Z,,
Paparoa National Park,Новая Зеландия,3,1987-01-01T00:00:00Z,,
Озеро Ньяса,Малави,0.94,1980-01-01T00:00:00Z,,всемирное наследие
Озеро Ньяса,Малави,9400,1980-01-01T00:00:00Z,,всемирное наследие
Татры,Словакия,74291.396,1949-01-01T00:00:00Z,,
Черчилл,Австралия,271,1941-01-01T00:00:00Z,,
Черчилл,Австралия,271,1941-01-01T00:00:00Z,,
Черчилл,Австралия,0.0271844573974609,1941-01-01T00:00:00Z,,
Tunku Abdul Rahman National Park,Малайзия,4929,1974-01-01T00:00:00Z,,
Clump Mountain National Park,Австралия,0.0326029815673828,1963-01-01T00:00:00Z,,
Clump Mountain National Park,Австралия,0.0326029815673828,2010-01-01T00:00:00Z,,
Clyde River National Park,Австралия,0.1091,2000-01-01T00:00:00Z,,
Clyde River National Park,Австралия,0.126447668457031,2000-01-01T00:00:00Z,,
Clyde River National Park,Австралия,0.1091,2001-01-01T00:00:00Z,,
Clyde River National Park,Австралия,0.126447668457031,2001-01-01T00:00:00Z,,
Coalstoun Lakes National Park,Австралия,2.63,1929-01-01T00:00:00Z,,
Coalstoun Lakes National Park,Австралия,2.63,1994-01-01T00:00:00Z,,
Coffin Bay National Park,Австралия,3.1,1982-01-01T00:00:00Z,,
Coffin Bay National Park,Австралия,3.1,1999-01-01T00:00:00Z,,
Chad Basin National Park,Нигерия,0.02258,,,
Ватаму,Кения,0.42,1968-01-01T00:00:00Z,,
Камуку (национальный парк),Нигерия,0.0112,1999-01-01T00:00:00Z,,ключевые орнитологические территории
Collier Range National Park,Австралия,23.5222796875,1978-01-01T00:00:00Z,,
Collier Range National Park,Австралия,23.5222796875,1993-01-01T00:00:00Z,,
Доврефьель-Сунндалсфьелла,Норвегия,18.3,2002-01-01T00:00:00Z,,
Rohkunborri National Park,Норвегия,5.56,2011-01-01T00:00:00Z,,
National Park of Lakes Koronia-Volvi and the Macedonian Tempe,Греция,1.5928,2004-01-01T00:00:00Z,,
Pantelleria National Park,Италия,6640,2016-01-01T00:00:00Z,,
National Park Brijuni,Хорватия,0.339,,,
Дзумерка,Греция,8.2,,,
National park Bjeshkët e Nemuna,Республика Косово,6.2488,2012-12-26T00:00:00Z,,
National park Bjeshkët e Nemuna,Республика Косово,63028,2012-12-26T00:00:00Z,,
National Park Åsnen,Швеция,1386.195,2018-04-26T00:00:00Z,,Рамсарское угодье
National Park Åsnen,Швеция,1869.25,2018-04-26T00:00:00Z,,Рамсарское угодье
National Park Åsnen,Швеция,427.099,2018-04-26T00:00:00Z,,Рамсарское угодье
Xianju National Park,Китай,1.88,,,
Hollandse Duinen National Park,Нидерланды,4.5,,,
Nosy Hara National Park,Мадагаскар,125471,2005-01-01T00:00:00Z,,
Jomfruland national park,Норвегия,1.17,2016-01-01T00:00:00Z,,
Jomfruland national park,Норвегия,11693.73612,2016-01-01T00:00:00Z,,
Raet National Park,Норвегия,6.07,2016-12-16T00:00:00Z,,
Lomami National Park,Демократическая Республика Конго,0.08879,2016-07-07T00:00:00Z,,Объект из предварительного списка Всемирного наследия
Billy Barquedier National Park,Белиз,663,2001-01-01T00:00:00Z,,
Q28712662,Иран,29886,,,
Lucayan National Park,Багамские Острова,0.0784,,,
Q29106715,Куба,1.15,,,
Manglot National Park,Пакистан,710.628,1990-01-01T00:00:00Z,,
Q31068113,Иран,32572,,,
Blå Jungfrun national park,Швеция,21.61,1926-03-05T00:00:00Z,,
Blå Jungfrun national park,Швеция,189.56,1926-03-05T00:00:00Z,,
Blå Jungfrun national park,Швеция,65.98,1926-03-05T00:00:00Z,,
Gorgona Island National Park,Колумбия,60.12505,,,
Wandoo National Park,Австралия,444.81,1995-01-01T00:00:00Z,,
Wandoo National Park,Австралия,4.6367921875,1995-01-01T00:00:00Z,,
Wandoo National Park,Австралия,444.81,2004-01-01T00:00:00Z,,
Wandoo National Park,Австралия,4.6367921875,2004-01-01T00:00:00Z,,
Dalgarup National Park,Австралия,0.237867260742187,2004-01-01T00:00:00Z,,
Dalgarup National Park,Австралия,0.2374,2004-01-01T00:00:00Z,,
Blackwood River National Park,Австралия,204.77,2004-01-01T00:00:00Z,,
Blackwood River National Park,Австралия,2.0486453125,2004-01-01T00:00:00Z,,
Boorara-Gardner National Park,Австралия,1.101671484375,2004-01-01T00:00:00Z,,
Wooditjup National Park,Австралия,0.389165551757812,2004-01-01T00:00:00Z,,
Boyndaminup National Park,Австралия,0.5443251953125,2004-01-01T00:00:00Z,,
Dirk Hartog Island National Park,Австралия,629.28,2009-01-01T00:00:00Z,,
Yelverton National Park,Австралия,7.29,2004-01-01T00:00:00Z,,
Yelverton National Park,Австралия,0.0728028564453125,2004-01-01T00:00:00Z,,
Helena National Park,Австралия,1.22686669921875,1995-01-01T00:00:00Z,,
Helena National Park,Австралия,1.22686669921875,2004-01-01T00:00:00Z,,
Lawley River National Park,Австралия,1.7319068359375,2000-01-01T00:00:00Z,,
Lake Muir National Park,Австралия,0.96362333984375,2004-01-01T00:00:00Z,,
Lake Muir National Park,Австралия,0.96362333984375,2004-12-01T00:00:00Z,,
Whicher National Park,Австралия,63.43,2004-01-01T00:00:00Z,,
Whicher National Park,Австралия,0.635398876953125,2004-01-01T00:00:00Z,,
Forest Grove National Park,Австралия,0.137864465332031,2004-01-01T00:00:00Z,,
Easter National Park,Австралия,0.297687060546875,2004-01-01T00:00:00Z,,
Jane National Park,Австралия,0.68676689453125,2004-01-01T00:00:00Z,,
Greater Hawke National Park,Австралия,1.40088544921875,2004-01-01T00:00:00Z,,
Greater Kingston National Park,Австралия,210.92,2004-01-01T00:00:00Z,,
Arakoon National Park,Австралия,0.0146270767211914,2010-01-01T00:00:00Z,,
Arakoon National Park,Австралия,1.15,2010-01-01T00:00:00Z,,
Arakoon National Park,Австралия,0.0146270767211914,2013-01-01T00:00:00Z,,
Arakoon National Park,Австралия,1.15,2013-01-01T00:00:00Z,,
Bendick Murrell National Park,Австралия,0.186073889160156,2011-01-01T00:00:00Z,,
Bendick Murrell National Park,Австралия,17.84,2011-01-01T00:00:00Z,,
Гебель-Эльба,Египет,356,1986-01-01T00:00:00Z,,
Q48872015,Бразилия,79085,2017-01-01T00:00:00Z,,
Qianjiangyuan National Park,Китай,2.52,2016-01-01T00:00:00Z,,
Sage Mountain National Park,Великобритания,86,1964-01-01T00:00:00Z,,
заповедник Нахаль-Хермон,Израиль,1300,1977-01-01T00:00:00Z,,
Национальный парк Тарбагатай,Казахстан,143550.5,2018-06-27T00:00:00Z,,
Boé National Park,Гвинея-Бисау,13.1505,1980-01-01T00:00:00Z,,
Karkheh National Park,Иран,7476,,,
Mount Cameroon National Park,Камерун,5.8123,2009-12-18T00:00:00Z,,
Lofotodden National Park,Норвегия,0.99,2018-01-01T00:00:00Z,,
Ciervo de los Pantanos National Park,Аргентина,5588,2018-10-10T00:00:00Z,,
Iberá National Park,Аргентина,183500,2018-01-01T00:00:00Z,,
Green Mountain National Park,Великобритания,0.1022,,,
Q61000429,Бразилия,346909,2018-01-01T00:00:00Z,,
Hainan Tropical Rainforest National Park,Китай,42.69,,,
Q62391857,Гвинея,64.26,2017-01-01T00:00:00Z,,
Point Nepean National Park,Австралия,0.0542351196289063,1988-12-01T00:00:00Z,,
Point Nepean National Park,Австралия,578,1988-12-01T00:00:00Z,,
Point Nepean National Park,Австралия,0.0542351196289063,2005-01-01T00:00:00Z,,
Point Nepean National Park,Австралия,578,2005-01-01T00:00:00Z,,
Бойковщина,Украина,12240,2019-04-11T00:00:00Z,,
Varela,Гвинея-Бисау,0.8604,,,
Cufada,Гвинея-Бисау,8.9,,,
Каменская Сечь,Украина,12161.14,2019-04-11T00:00:00Z,,
Previously called Mafou Classified Forest National Park,Гвинея,5.24,0001-01-01T00:00:00Z,,
W National Park of Benin,Бенин,56.328,1954-01-01T00:00:00Z,,Рамсарское угодье
W National Park of Benin,Бенин,56.328,1954-01-01T00:00:00Z,,часть объекта всемирного наследия
Gumot National Park,Пакистан,27271,2004-01-01T00:00:00Z,,
Gumot National Park,Пакистан,52815,2004-01-01T00:00:00Z,,
Kala Chitta National Park,Пакистан,36965,2009-01-01T00:00:00Z,,
Shandur National Park,Пакистан,3312,2012-01-01T00:00:00Z,,
Deva Vatala National Park,Пакистан,52815,2009-01-01T00:00:00Z,,
Musk Deer National Park,Пакистан,52815,2009-01-01T00:00:00Z,,
Murree Kotli Sattian Kahuta National Park,Пакистан,57581,2009-01-01T00:00:00Z,,
Pir Lasura National Park,Пакистан,5625,2005-01-01T00:00:00Z,,
Mahseer National Park,Пакистан,4500,2010-01-01T00:00:00Z,,
Q125993818,Албания,0.128,1966-01-01T00:00:00Z,,
"Национальный природный парк ""Ягноб""",Таджикистан,57.5,2019-05-02T00:00:00Z,,
Siete Iglesias Municipal Ecological Conservation Area,Эквадор,1.6029,2006-01-01T00:00:00Z,,
Maputo National Park,Мозамбик,17.18,2021-12-07T00:00:00Z,,всемирное наследие
Laughing Bird Caye National Park,Белиз,4095,1996-01-01T00:00:00Z,,
Lizard Island National Park,Австралия,0.0937243957519531,1939-01-01T00:00:00Z,,
Lizard Island National Park,Австралия,0.0937243957519531,2000-01-01T00:00:00Z,,
Альтон (национальный парк),Австралия,0.0557966247558594,1973-01-01T00:00:00Z,,
Альтон (национальный парк),Австралия,0.0557966247558594,2001-01-01T00:00:00Z,,
Якури,Эквадор,4.8134,2009-01-01T00:00:00Z,,
Bania National Park,Австралия,3.286695703125,2008-01-01T00:00:00Z,,
Bania National Park,Австралия,331.1,2008-01-01T00:00:00Z,,
Bania National Park,Австралия,3.286695703125,2014-01-01T00:00:00Z,,
Bania National Park,Австралия,331.1,2014-01-01T00:00:00Z,,
Basilisk Range National Park,Австралия,2.21,2010-01-01T00:00:00Z,,
Basilisk Range National Park,Австралия,0.222133032226563,2010-01-01T00:00:00Z,,
Bellthorpe National Park,Австралия,0.7643125,2010-01-01T00:00:00Z,,
Bellthorpe National Park,Австралия,75.5,2010-01-01T00:00:00Z,,
Bellthorpe National Park,Австралия,0.7643125,2014-01-01T00:00:00Z,,
Bellthorpe National Park,Австралия,75.5,2014-01-01T00:00:00Z,,
Binya National Park,Австралия,1.33785693359375,2009-01-01T00:00:00Z,,
Binya National Park,Австралия,137.1,2009-01-01T00:00:00Z,,
Bluff Hill National Park,Австралия,18.06,2008-01-01T00:00:00Z,,
Bluff Hill National Park,Австралия,0.18110234375,2008-01-01T00:00:00Z,,
Белезма,Алжир,2.625,1984-01-01T00:00:00Z,,
Гурея,Алжир,0.208,1984-01-01T00:00:00Z,,
Тлемсен,Алжир,82.25,1993-01-01T00:00:00Z,,
Таза,Алжир,0.3807,1985-01-01T00:00:00Z,,
Мкомази,Танзания,33.06,1951-01-01T00:00:00Z,,
Dan Dan National Park,Австралия,16.45,2006-01-01T00:00:00Z,,
Dan Dan National Park,Австралия,0.164567883300781,2006-01-01T00:00:00Z,,
Deer Reserve National Park,Австралия,0.32262724609375,2006-01-01T00:00:00Z,,
Deer Reserve National Park,Австралия,32.28,2006-01-01T00:00:00Z,,
Esk National Park,Австралия,3.77,2006-01-01T00:00:00Z,,
Esk National Park,Австралия,0.0384386657714844,2006-01-01T00:00:00Z,,
Gadgarra National Park,Австралия,0.808305908203125,2010-01-01T00:00:00Z,,
Gadgarra National Park,Австралия,8.27,2010-01-01T00:00:00Z,,
Girringun National Park,Австралия,27.668971875,1992-01-01T00:00:00Z,,
Girringun National Park,Австралия,208.55,1992-01-01T00:00:00Z,,
Girringun National Park,Австралия,27.668971875,1994-01-01T00:00:00Z,,
Girringun National Park,Австралия,208.55,1994-01-01T00:00:00Z,,
Girringun National Park,Австралия,27.668971875,2017-01-01T00:00:00Z,,
Girringun National Park,Австралия,208.55,2017-01-01T00:00:00Z,,
Bandingilo National Park,Южный Судан,100,1992-01-01T00:00:00Z,,
Hampton National Park,Австралия,0.00038836784362793,2006-01-01T00:00:00Z,,
Hampton National Park,Австралия,3.88,2006-01-01T00:00:00Z,,
"Marine National Park, Gulf of Kutch",Индия,1.6289,1982-01-01T00:00:00Z,,
Kutch Bustard Sanctuary,Индия,0.02,1992-01-01T00:00:00Z,,
Pipeclay National Park,Австралия,0.00144658994674683,1963-01-01T00:00:00Z,,
Pipeclay National Park,Австралия,1.46,1963-01-01T00:00:00Z,,
Pipeclay National Park,Австралия,0.00144658994674683,2001-01-01T00:00:00Z,,
Pipeclay National Park,Австралия,1.46,2001-01-01T00:00:00Z,,
Claremont Isles National Park,Австралия,0.63,1989-01-01T00:00:00Z,,
Claremont Isles National Park,Австралия,0.00605429573059082,1989-01-01T00:00:00Z,,
Claremont Isles National Park,Австралия,0.63,2010-01-01T00:00:00Z,,
Claremont Isles National Park,Австралия,0.00605429573059082,2010-01-01T00:00:00Z,,
Чирчео,Италия,5616,1934-01-01T00:00:00Z,,
Чирчео,Италия,0.56,1934-01-01T00:00:00Z,,
Liwonde National Park,Малави,5.48,1973-01-01T00:00:00Z,,
Kelvin National Park,Австралия,0.263315380859375,2009-01-01T00:00:00Z,,
Kelvin National Park,Австралия,3.79,2009-01-01T00:00:00Z,,
Kelvin National Park,Австралия,0.263315380859375,2016-01-01T00:00:00Z,,
Kelvin National Park,Австралия,3.79,2016-01-01T00:00:00Z,,
Lagoa do Peixe National Park,Бразилия,3.44,1986-11-06T00:00:00Z,,Рамсарское угодье
Lagoa do Peixe National Park,Бразилия,32520,1986-11-06T00:00:00Z,,Рамсарское угодье
Lagoa do Peixe National Park,Бразилия,36716,1986-11-06T00:00:00Z,,Рамсарское угодье
Lagoa do Peixe National Park,Бразилия,4196,1986-11-06T00:00:00Z,,Рамсарское угодье
Îles Ehotilés National Park,Кот-д’Ивуар,1.05,1974-04-25T00:00:00Z,,Объект из предварительного списка Всемирного наследия
Koombooloomba National Park,Австралия,2.92477734375,2010-01-01T00:00:00Z,,
Koombooloomba National Park,Австралия,292.81,2010-01-01T00:00:00Z,,
Sandbanks National Park,Австралия,0.84,1989-01-01T00:00:00Z,,
Sandbanks National Park,Австралия,0.000721512079238892,1989-01-01T00:00:00Z,,
Sandbanks National Park,Австралия,0.84,2010-01-01T00:00:00Z,,
Sandbanks National Park,Австралия,0.000721512079238892,2010-01-01T00:00:00Z,,
Little Mulgrave National Park,Австралия,1.09,2010-01-01T00:00:00Z,,
Little Mulgrave National Park,Австралия,1.09675029296875,2010-01-01T00:00:00Z,,
Little Mulgrave National Park,Австралия,1.09,2011-01-01T00:00:00Z,,
Little Mulgrave National Park,Австралия,1.09675029296875,2011-01-01T00:00:00Z,,
Mount Mackay National Park,Австралия,0.368359936523438,2005-01-01T00:00:00Z,,
Mount Mackay National Park,Австралия,3.68,2005-01-01T00:00:00Z,,
Mount Spurgeon National Park,Австралия,11.94,2008-01-01T00:00:00Z,,
Mount Spurgeon National Park,Австралия,0.121729858398438,2008-01-01T00:00:00Z,,
Mount Windsor National Park,Австралия,43.82,2005-01-01T00:00:00Z,,
Mount Windsor National Park,Австралия,4.8927796875,2005-01-01T00:00:00Z,,
Mount Windsor National Park,Австралия,43.82,2018-01-01T00:00:00Z,,
Mount Windsor National Park,Австралия,4.8927796875,2018-01-01T00:00:00Z,,
Nairana National Park,Австралия,1.9380439453125,2003-01-01T00:00:00Z,,
Nairana National Park,Австралия,9.52,2003-01-01T00:00:00Z,,
Nairana National Park,Австралия,1.9380439453125,2014-01-01T00:00:00Z,,
Nairana National Park,Австралия,9.52,2014-01-01T00:00:00Z,,
Narkoola National Park,Австралия,117.99,2010-01-01T00:00:00Z,,
Narkoola National Park,Австралия,1.40367548828125,2010-01-01T00:00:00Z,,
Narkoola National Park,Австралия,117.99,2014-01-01T00:00:00Z,,
Narkoola National Park,Австралия,1.40367548828125,2014-01-01T00:00:00Z,,
Denham Group National Park,Австралия,9.07,1989-01-01T00:00:00Z,,
Denham Group National Park,Австралия,0.00640727844238281,1989-01-01T00:00:00Z,,
Denham Group National Park,Австралия,9.07,1999-01-01T00:00:00Z,,
Denham Group National Park,Австралия,0.00640727844238281,1999-01-01T00:00:00Z,,
Sir James Mitchell National Park,Австралия,0.0172984115600586,1969-01-01T00:00:00Z,,
Sir James Mitchell National Park,Австралия,2.47,1969-01-01T00:00:00Z,,
Songnisan National Park,Республика Корея,2745.41,1970-01-01T00:00:00Z,,
Corcovado National Park,Чили,400010.93,2005-01-01T00:00:00Z,,
Эйн-Хемед,Израиль,59,1968-01-11T00:00:00Z,,
Национальный парк верхнего Нигера,Гвинея,67.4,1952-01-01T00:00:00Z,,
Национальный парк верхнего Нигера,Гвинея,67.4,1997-01-01T00:00:00Z,,
Мтирала,Грузия,2.8126,2006-01-01T00:00:00Z,,часть объекта всемирного наследия
Mudlo National Park,Австралия,0.218704833984375,2007-01-01T00:00:00Z,,
Mudlo National Park,Австралия,21.92,2007-01-01T00:00:00Z,,
Murray River National Park,Австралия,1.36351220703125,1991-01-01T00:00:00Z,,
Murray River National Park,Австралия,130.96,1991-01-01T00:00:00Z,,
Murray River National Park,Австралия,1.36351220703125,2009-01-01T00:00:00Z,,
Murray River National Park,Австралия,130.96,2009-01-01T00:00:00Z,,
Minkébé National Park,Габон,75.35,1994-01-01T00:00:00Z,,Объект из предварительного списка Всемирного наследия
Nangur National Park,Австралия,18.13,2006-01-01T00:00:00Z,,
Nangur National Park,Австралия,0.181169921875,2006-01-01T00:00:00Z,,
Национальный парк архипелага Кабрера,Испания,91420.31253,1991-01-01T00:00:00Z,,
Национальный парк архипелага Кабрера,Испания,9.0794,1991-01-01T00:00:00Z,,
Национальный парк архипелага Кабрера,Испания,91420.31253,1991-04-29T00:00:00Z,,
Национальный парк архипелага Кабрера,Испания,9.0794,1991-04-29T00:00:00Z,,
Бабе,Вьетнам,1.0048,1992-01-01T00:00:00Z,,Объект из предварительного списка Всемирного наследия
Бабе,Вьетнам,1.0048,1992-01-01T00:00:00Z,,Рамсарское угодье
Карара (национальный парк),Коста-Рика,0.52,1978-01-01T00:00:00Z,,
Карара (национальный парк),Коста-Рика,0.52,1998-11-18T00:00:00Z,,
Dajti National Park,Албания,2.92169,1966-01-01T00:00:00Z,,
Dajti National Park,Албания,24723.1,1966-01-01T00:00:00Z,,
Fir of Drenovë National Park,Албания,0.138,1966-01-01T00:00:00Z,,
Fir of Drenovë National Park,Албания,1380,1966-01-01T00:00:00Z,,
Лимпопо (национальный парк),Мозамбик,100,2001-11-27T00:00:00Z,,national park of Mozambique
Монтань-д’Амбр,Мадагаскар,1.82,,,
Монфрагуэ,Испания,18009.96841,2007-03-02T00:00:00Z,,
Монфрагуэ,Испания,1.79,2007-03-02T00:00:00Z,,
Муранска Планина (национальный парк),Словакия,20331.373,1997-01-01T00:00:00Z,,
Муранска Планина (национальный парк),Словакия,2.0318,1997-01-01T00:00:00Z,,
Q1968953,Черногория,1.9,2007-01-01T00:00:00Z,,
Норра Квилль,Швеция,104.847,1927-06-03T00:00:00Z,,
Норра Квилль,Швеция,109.74,1927-06-03T00:00:00Z,,
Норра Квилль,Швеция,107.31,1927-06-03T00:00:00Z,,
Норра Квилль,Швеция,2.431,1927-06-03T00:00:00Z,,
Национальный парк Кафа Штама,Албания,2000,1996-01-01T00:00:00Z,,
Национальный парк Кафа Штама,Албания,0.2,1996-01-01T00:00:00Z,,
Restinga de Jurubatiba National Park,Бразилия,400,1998-04-29T00:00:00Z,,
Restinga de Jurubatiba National Park,Бразилия,14519,1998-04-29T00:00:00Z,,
Restinga de Jurubatiba National Park,Бразилия,14919,1998-04-29T00:00:00Z,,
Restinga de Jurubatiba National Park,Бразилия,14860,1998-04-29T00:00:00Z,,
Национальный парк Шебеник-Ябланица,Албания,3.39,2008-01-01T00:00:00Z,,
Национальный парк Шебеник-Ябланица,Албания,33927.7,2008-01-01T00:00:00Z,,
Q131136997,Белиз,38,1994-01-01T00:00:00Z,,
Q131137075,Белиз,859,1994-01-01T00:00:00Z,,
Q131137770,Белиз,3145,2001-01-01T00:00:00Z,,
Q131137811,Белиз,5130,2001-01-01T00:00:00Z,,
Q131137855,Белиз,3400,2011-01-01T00:00:00Z,,
National Garden Park,Монголия,183,2009-01-01T00:00:00Z,,
Q131456747,Уругвай,560,2024-11-13T00:00:00Z,,
Anacaona National Park,Доминиканская Республика,5.3893,2009-01-01T00:00:00Z,,
Kinabatangan Wildlife Sanctuary,Малайзия,2.7,1997-01-01T00:00:00Z,,
Кэмпбелл-Бэй,Индия,4.2623,1992-01-01T00:00:00Z,,
Балпакрам,Индия,3.52,1986-01-01T00:00:00Z,,
Пурасе,Колумбия,9184372,1968-01-01T00:00:00Z,,
Сингалила,Индия,0.786,1986-01-01T00:00:00Z,,национальный парк
Сингалила,Индия,0.786,1992-01-01T00:00:00Z,,национальный парк
Сингалила,Индия,0.786,1986-01-01T00:00:00Z,,ключевые орнитологические территории
Сингалила,Индия,0.786,1992-01-01T00:00:00Z,,ключевые орнитологические территории
Мукуртхи,Индия,0.7846,2001-01-01T00:00:00Z,,часть объекта всемирного наследия
Мукуртхи,Индия,7850,2001-01-01T00:00:00Z,,часть объекта всемирного наследия
Оранг,Индия,4.9246,1999-01-01T00:00:00Z,,
Nouabalé-Ndoki National Park,Республика Конго,406455,1993-01-01T00:00:00Z,,часть объекта всемирного наследия
Nouabalé-Ndoki National Park,Республика Конго,1787950,1993-01-01T00:00:00Z,,часть объекта всемирного наследия
Cross River National Park,Нигерия,0.04,1991-01-01T00:00:00Z,,
Conkouati-Douli National Park,Республика Конго,504950,1999-01-01T00:00:00Z,,Объект из предварительного списка Всемирного наследия
Фаральонес-де-Кали,Колумбия,205.27,1968-07-15T00:00:00Z,,
Rosario and San Bernardo Corals National Natural Park,Колумбия,123454.61,1977-01-01T00:00:00Z,,
Desert National Park,Индия,31.62,,,Объект из предварительного списка Всемирного наследия
