park,parkLabel,instanceType,instanceTypeLabel
http://www.wikidata.org/entity/Q488639,Taeanhaean National Park,http://www.wikidata.org/entity/Q179049,заповедник
http://www.wikidata.org/entity/Q488639,Taeanhaean National Park,http://www.wikidata.org/entity/Q473972,природоохранная зона
http://www.wikidata.org/entity/Q488639,Taeanhaean National Park,http://www.wikidata.org/entity/Q497829,национальный парк Южной Кореи
http://www.wikidata.org/entity/Q491005,Вёрджин-Айлендс,http://www.wikidata.org/entity/Q34918903,национальный парк США
http://www.wikidata.org/entity/Q491972,Mount William National Park,http://www.wikidata.org/entity/Q18618819,национальный парк Австралии
http://www.wikidata.org/entity/Q492359,Gulf of Chiriquí National Marine Park,http://www.wikidata.org/entity/Q63352727,marine national park
http://www.wikidata.org/entity/Q494689,Juwangsan National Park,http://www.wikidata.org/entity/Q473972,природоохранная зона
http://www.wikidata.org/entity/Q499550,Smith Islands National Park,http://www.wikidata.org/entity/Q18618819,национальный парк Австралии
http://www.wikidata.org/entity/Q499953,Southwood National Park,http://www.wikidata.org/entity/Q18618819,национальный парк Австралии
http://www.wikidata.org/entity/Q501344,Национальный парк Комоэ,http://www.wikidata.org/entity/Q22698,парк
http://www.wikidata.org/entity/Q501344,Национальный парк Комоэ,http://www.wikidata.org/entity/Q158454,биосферный заповедник ЮНЕСКО
http://www.wikidata.org/entity/Q503429,Джаспер,http://www.wikidata.org/entity/Q1896949,Национальные парки Канады
http://www.wikidata.org/entity/Q503429,Джаспер,http://www.wikidata.org/entity/Q3457162,парк тёмного неба
http://www.wikidata.org/entity/Q504315,Горы Сымен,http://www.wikidata.org/entity/Q22698,парк
http://www.wikidata.org/entity/Q519117,Savage River National Park,http://www.wikidata.org/entity/Q18618819,национальный парк Австралии
http://www.wikidata.org/entity/Q524956,Dorrigo National Park,http://www.wikidata.org/entity/Q18618819,национальный парк Австралии
http://www.wikidata.org/entity/Q526425,Idalia National Park,http://www.wikidata.org/entity/Q18618819,национальный парк Австралии
http://www.wikidata.org/entity/Q527914,Brindabella National Park,http://www.wikidata.org/entity/Q18618819,национальный парк Австралии
http://www.wikidata.org/entity/Q534596,Тель Беэр-Шева,http://www.wikidata.org/entity/Q755017,тепе
http://www.wikidata.org/entity/Q534596,Тель Беэр-Шева,http://www.wikidata.org/entity/Q839954,археологический памятник
http://www.wikidata.org/entity/Q536703,Архипелаг Маддалена,http://www.wikidata.org/entity/Q473972,природоохранная зона
http://www.wikidata.org/entity/Q536993,Грейтер-Бендиго,http://www.wikidata.org/entity/Q18618819,национальный парк Австралии
http://www.wikidata.org/entity/Q539925,Murray Valley National Park,http://www.wikidata.org/entity/Q18618819,национальный парк Австралии
http://www.wikidata.org/entity/Q541149,Hat Head National Park,http://www.wikidata.org/entity/Q18618819,национальный парк Австралии
http://www.wikidata.org/entity/Q541856,Каньонлендс,http://www.wikidata.org/entity/Q34918903,национальный парк США
http://www.wikidata.org/entity/Q541934,Chaelundi National Park,http://www.wikidata.org/entity/Q18618819,национальный парк Австралии
http://www.wikidata.org/entity/Q549295,Разна,http://www.wikidata.org/entity/Q15069452,охраняемая территория проекта Natura 2000
http://www.wikidata.org/entity/Q549411,Greenmount National Park,http://www.wikidata.org/entity/Q18618819,национальный парк Австралии
http://www.wikidata.org/entity/Q550389,Реюньон,http://www.wikidata.org/entity/Q943017,Список национальных парков Франции
http://www.wikidata.org/entity/Q559054,Туран,http://www.wikidata.org/entity/Q158454,биосферный заповедник ЮНЕСКО
http://www.wikidata.org/entity/Q559054,Туран,http://www.wikidata.org/entity/Q1377575,wildlife refuge
http://www.wikidata.org/entity/Q559054,Туран,http://www.wikidata.org/entity/Q18618822,national park of Iran
http://www.wikidata.org/entity/Q564482,Annan River (Yuku Baja-Muliku) National Park,http://www.wikidata.org/entity/Q18618819,национальный парк Австралии
http://www.wikidata.org/entity/Q568121,Лейк-Эйлдон,http://www.wikidata.org/entity/Q18618819,национальный парк Австралии
http://www.wikidata.org/entity/Q568264,Buila-Vânturarița National Park,http://www.wikidata.org/entity/Q473972,природоохранная зона
http://www.wikidata.org/entity/Q568521,Крепость Мигдаль Цедек,http://www.wikidata.org/entity/Q839954,археологический памятник
http://www.wikidata.org/entity/Q568521,Крепость Мигдаль Цедек,http://www.wikidata.org/entity/Q92275707,crusader castle
http://www.wikidata.org/entity/Q568521,Крепость Мигдаль Цедек,http://www.wikidata.org/entity/Q106468588,Jewish settlement in the land of Israel
http://www.wikidata.org/entity/Q570270,Lake Gairdner National Park,http://www.wikidata.org/entity/Q18618819,национальный парк Австралии
http://www.wikidata.org/entity/Q572064,Wadbilliga National Park,http://www.wikidata.org/entity/Q18618819,национальный парк Австралии
http://www.wikidata.org/entity/Q581646,Bladensburg National Park,http://www.wikidata.org/entity/Q18618819,национальный парк Австралии
http://www.wikidata.org/entity/Q581883,Mummel Gulf National Park,http://www.wikidata.org/entity/Q18618819,национальный парк Австралии
http://www.wikidata.org/entity/Q583518,Джорджиан-Бей-Айлендс,http://www.wikidata.org/entity/Q1896949,Национальные парки Канады
http://www.wikidata.org/entity/Q586786,Кейп-Рейндж,http://www.wikidata.org/entity/Q18618819,национальный парк Австралии
http://www.wikidata.org/entity/Q591878,Северный Велебит,http://www.wikidata.org/entity/Q158454,биосферный заповедник ЮНЕСКО
http://www.wikidata.org/entity/Q591878,Северный Велебит,http://www.wikidata.org/entity/Q473972,природоохранная зона
http://www.wikidata.org/entity/Q592741,Toro Toro National Park,http://www.wikidata.org/entity/Q2122699,Лагерштетт
http://www.wikidata.org/entity/Q592741,Toro Toro National Park,http://www.wikidata.org/entity/Q96592721,protected area of Bolivia
http://www.wikidata.org/entity/Q592870,Wild Cattle Island National Park,http://www.wikidata.org/entity/Q5478580,protected area of Queensland
http://www.wikidata.org/entity/Q592870,Wild Cattle Island National Park,http://www.wikidata.org/entity/Q18618819,национальный парк Австралии
http://www.wikidata.org/entity/Q597959,Туктут-Ногаит,http://www.wikidata.org/entity/Q1896949,Национальные парки Канады
http://www.wikidata.org/entity/Q600250,Garig Gunak Barlu National Park,http://www.wikidata.org/entity/Q18618819,национальный парк Австралии
http://www.wikidata.org/entity/Q605657,Гейтс-оф-те-Арктик,http://www.wikidata.org/entity/Q841646,национальный заказник
http://www.wikidata.org/entity/Q605657,Гейтс-оф-те-Арктик,http://www.wikidata.org/entity/Q34918903,национальный парк США
http://www.wikidata.org/entity/Q605897,Долина Цветов,http://www.wikidata.org/entity/Q158454,биосферный заповедник ЮНЕСКО
http://www.wikidata.org/entity/Q608315,Yarriabini National Park,http://www.wikidata.org/entity/Q18618819,национальный парк Австралии
http://www.wikidata.org/entity/Q609902,Катмай,http://www.wikidata.org/entity/Q841646,национальный заказник
http://www.wikidata.org/entity/Q609902,Катмай,http://www.wikidata.org/entity/Q34918903,национальный парк США
http://www.wikidata.org/entity/Q611989,Чако,http://www.wikidata.org/entity/Q6974775,национальный парк Аргентины
http://www.wikidata.org/entity/Q612901,Тайяталь,http://www.wikidata.org/entity/Q473972,природоохранная зона
http://www.wikidata.org/entity/Q614773,Walyunga National Park,http://www.wikidata.org/entity/Q18618819,национальный парк Австралии
http://www.wikidata.org/entity/Q625511,Arakwal National Park,http://www.wikidata.org/entity/Q18618819,национальный парк Австралии
http://www.wikidata.org/entity/Q629153,West Hill National Park,http://www.wikidata.org/entity/Q18618819,национальный парк Австралии
http://www.wikidata.org/entity/Q631183,Рисняк,http://www.wikidata.org/entity/Q473972,природоохранная зона
http://www.wikidata.org/entity/Q631183,Рисняк,http://www.wikidata.org/entity/Q15069452,охраняемая территория проекта Natura 2000
http://www.wikidata.org/entity/Q635414,Vesuvius National Park,http://www.wikidata.org/entity/Q473972,природоохранная зона
http://www.wikidata.org/entity/Q636823,Сент-Лоуренс-Айлендс,http://www.wikidata.org/entity/Q1896949,Национальные парки Канады
http://www.wikidata.org/entity/Q637968,Маунт-Ричмонд,http://www.wikidata.org/entity/Q18618819,национальный парк Австралии
http://www.wikidata.org/entity/Q640485,Юрё,http://www.wikidata.org/entity/Q1402592,группа островов
http://www.wikidata.org/entity/Q643478,Гай-Фокс-Ривер (национальный парк),http://www.wikidata.org/entity/Q18618819,национальный парк Австралии
http://www.wikidata.org/entity/Q643667,Национальный парк Аревик,http://www.wikidata.org/entity/Q1286517,природный ландшафт
http://www.wikidata.org/entity/Q799956,Bago Bluff National Park,http://www.wikidata.org/entity/Q18618819,национальный парк Австралии
http://www.wikidata.org/entity/Q804731,Bald Rock National Park,http://www.wikidata.org/entity/Q18618819,национальный парк Австралии
http://www.wikidata.org/entity/Q805409,Балликрой,http://www.wikidata.org/entity/Q1191622,Специальная область сохранения
http://www.wikidata.org/entity/Q806023,Ban Ban National Park,http://www.wikidata.org/entity/Q18618819,национальный парк Австралии
http://www.wikidata.org/entity/Q806454,Bangadilly National Park,http://www.wikidata.org/entity/Q18618819,национальный парк Австралии
http://www.wikidata.org/entity/Q807235,Barakee National Park,http://www.wikidata.org/entity/Q18618819,национальный парк Австралии
http://www.wikidata.org/entity/Q808426,Barnard Island Group National Park,http://www.wikidata.org/entity/Q18618819,национальный парк Австралии
http://www.wikidata.org/entity/Q808720,Barool National Park,http://www.wikidata.org/entity/Q18618819,национальный парк Австралии
http://www.wikidata.org/entity/Q808827,Barranyi (North Island) National Park,http://www.wikidata.org/entity/Q18618819,национальный парк Австралии
http://www.wikidata.org/entity/Q808934,Barrington Tops National Park,http://www.wikidata.org/entity/Q18618819,национальный парк Австралии
http://www.wikidata.org/entity/Q808968,Barron Gorge National Park,http://www.wikidata.org/entity/Q18618819,национальный парк Австралии
http://www.wikidata.org/entity/Q810277,Basket Swamp National Park,http://www.wikidata.org/entity/Q18618819,национальный парк Австралии
http://www.wikidata.org/entity/Q812025,Бау-Бау (национальный парк),http://www.wikidata.org/entity/Q18618819,национальный парк Австралии
http://www.wikidata.org/entity/Q814030,Greater Beedelup National Park,http://www.wikidata.org/entity/Q18618819,национальный парк Австралии
http://www.wikidata.org/entity/Q815431,Belford National Park,http://www.wikidata.org/entity/Q18618819,национальный парк Австралии
http://www.wikidata.org/entity/Q815977,Bellinger River National Park,http://www.wikidata.org/entity/Q18618819,национальный парк Австралии
http://www.wikidata.org/entity/Q816402,Ben Lomond National Park,http://www.wikidata.org/entity/Q18618819,национальный парк Австралии
http://www.wikidata.org/entity/Q816671,Benambra National Park,http://www.wikidata.org/entity/Q18618819,национальный парк Австралии
http://www.wikidata.org/entity/Q816681,Benarkin National Park,http://www.wikidata.org/entity/Q18618819,национальный парк Австралии
http://www.wikidata.org/entity/Q816780,Bendidee National Park,http://www.wikidata.org/entity/Q18618819,национальный парк Австралии
http://www.wikidata.org/entity/Q819281,Арбель,http://www.wikidata.org/entity/Q8502,гора
http://www.wikidata.org/entity/Q819281,Арбель,http://www.wikidata.org/entity/Q179049,заповедник
http://www.wikidata.org/entity/Q827519,Хартц-Маунтинс,http://www.wikidata.org/entity/Q18618819,национальный парк Австралии
http://www.wikidata.org/entity/Q827526,Mole Creek Karst National Park,http://www.wikidata.org/entity/Q18618819,национальный парк Австралии
http://www.wikidata.org/entity/Q827817,Науэль-Уапи,http://www.wikidata.org/entity/Q6974775,национальный парк Аргентины
http://www.wikidata.org/entity/Q827962,Перито-Морено,http://www.wikidata.org/entity/Q6974775,национальный парк Аргентины
http://www.wikidata.org/entity/Q828155,Национальный парк Крка,http://www.wikidata.org/entity/Q473972,природоохранная зона
http://www.wikidata.org/entity/Q828206,Lanín National Park,http://www.wikidata.org/entity/Q6974775,национальный парк Аргентины
http://www.wikidata.org/entity/Q828291,Национальный парк Лос-Алерсес,http://www.wikidata.org/entity/Q6974775,национальный парк Аргентины
http://www.wikidata.org/entity/Q828353,Лаго-Пуэло,http://www.wikidata.org/entity/Q6974775,национальный парк Аргентины
http://www.wikidata.org/entity/Q828404,Йохо,http://www.wikidata.org/entity/Q1896949,Национальные парки Канады
http://www.wikidata.org/entity/Q828531,Лагуна-Бланка (национальный парк),http://www.wikidata.org/entity/Q6974775,национальный парк Аргентины
http://www.wikidata.org/entity/Q828601,El Rey National Park,http://www.wikidata.org/entity/Q6974775,национальный парк Аргентины
http://www.wikidata.org/entity/Q828642,Río Pilcomayo National Park,http://www.wikidata.org/entity/Q6974775,национальный парк Аргентины
http://www.wikidata.org/entity/Q828709,Огненная Земля,http://www.wikidata.org/entity/Q6974775,национальный парк Аргентины
http://www.wikidata.org/entity/Q829012,Los Arrayanes National Park,http://www.wikidata.org/entity/Q6974775,национальный парк Аргентины
http://www.wikidata.org/entity/Q829128,Baritú National Park,http://www.wikidata.org/entity/Q6974775,национальный парк Аргентины
http://www.wikidata.org/entity/Q829228,Lihué Calel National Park,http://www.wikidata.org/entity/Q6974775,национальный парк Аргентины
http://www.wikidata.org/entity/Q829260,Калилегуа,http://www.wikidata.org/entity/Q6974775,национальный парк Аргентины
http://www.wikidata.org/entity/Q829305,Сьерра-де-лас-Кихадас,http://www.wikidata.org/entity/Q6974775,национальный парк Аргентины
http://www.wikidata.org/entity/Q829415,Aconquija National Park,http://www.wikidata.org/entity/Q6974775,национальный парк Аргентины
http://www.wikidata.org/entity/Q829474,Los Cardones National Park,http://www.wikidata.org/entity/Q6974775,национальный парк Аргентины
http://www.wikidata.org/entity/Q829648,Copo National Park,http://www.wikidata.org/entity/Q6974775,национальный парк Аргентины
http://www.wikidata.org/entity/Q829745,Сан-Гильермо,http://www.wikidata.org/entity/Q6974775,национальный парк Аргентины
http://www.wikidata.org/entity/Q829771,Mburucuyá National Park,http://www.wikidata.org/entity/Q6974775,национальный парк Аргентины
http://www.wikidata.org/entity/Q829805,Эль-Леонсито,http://www.wikidata.org/entity/Q6974775,национальный парк Аргентины
http://www.wikidata.org/entity/Q829872,Монте-Леон (национальный парк),http://www.wikidata.org/entity/Q6974775,национальный парк Аргентины
http://www.wikidata.org/entity/Q829966,Campos del Tuyú National Park,http://www.wikidata.org/entity/Q6974775,национальный парк Аргентины
http://www.wikidata.org/entity/Q830022,Islas de Santa Fé National Park,http://www.wikidata.org/entity/Q6974775,национальный парк Аргентины
http://www.wikidata.org/entity/Q830083,Bosques Petrificados de Jaramillo National Park,http://www.wikidata.org/entity/Q6974775,национальный парк Аргентины
http://www.wikidata.org/entity/Q830083,Bosques Petrificados de Jaramillo National Park,http://www.wikidata.org/entity/Q65640417,petrified forest
http://www.wikidata.org/entity/Q830099,South Bruny National Park,http://www.wikidata.org/entity/Q18618819,национальный парк Австралии
http://www.wikidata.org/entity/Q833116,Undara Volcanic National Park,http://www.wikidata.org/entity/Q18618819,национальный парк Австралии
http://www.wikidata.org/entity/Q834893,Национальный Парк Кинабалу,http://www.wikidata.org/entity/Q473972,природоохранная зона
http://www.wikidata.org/entity/Q836264,Кобук-Валли,http://www.wikidata.org/entity/Q34918903,национальный парк США
http://www.wikidata.org/entity/Q841503,Кенай-Фьордс,http://www.wikidata.org/entity/Q34918903,национальный парк США
http://www.wikidata.org/entity/Q843075,Американское Самоа,http://www.wikidata.org/entity/Q34918903,национальный парк США
http://www.wikidata.org/entity/Q847071,Warrumbungle National Park,http://www.wikidata.org/entity/Q18618819,национальный парк Австралии
http://www.wikidata.org/entity/Q847071,Warrumbungle National Park,http://www.wikidata.org/entity/Q38048753,natural cultural heritage site
http://www.wikidata.org/entity/Q847690,Национальный заповедник Гран-Парадизо,http://www.wikidata.org/entity/Q473972,природоохранная зона
http://www.wikidata.org/entity/Q855195,Биа,http://www.wikidata.org/entity/Q158454,биосферный заповедник ЮНЕСКО
http://www.wikidata.org/entity/Q855311,Biamanga National Park,http://www.wikidata.org/entity/Q18618819,национальный парк Австралии
http://www.wikidata.org/entity/Q861957,Наатсичо,http://www.wikidata.org/entity/Q1896949,Национальные парки Канады
http://www.wikidata.org/entity/Q862157,Архипелаг Минган,http://www.wikidata.org/entity/Q1896949,Национальные парки Канады
http://www.wikidata.org/entity/Q862260,Кучибогвак,http://www.wikidata.org/entity/Q1896949,Национальные парки Канады
http://www.wikidata.org/entity/Q862265,Маунт-Ревелсток,http://www.wikidata.org/entity/Q1896949,Национальные парки Канады
http://www.wikidata.org/entity/Q862271,Вунтут,http://www.wikidata.org/entity/Q1896949,Национальные парки Канады
http://www.wikidata.org/entity/Q862285,Гуаи-Хаанас,http://www.wikidata.org/entity/Q358,национальный объект культурного наследия
http://www.wikidata.org/entity/Q862285,Гуаи-Хаанас,http://www.wikidata.org/entity/Q1896949,Национальные парки Канады
http://www.wikidata.org/entity/Q862318,Уккусиксалик,http://www.wikidata.org/entity/Q1896949,Национальные парки Канады
http://www.wikidata.org/entity/Q863415,Bimberamala National Park,http://www.wikidata.org/entity/Q18618819,национальный парк Австралии
http://www.wikidata.org/entity/Q863555,Bindarri National Park,http://www.wikidata.org/entity/Q18618819,национальный парк Австралии
http://www.wikidata.org/entity/Q863775,Bingera National Park,http://www.wikidata.org/entity/Q18618819,национальный парк Австралии
http://www.wikidata.org/entity/Q864799,Национальный парк Шумава,http://www.wikidata.org/entity/Q473972,природоохранная зона
http://www.wikidata.org/entity/Q865438,Biriwal Bulga National Park,http://www.wikidata.org/entity/Q18618819,национальный парк Австралии
http://www.wikidata.org/entity/Q866080,Бискейн (национальный парк),http://www.wikidata.org/entity/Q34918903,национальный парк США
http://www.wikidata.org/entity/Q867361,"Национальный парк Чиленто, Валло-ди-Диано и Альбурни",http://www.wikidata.org/entity/Q158454,биосферный заповедник ЮНЕСКО
http://www.wikidata.org/entity/Q867361,"Национальный парк Чиленто, Валло-ди-Диано и Альбурни",http://www.wikidata.org/entity/Q473972,природоохранная зона
http://www.wikidata.org/entity/Q867361,"Национальный парк Чиленто, Валло-ди-Диано и Альбурни",http://www.wikidata.org/entity/Q1324355,геопарк
http://www.wikidata.org/entity/Q880717,Blackbraes National Park,http://www.wikidata.org/entity/Q18618819,национальный парк Австралии
http://www.wikidata.org/entity/Q880783,Blackdown Tableland National Park,http://www.wikidata.org/entity/Q18618819,национальный парк Австралии
http://www.wikidata.org/entity/Q885558,Голубые горы,http://www.wikidata.org/entity/Q3257686,обжитая местность
http://www.wikidata.org/entity/Q885558,Голубые горы,http://www.wikidata.org/entity/Q18618819,национальный парк Австралии
http://www.wikidata.org/entity/Q892405,Bongil Bongil National Park,http://www.wikidata.org/entity/Q18618819,национальный парк Австралии
http://www.wikidata.org/entity/Q893073,Boonoo Boonoo National Park,http://www.wikidata.org/entity/Q18618819,национальный парк Австралии
http://www.wikidata.org/entity/Q893086,Бураббин,http://www.wikidata.org/entity/Q18618819,национальный парк Австралии
http://www.wikidata.org/entity/Q893407,Border Ranges National Park,http://www.wikidata.org/entity/Q18618819,национальный парк Австралии
http://www.wikidata.org/entity/Q643818,Belair National Park,http://www.wikidata.org/entity/Q18618819,национальный парк Австралии
http://www.wikidata.org/entity/Q647206,Мадиди (национальный парк),http://www.wikidata.org/entity/Q96592721,protected area of Bolivia
http://www.wikidata.org/entity/Q647206,Мадиди (национальный парк),http://www.wikidata.org/entity/Q119173778,integrated management area (Bolivia)
http://www.wikidata.org/entity/Q647777,Ленсойс-Мараньенсис,http://www.wikidata.org/entity/Q9259,всемирное наследие
http://www.wikidata.org/entity/Q647777,Ленсойс-Мараньенсис,http://www.wikidata.org/entity/Q386426,природное наследие
http://www.wikidata.org/entity/Q650710,Ноэль-Кемпфф-Меркадо,http://www.wikidata.org/entity/Q96592721,protected area of Bolivia
http://www.wikidata.org/entity/Q654866,Церковь Святого Петра,http://www.wikidata.org/entity/Q16970,христианский храм
http://www.wikidata.org/entity/Q655191,Rocky Cape National Park,http://www.wikidata.org/entity/Q18618819,национальный парк Австралии
http://www.wikidata.org/entity/Q663484,Национальный парк Родна,http://www.wikidata.org/entity/Q473972,природоохранная зона
http://www.wikidata.org/entity/Q665459,Гвианская Амазония,http://www.wikidata.org/entity/Q943017,Список национальных парков Франции
http://www.wikidata.org/entity/Q667469,Шэннон (национальный парк),http://www.wikidata.org/entity/Q18618819,национальный парк Австралии
http://www.wikidata.org/entity/Q674231,Auburn River National Park,http://www.wikidata.org/entity/Q18618819,национальный парк Австралии
http://www.wikidata.org/entity/Q679568,Пурнулулу,http://www.wikidata.org/entity/Q7632426,Пригороды и районы (Австралия)
http://www.wikidata.org/entity/Q679568,Пурнулулу,http://www.wikidata.org/entity/Q18618819,национальный парк Австралии
http://www.wikidata.org/entity/Q679568,Пурнулулу,http://www.wikidata.org/entity/Q38048753,natural cultural heritage site
http://www.wikidata.org/entity/Q679891,Ниоколо-Коба,http://www.wikidata.org/entity/Q158454,биосферный заповедник ЮНЕСКО
http://www.wikidata.org/entity/Q679891,Ниоколо-Коба,http://www.wikidata.org/entity/Q18618841,national park of Senegal
http://www.wikidata.org/entity/Q680313,Alta Murgia National Park,http://www.wikidata.org/entity/Q473972,природоохранная зона
http://www.wikidata.org/entity/Q682401,Eudlo Creek National Park,http://www.wikidata.org/entity/Q18618819,национальный парк Австралии
http://www.wikidata.org/entity/Q686088,Ллогара,http://www.wikidata.org/entity/Q473972,природоохранная зона
http://www.wikidata.org/entity/Q696959,Snowy River National Park,http://www.wikidata.org/entity/Q18618819,национальный парк Австралии
http://www.wikidata.org/entity/Q700204,Нокберге,http://www.wikidata.org/entity/Q158454,биосферный заповедник ЮНЕСКО
http://www.wikidata.org/entity/Q702566,Саксонская Швейцария,http://www.wikidata.org/entity/Q473972,природоохранная зона
http://www.wikidata.org/entity/Q702566,Саксонская Швейцария,http://www.wikidata.org/entity/Q21815132,Nationalpark
http://www.wikidata.org/entity/Q707427,Тароко,http://www.wikidata.org/entity/Q22698,парк
http://www.wikidata.org/entity/Q712296,Озеро Кларк,http://www.wikidata.org/entity/Q841646,национальный заказник
http://www.wikidata.org/entity/Q712296,Озеро Кларк,http://www.wikidata.org/entity/Q34918903,национальный парк США
http://www.wikidata.org/entity/Q715124,Тейде (национальный парк),http://www.wikidata.org/entity/Q473972,природоохранная зона
http://www.wikidata.org/entity/Q715124,Тейде (национальный парк),http://www.wikidata.org/entity/Q1316973,национальный парк Испании
http://www.wikidata.org/entity/Q715124,Тейде (национальный парк),http://www.wikidata.org/entity/Q15069452,охраняемая территория проекта Natura 2000
http://www.wikidata.org/entity/Q724310,Тейден-Нене,http://www.wikidata.org/entity/Q1896949,Национальные парки Канады
http://www.wikidata.org/entity/Q726863,Дубль-Ве,http://www.wikidata.org/entity/Q158454,биосферный заповедник ЮНЕСКО
http://www.wikidata.org/entity/Q726863,Дубль-Ве,http://www.wikidata.org/entity/Q473972,природоохранная зона
http://www.wikidata.org/entity/Q733491,Neerabup National Park,http://www.wikidata.org/entity/Q18618819,национальный парк Австралии
http://www.wikidata.org/entity/Q735229,Порт-Кэмпбелл,http://www.wikidata.org/entity/Q18618819,национальный парк Австралии
http://www.wikidata.org/entity/Q738435,Пиренеи (национальный парк),http://www.wikidata.org/entity/Q473972,природоохранная зона
http://www.wikidata.org/entity/Q738435,Пиренеи (национальный парк),http://www.wikidata.org/entity/Q943017,Список национальных парков Франции
http://www.wikidata.org/entity/Q738582,Клуэйн,http://www.wikidata.org/entity/Q1896949,Национальные парки Канады
http://www.wikidata.org/entity/Q741557,Japoon National Park,http://www.wikidata.org/entity/Q18618819,национальный парк Австралии
http://www.wikidata.org/entity/Q741610,Ордеса-и-Монте-Пердидо,http://www.wikidata.org/entity/Q38062,Кола-де-Кабальо
http://www.wikidata.org/entity/Q741610,Ордеса-и-Монте-Пердидо,http://www.wikidata.org/entity/Q473972,природоохранная зона
http://www.wikidata.org/entity/Q741610,Ордеса-и-Монте-Пердидо,http://www.wikidata.org/entity/Q796174,site of community importance
http://www.wikidata.org/entity/Q741610,Ордеса-и-Монте-Пердидо,http://www.wikidata.org/entity/Q1316973,национальный парк Испании
http://www.wikidata.org/entity/Q741636,Койба,http://www.wikidata.org/entity/Q23442,остров
http://www.wikidata.org/entity/Q742315,Игуасу,http://www.wikidata.org/entity/Q9259,всемирное наследие
http://www.wikidata.org/entity/Q742315,Игуасу,http://www.wikidata.org/entity/Q386426,природное наследие
http://www.wikidata.org/entity/Q743754,Гауя,http://www.wikidata.org/entity/Q11876497,national park
http://www.wikidata.org/entity/Q743754,Гауя,http://www.wikidata.org/entity/Q15069452,охраняемая территория проекта Natura 2000
http://www.wikidata.org/entity/Q746452,Сидней-Харбор,http://www.wikidata.org/entity/Q18618819,национальный парк Австралии
http://www.wikidata.org/entity/Q748597,Рангел — Сент-Элайас,http://www.wikidata.org/entity/Q841646,национальный заказник
http://www.wikidata.org/entity/Q748597,Рангел — Сент-Элайас,http://www.wikidata.org/entity/Q34918903,национальный парк США
http://www.wikidata.org/entity/Q750485,Astrebla Downs National Park,http://www.wikidata.org/entity/Q473972,природоохранная зона
http://www.wikidata.org/entity/Q750485,Astrebla Downs National Park,http://www.wikidata.org/entity/Q18618819,национальный парк Австралии
http://www.wikidata.org/entity/Q751274,Lamington National Park,http://www.wikidata.org/entity/Q18618819,национальный парк Австралии
http://www.wikidata.org/entity/Q752218,Эмас,http://www.wikidata.org/entity/Q167946,Список национальных парков Бразилии
http://www.wikidata.org/entity/Q767661,Каркаралинский национальный парк,http://www.wikidata.org/entity/Q112128334,особо охраняемая природная территория республиканского значения Казахстана
http://www.wikidata.org/entity/Q771373,Билу,http://www.wikidata.org/entity/Q18618819,национальный парк Австралии
http://www.wikidata.org/entity/Q771612,Олавик (национальный парк),http://www.wikidata.org/entity/Q1896949,Национальные парки Канады
http://www.wikidata.org/entity/Q775595,Галф-Айлендс,http://www.wikidata.org/entity/Q1896949,Национальные парки Канады
http://www.wikidata.org/entity/Q777183,Роки-Маунтин,http://www.wikidata.org/entity/Q34918903,национальный парк США
http://www.wikidata.org/entity/Q778921,Аспромонте (национальный парк),http://www.wikidata.org/entity/Q473972,природоохранная зона
http://www.wikidata.org/entity/Q778921,Аспромонте (национальный парк),http://www.wikidata.org/entity/Q1324355,геопарк
http://www.wikidata.org/entity/Q789743,Ауюиттук (национальный парк),http://www.wikidata.org/entity/Q1896949,Национальные парки Канады
http://www.wikidata.org/entity/Q791260,Эйвон-Волли,http://www.wikidata.org/entity/Q18618819,национальный парк Австралии
http://www.wikidata.org/entity/Q791635,Аваш (национальный парк),http://www.wikidata.org/entity/Q22698,парк
http://www.wikidata.org/entity/Q795176,Кеджимкуджик,http://www.wikidata.org/entity/Q1896949,Национальные парки Канады
http://www.wikidata.org/entity/Q795190,Райдинг-Маунтин,http://www.wikidata.org/entity/Q1896949,Национальные парки Канады
http://www.wikidata.org/entity/Q795332,Сирмилик,http://www.wikidata.org/entity/Q1896949,Национальные парки Канады
http://www.wikidata.org/entity/Q799012,Бадгингарра,http://www.wikidata.org/entity/Q18618819,национальный парк Австралии
http://www.wikidata.org/entity/Q351,Йеллоустонский национальный парк,http://www.wikidata.org/entity/Q158454,биосферный заповедник ЮНЕСКО
http://www.wikidata.org/entity/Q351,Йеллоустонский национальный парк,http://www.wikidata.org/entity/Q570116,достопримечательность
http://www.wikidata.org/entity/Q351,Йеллоустонский национальный парк,http://www.wikidata.org/entity/Q17343829,невключённая община в США
http://www.wikidata.org/entity/Q351,Йеллоустонский национальный парк,http://www.wikidata.org/entity/Q34918903,национальный парк США
http://www.wikidata.org/entity/Q3627,Чиллаго-Мунгана Кейвс,http://www.wikidata.org/entity/Q2232001,экскурсионная пещера
http://www.wikidata.org/entity/Q3627,Чиллаго-Мунгана Кейвс,http://www.wikidata.org/entity/Q18618819,национальный парк Австралии
http://www.wikidata.org/entity/Q4111,Цзючжайгоу,http://www.wikidata.org/entity/Q39816,долина
http://www.wikidata.org/entity/Q4111,Цзючжайгоу,http://www.wikidata.org/entity/Q473972,природоохранная зона
http://www.wikidata.org/entity/Q23960,Grey Peaks National Park,http://www.wikidata.org/entity/Q18618819,национальный парк Австралии
http://www.wikidata.org/entity/Q24281,Halifax Bay Wetlands National Park,http://www.wikidata.org/entity/Q18618819,национальный парк Австралии
http://www.wikidata.org/entity/Q29723,Hasties Swamp National Park,http://www.wikidata.org/entity/Q18618819,национальный парк Австралии
http://www.wikidata.org/entity/Q40544,Национальный парк Ала-Арча,http://www.wikidata.org/entity/Q20602715,state nature national park of Kyrgyzstan
http://www.wikidata.org/entity/Q41858,Банф,http://www.wikidata.org/entity/Q1896949,Национальные парки Канады
http://www.wikidata.org/entity/Q42090,Los Haitises National Park,http://www.wikidata.org/entity/Q22698,парк
http://www.wikidata.org/entity/Q45933,Hann Tableland National Park,http://www.wikidata.org/entity/Q18618819,национальный парк Австралии
http://www.wikidata.org/entity/Q48567,Пики Европы (национальный парк),http://www.wikidata.org/entity/Q158454,биосферный заповедник ЮНЕСКО
http://www.wikidata.org/entity/Q48567,Пики Европы (национальный парк),http://www.wikidata.org/entity/Q473972,природоохранная зона
http://www.wikidata.org/entity/Q48567,Пики Европы (национальный парк),http://www.wikidata.org/entity/Q1316973,национальный парк Испании
http://www.wikidata.org/entity/Q48642,Fort Lytton National Park,http://www.wikidata.org/entity/Q2772772,военный музей
http://www.wikidata.org/entity/Q48642,Fort Lytton National Park,http://www.wikidata.org/entity/Q18618819,национальный парк Австралии
http://www.wikidata.org/entity/Q60167,Лувин-Натуралисте,http://www.wikidata.org/entity/Q18618819,национальный парк Австралии
http://www.wikidata.org/entity/Q65258,Sorkheh Hesar National Park,http://www.wikidata.org/entity/Q22746,городской парк
http://www.wikidata.org/entity/Q65258,Sorkheh Hesar National Park,http://www.wikidata.org/entity/Q6629955,лесопарк
http://www.wikidata.org/entity/Q65258,Sorkheh Hesar National Park,http://www.wikidata.org/entity/Q18618822,national park of Iran
http://www.wikidata.org/entity/Q68472,Грейт-Отуэй,http://www.wikidata.org/entity/Q18618819,национальный парк Австралии
http://www.wikidata.org/entity/Q79753,Сакликент,http://www.wikidata.org/entity/Q570116,достопримечательность
http://www.wikidata.org/entity/Q79753,Сакликент,http://www.wikidata.org/entity/Q108060568,national park
http://www.wikidata.org/entity/Q80343,Уэст-Кейп-Хоуи,http://www.wikidata.org/entity/Q18618819,национальный парк Австралии
http://www.wikidata.org/entity/Q80344,Олимп,http://www.wikidata.org/entity/Q8502,гора
http://www.wikidata.org/entity/Q80344,Олимп,http://www.wikidata.org/entity/Q158454,биосферный заповедник ЮНЕСКО
http://www.wikidata.org/entity/Q80344,Олимп,http://www.wikidata.org/entity/Q15069452,охраняемая территория проекта Natura 2000
http://www.wikidata.org/entity/Q82371,Semenic-Cheile Carașului National Park,http://www.wikidata.org/entity/Q473972,природоохранная зона
http://www.wikidata.org/entity/Q83397,Швейцарский национальный парк,http://www.wikidata.org/entity/Q473972,природоохранная зона
http://www.wikidata.org/entity/Q87172,Те Уревера,http://www.wikidata.org/entity/Q473972,природоохранная зона
http://www.wikidata.org/entity/Q87172,Те Уревера,http://www.wikidata.org/entity/Q1377575,wildlife refuge
http://www.wikidata.org/entity/Q113523,Королевский национальный парк,http://www.wikidata.org/entity/Q188509,пригород
http://www.wikidata.org/entity/Q113523,Королевский национальный парк,http://www.wikidata.org/entity/Q18618819,национальный парк Австралии
http://www.wikidata.org/entity/Q115591,Стерлинг-Рейндж,http://www.wikidata.org/entity/Q18618819,национальный парк Австралии
http://www.wikidata.org/entity/Q115591,Стерлинг-Рейндж,http://www.wikidata.org/entity/Q38048753,natural cultural heritage site
http://www.wikidata.org/entity/Q116715,Национальный парк Акагера,http://www.wikidata.org/entity/Q22698,парк
http://www.wikidata.org/entity/Q116715,Национальный парк Акагера,http://www.wikidata.org/entity/Q1139892,ключевые орнитологические территории
http://www.wikidata.org/entity/Q117583,Cabañeros National Park,http://www.wikidata.org/entity/Q473972,природоохранная зона
http://www.wikidata.org/entity/Q117583,Cabañeros National Park,http://www.wikidata.org/entity/Q1316973,национальный парк Испании
http://www.wikidata.org/entity/Q119528,Jardine River National Park,http://www.wikidata.org/entity/Q18618819,национальный парк Австралии
http://www.wikidata.org/entity/Q120414,Изало,http://www.wikidata.org/entity/Q20489083,национальный парк Мадагаскара
http://www.wikidata.org/entity/Q120765,Национальный парк «Остров Хинчинбрук»,http://www.wikidata.org/entity/Q18618819,национальный парк Австралии
http://www.wikidata.org/entity/Q122412,Blackwood National Park,http://www.wikidata.org/entity/Q18618819,национальный парк Австралии
http://www.wikidata.org/entity/Q123161,Woomargama National Park,http://www.wikidata.org/entity/Q18618819,национальный парк Австралии
http://www.wikidata.org/entity/Q129902,Капитол-Риф,http://www.wikidata.org/entity/Q893775,национальный памятник
http://www.wikidata.org/entity/Q129902,Капитол-Риф,http://www.wikidata.org/entity/Q34918903,национальный парк США
http://www.wikidata.org/entity/Q131875,Уда-Валаве (национальный парк),http://www.wikidata.org/entity/Q570116,достопримечательность
http://www.wikidata.org/entity/Q133502,Уоррен (национальный парк),http://www.wikidata.org/entity/Q18618819,национальный парк Австралии
http://www.wikidata.org/entity/Q137913,Lochern National Park,http://www.wikidata.org/entity/Q18618819,национальный парк Австралии
http://www.wikidata.org/entity/Q137917,Magnetic Island National Park,http://www.wikidata.org/entity/Q18618819,национальный парк Австралии
http://www.wikidata.org/entity/Q137928,Мазеппа,http://www.wikidata.org/entity/Q18618819,национальный парк Австралии
http://www.wikidata.org/entity/Q138096,Lindeman Islands National Park,http://www.wikidata.org/entity/Q18618819,национальный парк Австралии
http://www.wikidata.org/entity/Q138100,Mariala National Park,http://www.wikidata.org/entity/Q18618819,национальный парк Австралии
http://www.wikidata.org/entity/Q138104,Littabella National Park,http://www.wikidata.org/entity/Q18618819,национальный парк Австралии
http://www.wikidata.org/entity/Q145308,Woolooma National Park,http://www.wikidata.org/entity/Q18618819,национальный парк Австралии
http://www.wikidata.org/entity/Q152660,Секвойя,http://www.wikidata.org/entity/Q570116,достопримечательность
http://www.wikidata.org/entity/Q152660,Секвойя,http://www.wikidata.org/entity/Q17343829,невключённая община в США
http://www.wikidata.org/entity/Q152660,Секвойя,http://www.wikidata.org/entity/Q34918903,национальный парк США
http://www.wikidata.org/entity/Q152688,Торнгат-Маунтинс,http://www.wikidata.org/entity/Q1896949,Национальные парки Канады
http://www.wikidata.org/entity/Q152820,Кайахога-Валли,http://www.wikidata.org/entity/Q34918903,национальный парк США
http://www.wikidata.org/entity/Q155266,Cunnawarra National Park,http://www.wikidata.org/entity/Q18618819,национальный парк Австралии
http://www.wikidata.org/entity/Q163515,Айл-Ройал,http://www.wikidata.org/entity/Q158454,биосферный заповедник ЮНЕСКО
http://www.wikidata.org/entity/Q163515,Айл-Ройал,http://www.wikidata.org/entity/Q34918903,национальный парк США
http://www.wikidata.org/entity/Q165026,Girraween National Park,http://www.wikidata.org/entity/Q18618819,национальный парк Австралии
http://www.wikidata.org/entity/Q168372,Cheile Nerei-Beușnița National Park,http://www.wikidata.org/entity/Q473972,природоохранная зона
http://www.wikidata.org/entity/Q168421,Minerva Hills National Park,http://www.wikidata.org/entity/Q18618819,национальный парк Австралии
http://www.wikidata.org/entity/Q168618,Molle Islands National Park,http://www.wikidata.org/entity/Q18618819,национальный парк Австралии
http://www.wikidata.org/entity/Q174250,Вануаз,http://www.wikidata.org/entity/Q473972,природоохранная зона
http://www.wikidata.org/entity/Q174250,Вануаз,http://www.wikidata.org/entity/Q943017,Список национальных парков Франции
http://www.wikidata.org/entity/Q174656,Millstream Chichester National Park,http://www.wikidata.org/entity/Q18618819,национальный парк Австралии
http://www.wikidata.org/entity/Q174918,Эрринундра (национальный парк),http://www.wikidata.org/entity/Q18618819,национальный парк Австралии
http://www.wikidata.org/entity/Q175688,Конгари,http://www.wikidata.org/entity/Q34918903,национальный парк США
http://www.wikidata.org/entity/Q176872,Барма,http://www.wikidata.org/entity/Q18618819,национальный парк Австралии
http://www.wikidata.org/entity/Q180402,Йосемити,http://www.wikidata.org/entity/Q570116,достопримечательность
http://www.wikidata.org/entity/Q180402,Йосемити,http://www.wikidata.org/entity/Q17343829,невключённая община в США
http://www.wikidata.org/entity/Q180402,Йосемити,http://www.wikidata.org/entity/Q34918903,национальный парк США
http://www.wikidata.org/entity/Q181556,Брокмен (национальный парк),http://www.wikidata.org/entity/Q18618819,национальный парк Австралии
http://www.wikidata.org/entity/Q181891,Nullarbor National Park,http://www.wikidata.org/entity/Q18618819,национальный парк Австралии
http://www.wikidata.org/entity/Q191824,Редвуд,http://www.wikidata.org/entity/Q34918903,национальный парк США
http://www.wikidata.org/entity/Q198185,Moorrinya National Park,http://www.wikidata.org/entity/Q18618819,национальный парк Австралии
http://www.wikidata.org/entity/Q200521,Бримстоун-Хилл-Фортресс,http://www.wikidata.org/entity/Q54050,холм
http://www.wikidata.org/entity/Q200590,Иввавик,http://www.wikidata.org/entity/Q1896949,Национальные парки Канады
http://www.wikidata.org/entity/Q203368,Буджамулла,http://www.wikidata.org/entity/Q18618819,национальный парк Австралии
http://www.wikidata.org/entity/Q204931,Ретезат,http://www.wikidata.org/entity/Q158454,биосферный заповедник ЮНЕСКО
http://www.wikidata.org/entity/Q204931,Ретезат,http://www.wikidata.org/entity/Q473972,природоохранная зона
http://www.wikidata.org/entity/Q205325,Зайон,http://www.wikidata.org/entity/Q34918903,национальный парк США
http://www.wikidata.org/entity/Q205952,Хавайи-Волкейнос,http://www.wikidata.org/entity/Q17343829,невключённая община в США
http://www.wikidata.org/entity/Q205952,Хавайи-Волкейнос,http://www.wikidata.org/entity/Q34918903,национальный парк США
http://www.wikidata.org/entity/Q211816,Pioneer Peaks National Park,http://www.wikidata.org/entity/Q18618819,национальный парк Австралии
http://www.wikidata.org/entity/Q211819,Reliance Creek National Park,http://www.wikidata.org/entity/Q18618819,национальный парк Австралии
http://www.wikidata.org/entity/Q212019,Mount O'Connell National Park,http://www.wikidata.org/entity/Q18618819,национальный парк Австралии
http://www.wikidata.org/entity/Q212025,Mount Pinbarren National Park,http://www.wikidata.org/entity/Q18618819,национальный парк Австралии
http://www.wikidata.org/entity/Q212030,Mount Martin National Park,http://www.wikidata.org/entity/Q18618819,национальный парк Австралии
http://www.wikidata.org/entity/Q212134,Стаатен Ривер,http://www.wikidata.org/entity/Q18618819,национальный парк Австралии
http://www.wikidata.org/entity/Q215992,Лос-Гласьярес,http://www.wikidata.org/entity/Q6974775,национальный парк Аргентины
http://www.wikidata.org/entity/Q217136,Денали,http://www.wikidata.org/entity/Q158454,биосферный заповедник ЮНЕСКО
http://www.wikidata.org/entity/Q222695,Гранд-Титон,http://www.wikidata.org/entity/Q34918903,национальный парк США
http://www.wikidata.org/entity/Q223969,Арки,http://www.wikidata.org/entity/Q570116,достопримечательность
http://www.wikidata.org/entity/Q223969,Арки,http://www.wikidata.org/entity/Q34918903,национальный парк США
http://www.wikidata.org/entity/Q237128,Меса-Верде,http://www.wikidata.org/entity/Q839954,археологический памятник
http://www.wikidata.org/entity/Q237128,Меса-Верде,http://www.wikidata.org/entity/Q1497375,архитектурный ансамбль
http://www.wikidata.org/entity/Q237128,Меса-Верде,http://www.wikidata.org/entity/Q17343829,невключённая община в США
http://www.wikidata.org/entity/Q237128,Меса-Верде,http://www.wikidata.org/entity/Q34918903,национальный парк США
http://www.wikidata.org/entity/Q239264,Dulcie Range National Park,http://www.wikidata.org/entity/Q18618819,национальный парк Австралии
http://www.wikidata.org/entity/Q241960,Cheile Bicazului-Hășmaș National Park,http://www.wikidata.org/entity/Q473972,природоохранная зона
http://www.wikidata.org/entity/Q242681,Мамонтова пещера,http://www.wikidata.org/entity/Q158454,биосферный заповедник ЮНЕСКО
http://www.wikidata.org/entity/Q242681,Мамонтова пещера,http://www.wikidata.org/entity/Q2232001,экскурсионная пещера
http://www.wikidata.org/entity/Q242681,Мамонтова пещера,http://www.wikidata.org/entity/Q17343829,невключённая община в США
http://www.wikidata.org/entity/Q242681,Мамонтова пещера,http://www.wikidata.org/entity/Q34918903,национальный парк США
http://www.wikidata.org/entity/Q248825,Peak Charles National Park,http://www.wikidata.org/entity/Q18618819,национальный парк Австралии
http://www.wikidata.org/entity/Q253517,Кейп-Бретон-Хайлендс,http://www.wikidata.org/entity/Q1896949,Национальные парки Канады
http://www.wikidata.org/entity/Q254556,Conondale National Park,http://www.wikidata.org/entity/Q18618819,национальный парк Австралии
http://www.wikidata.org/entity/Q255449,Moresby Range National Park,http://www.wikidata.org/entity/Q18618819,национальный парк Австралии
http://www.wikidata.org/entity/Q256022,Wyperfeld National Park,http://www.wikidata.org/entity/Q18618819,национальный парк Австралии
http://www.wikidata.org/entity/Q257598,Грос-Морн,http://www.wikidata.org/entity/Q1896949,Национальные парки Канады
http://www.wikidata.org/entity/Q261577,Глейшер-Бей,http://www.wikidata.org/entity/Q158454,биосферный заповедник ЮНЕСКО
http://www.wikidata.org/entity/Q261577,Глейшер-Бей,http://www.wikidata.org/entity/Q841646,национальный заказник
http://www.wikidata.org/entity/Q261577,Глейшер-Бей,http://www.wikidata.org/entity/Q34918903,национальный парк США
http://www.wikidata.org/entity/Q267394,Серра-да-Капивара,http://www.wikidata.org/entity/Q9259,всемирное наследие
http://www.wikidata.org/entity/Q267394,Серра-да-Капивара,http://www.wikidata.org/entity/Q386426,природное наследие
http://www.wikidata.org/entity/Q271087,Ондердален,http://www.wikidata.org/entity/Q23442,остров
http://www.wikidata.org/entity/Q273195,Карлсбадские пещеры,http://www.wikidata.org/entity/Q2232001,экскурсионная пещера
http://www.wikidata.org/entity/Q273195,Карлсбадские пещеры,http://www.wikidata.org/entity/Q34918903,национальный парк США
http://www.wikidata.org/entity/Q274131,Эверглейдс,http://www.wikidata.org/entity/Q570116,достопримечательность
http://www.wikidata.org/entity/Q274131,Эверглейдс,http://www.wikidata.org/entity/Q34918903,национальный парк США
http://www.wikidata.org/entity/Q283482,Пукаскуа,http://www.wikidata.org/entity/Q1896949,Национальные парки Канады
http://www.wikidata.org/entity/Q305949,Петрифайд-Форест,http://www.wikidata.org/entity/Q17343829,невключённая община в США
http://www.wikidata.org/entity/Q305949,Петрифайд-Форест,http://www.wikidata.org/entity/Q34918903,национальный парк США
http://www.wikidata.org/entity/Q306193,Острова Чаннел,http://www.wikidata.org/entity/Q158454,биосферный заповедник ЮНЕСКО
http://www.wikidata.org/entity/Q306193,Острова Чаннел,http://www.wikidata.org/entity/Q34918903,национальный парк США
http://www.wikidata.org/entity/Q306216,Бэдлендс,http://www.wikidata.org/entity/Q34918903,национальный парк США
http://www.wikidata.org/entity/Q309276,Гренландский национальный парк,http://www.wikidata.org/entity/Q158454,биосферный заповедник ЮНЕСКО
http://www.wikidata.org/entity/Q309276,Гренландский национальный парк,http://www.wikidata.org/entity/Q179049,заповедник
http://www.wikidata.org/entity/Q309276,Гренландский национальный парк,http://www.wikidata.org/entity/Q473972,природоохранная зона
http://www.wikidata.org/entity/Q309276,Гренландский национальный парк,http://www.wikidata.org/entity/Q52994899,unincorporated area of Greenland
http://www.wikidata.org/entity/Q317226,Anárjohka National Park,http://www.wikidata.org/entity/Q7251280,охраняемые природные территории Норвегии
http://www.wikidata.org/entity/Q319327,национальный парк Аберкромби-Ривер,http://www.wikidata.org/entity/Q18618819,национальный парк Австралии
http://www.wikidata.org/entity/Q328488,Салонга,http://www.wikidata.org/entity/Q199403,влажные тропические леса
http://www.wikidata.org/entity/Q328577,Таи,http://www.wikidata.org/entity/Q158454,биосферный заповедник ЮНЕСКО
http://www.wikidata.org/entity/Q337028,Гирский лес,http://www.wikidata.org/entity/Q179049,заповедник
http://www.wikidata.org/entity/Q358729,Валь-Гранде (национальный парк),http://www.wikidata.org/entity/Q473972,природоохранная зона
http://www.wikidata.org/entity/Q368670,Mebbin National Park,http://www.wikidata.org/entity/Q18618819,национальный парк Австралии
http://www.wikidata.org/entity/Q370501,Гуадалупе-Маунтинс,http://www.wikidata.org/entity/Q34918903,национальный парк США
http://www.wikidata.org/entity/Q372093,Олимпик,http://www.wikidata.org/entity/Q34918903,национальный парк США
http://www.wikidata.org/entity/Q373567,Глейшер,http://www.wikidata.org/entity/Q158454,биосферный заповедник ЮНЕСКО
http://www.wikidata.org/entity/Q373567,Глейшер,http://www.wikidata.org/entity/Q34918903,национальный парк США
http://www.wikidata.org/entity/Q376436,Викос-Аоос,http://www.wikidata.org/entity/Q1191622,Специальная область сохранения
http://www.wikidata.org/entity/Q376436,Викос-Аоос,http://www.wikidata.org/entity/Q53444003,Глобальный геопарк ЮНЕСКО
http://www.wikidata.org/entity/Q379080,Форт Иисус,http://www.wikidata.org/entity/Q1785071,форт
http://www.wikidata.org/entity/Q379080,Форт Иисус,http://www.wikidata.org/entity/Q84015776,historic landmark
http://www.wikidata.org/entity/Q382227,Gargano National Park,http://www.wikidata.org/entity/Q473972,природоохранная зона
http://www.wikidata.org/entity/Q384739,Вильсонс-Промонтори,http://www.wikidata.org/entity/Q18618819,национальный парк Австралии
http://www.wikidata.org/entity/Q385269,Dunggir National Park,http://www.wikidata.org/entity/Q18618819,национальный парк Австралии
http://www.wikidata.org/entity/Q385655,Стены Иерусалима,http://www.wikidata.org/entity/Q18618819,национальный парк Австралии
http://www.wikidata.org/entity/Q388279,Пор-Кро (национальный парк),http://www.wikidata.org/entity/Q473972,природоохранная зона
http://www.wikidata.org/entity/Q388279,Пор-Кро (национальный парк),http://www.wikidata.org/entity/Q943017,Список национальных парков Франции
http://www.wikidata.org/entity/Q390208,Дельта Салума,http://www.wikidata.org/entity/Q18618841,national park of Senegal
http://www.wikidata.org/entity/Q390208,Дельта Салума,http://www.wikidata.org/entity/Q72082844,protected area section
http://www.wikidata.org/entity/Q391338,Вуд-Баффало,http://www.wikidata.org/entity/Q1896949,Национальные парки Канады
http://www.wikidata.org/entity/Q391338,Вуд-Баффало,http://www.wikidata.org/entity/Q3457162,парк тёмного неба
http://www.wikidata.org/entity/Q391391,Наханни,http://www.wikidata.org/entity/Q1896949,Национальные парки Канады
http://www.wikidata.org/entity/Q422935,Nuga Nuga National Park,http://www.wikidata.org/entity/Q18618819,национальный парк Австралии
http://www.wikidata.org/entity/Q423134,Newry Islands National Park,http://www.wikidata.org/entity/Q18618819,национальный парк Австралии
http://www.wikidata.org/entity/Q426073,Ikara-Flinders Ranges National Park,http://www.wikidata.org/entity/Q18618819,национальный парк Австралии
http://www.wikidata.org/entity/Q441861,Whitsunday Islands National Park,http://www.wikidata.org/entity/Q18618819,национальный парк Австралии
http://www.wikidata.org/entity/Q441890,Литл-Дезерт,http://www.wikidata.org/entity/Q18618819,национальный парк Австралии
http://www.wikidata.org/entity/Q442279,Кейп-Эрид,http://www.wikidata.org/entity/Q18618819,национальный парк Австралии
http://www.wikidata.org/entity/Q446220,Таннел-Крик (национальный парк),http://www.wikidata.org/entity/Q18618819,национальный парк Австралии
http://www.wikidata.org/entity/Q447047,Национальный парк Алтын-Эмель,http://www.wikidata.org/entity/Q112128334,особо охраняемая природная территория республиканского значения Казахстана
http://www.wikidata.org/entity/Q453513,Amamoor National Park,http://www.wikidata.org/entity/Q18618819,национальный парк Австралии
http://www.wikidata.org/entity/Q457882,Glass House Mountains National Park,http://www.wikidata.org/entity/Q18618819,национальный парк Австралии
http://www.wikidata.org/entity/Q463141,Доньяна,http://www.wikidata.org/entity/Q158454,биосферный заповедник ЮНЕСКО
http://www.wikidata.org/entity/Q463141,Доньяна,http://www.wikidata.org/entity/Q288142,European Diploma of Protected Areas
http://www.wikidata.org/entity/Q463141,Доньяна,http://www.wikidata.org/entity/Q473972,природоохранная зона
http://www.wikidata.org/entity/Q463141,Доньяна,http://www.wikidata.org/entity/Q796174,site of community importance
http://www.wikidata.org/entity/Q463141,Доньяна,http://www.wikidata.org/entity/Q1191622,Специальная область сохранения
http://www.wikidata.org/entity/Q463141,Доньяна,http://www.wikidata.org/entity/Q1316973,национальный парк Испании
http://www.wikidata.org/entity/Q463141,Доньяна,http://www.wikidata.org/entity/Q2463705,особая природоохранная зона ЕС по защите птиц
http://www.wikidata.org/entity/Q463141,Доньяна,http://www.wikidata.org/entity/Q19683138,Рамсарское угодье
http://www.wikidata.org/entity/Q464004,Национальный парк Грейт-Смоки-Маунтинс,http://www.wikidata.org/entity/Q34918903,национальный парк США
http://www.wikidata.org/entity/Q464942,Гарахонай,http://www.wikidata.org/entity/Q473972,природоохранная зона
http://www.wikidata.org/entity/Q464942,Гарахонай,http://www.wikidata.org/entity/Q1316973,национальный парк Испании
http://www.wikidata.org/entity/Q465811,Национальная аллея,http://www.wikidata.org/entity/Q174782,площадь
http://www.wikidata.org/entity/Q465811,Национальная аллея,http://www.wikidata.org/entity/Q207934,аллея
http://www.wikidata.org/entity/Q472929,Хасселл (национальный парк),http://www.wikidata.org/entity/Q18618819,национальный парк Австралии
http://www.wikidata.org/entity/Q473256,Кинглейк (национальный парк),http://www.wikidata.org/entity/Q18618819,национальный парк Австралии
http://www.wikidata.org/entity/Q476446,Экрен,http://www.wikidata.org/entity/Q473972,природоохранная зона
http://www.wikidata.org/entity/Q476446,Экрен,http://www.wikidata.org/entity/Q943017,Список национальных парков Франции
http://www.wikidata.org/entity/Q477399,Michaelmas and Upolu Cays National Park,http://www.wikidata.org/entity/Q18618819,национальный парк Австралии
http://www.wikidata.org/entity/Q484112,Тадохэхэсан,http://www.wikidata.org/entity/Q1367500,охраняемая морская зона
http://www.wikidata.org/entity/Q894672,Kamay Botany Bay National Park,http://www.wikidata.org/entity/Q18618819,национальный парк Австралии
http://www.wikidata.org/entity/Q894991,Bouddi National Park,http://www.wikidata.org/entity/Q18618819,национальный парк Австралии
http://www.wikidata.org/entity/Q895450,Bowling Green Bay National Park,http://www.wikidata.org/entity/Q18618819,национальный парк Австралии
http://www.wikidata.org/entity/Q897598,Brampton Islands National Park,http://www.wikidata.org/entity/Q18618819,национальный парк Австралии
http://www.wikidata.org/entity/Q902778,Уотертон-Лейкс,http://www.wikidata.org/entity/Q1896949,Национальные парки Канады
http://www.wikidata.org/entity/Q903323,Кутеней,http://www.wikidata.org/entity/Q1896949,Национальные парки Канады
http://www.wikidata.org/entity/Q906973,Murramarang National Park,http://www.wikidata.org/entity/Q18618819,национальный парк Австралии
http://www.wikidata.org/entity/Q913099,Иродион,http://www.wikidata.org/entity/Q839954,археологический памятник
http://www.wikidata.org/entity/Q913099,Иродион,http://www.wikidata.org/entity/Q1814183,Список национальных парков Израиля
http://www.wikidata.org/entity/Q917644,Брисбен-Рэнджес,http://www.wikidata.org/entity/Q18618819,национальный парк Австралии
http://www.wikidata.org/entity/Q917653,Brisbane Water National Park,http://www.wikidata.org/entity/Q18618819,национальный парк Австралии
http://www.wikidata.org/entity/Q917801,Geikie Gorge National Park,http://www.wikidata.org/entity/Q18618819,национальный парк Австралии
http://www.wikidata.org/entity/Q918062,Drysdale River National Park,http://www.wikidata.org/entity/Q18618819,национальный парк Австралии
http://www.wikidata.org/entity/Q918064,William Bay National Park,http://www.wikidata.org/entity/Q18618819,национальный парк Австралии
http://www.wikidata.org/entity/Q918256,Witjira National Park,http://www.wikidata.org/entity/Q18618819,национальный парк Австралии
http://www.wikidata.org/entity/Q918615,Дайамантина (национальный парк),http://www.wikidata.org/entity/Q18618819,национальный парк Австралии
http://www.wikidata.org/entity/Q920056,Lincoln National Park,http://www.wikidata.org/entity/Q18618819,национальный парк Австралии
http://www.wikidata.org/entity/Q921082,Национальный морской парк Закинфа,http://www.wikidata.org/entity/Q1367500,охраняемая морская зона
http://www.wikidata.org/entity/Q921508,Finke Gorge National Park,http://www.wikidata.org/entity/Q18618819,национальный парк Австралии
http://www.wikidata.org/entity/Q921864,Broad Sound Islands National Park,http://www.wikidata.org/entity/Q18618819,национальный парк Австралии
http://www.wikidata.org/entity/Q922823,Broadwater National Park,http://www.wikidata.org/entity/Q18618819,национальный парк Австралии
http://www.wikidata.org/entity/Q922898,Кишкуншаг,http://www.wikidata.org/entity/Q158454,биосферный заповедник ЮНЕСКО
http://www.wikidata.org/entity/Q922898,Кишкуншаг,http://www.wikidata.org/entity/Q20526152,national park
http://www.wikidata.org/entity/Q924190,Mount Hypipamee National Park,http://www.wikidata.org/entity/Q18618819,национальный парк Австралии
http://www.wikidata.org/entity/Q924315,Culgoa National Park,http://www.wikidata.org/entity/Q18618819,национальный парк Австралии
http://www.wikidata.org/entity/Q925214,Тасман,http://www.wikidata.org/entity/Q18618819,национальный парк Австралии
http://www.wikidata.org/entity/Q927997,Kati Thanda-Lake Eyre National Park,http://www.wikidata.org/entity/Q18618819,национальный парк Австралии
http://www.wikidata.org/entity/Q928618,Brook Islands National Park,http://www.wikidata.org/entity/Q18618819,национальный парк Австралии
http://www.wikidata.org/entity/Q930677,Freycinet National Park,http://www.wikidata.org/entity/Q18618819,национальный парк Австралии
http://www.wikidata.org/entity/Q932535,Watagans National Park,http://www.wikidata.org/entity/Q18618819,национальный парк Австралии
http://www.wikidata.org/entity/Q932736,Национальный парк Вулканов,http://www.wikidata.org/entity/Q158454,биосферный заповедник ЮНЕСКО
http://www.wikidata.org/entity/Q932736,Национальный парк Вулканов,http://www.wikidata.org/entity/Q1139892,ключевые орнитологические территории
http://www.wikidata.org/entity/Q932964,Национальный парк Янчеп,http://www.wikidata.org/entity/Q18618819,национальный парк Австралии
http://www.wikidata.org/entity/Q934161,Cania Gorge National Park,http://www.wikidata.org/entity/Q18618819,национальный парк Австралии
http://www.wikidata.org/entity/Q935435,Национальный парк Лаука,http://www.wikidata.org/entity/Q158454,биосферный заповедник ЮНЕСКО
http://www.wikidata.org/entity/Q936482,Murray - Sunset National Park,http://www.wikidata.org/entity/Q18618819,национальный парк Австралии
http://www.wikidata.org/entity/Q936623,Кингс-Каньон,http://www.wikidata.org/entity/Q17343829,невключённая община в США
http://www.wikidata.org/entity/Q936623,Кингс-Каньон,http://www.wikidata.org/entity/Q34918903,национальный парк США
http://www.wikidata.org/entity/Q938754,Ferntree Creek National Park,http://www.wikidata.org/entity/Q18618819,национальный парк Австралии
http://www.wikidata.org/entity/Q940680,Марайа-Айленд,http://www.wikidata.org/entity/Q18618819,национальный парк Австралии
http://www.wikidata.org/entity/Q944329,Маунт-Рейнир,http://www.wikidata.org/entity/Q34918903,национальный парк США
http://www.wikidata.org/entity/Q944542,Монга,http://www.wikidata.org/entity/Q18618819,национальный парк Австралии
http://www.wikidata.org/entity/Q944803,Garigal National Park,http://www.wikidata.org/entity/Q18618819,национальный парк Австралии
http://www.wikidata.org/entity/Q948585,Heathcote National Park,http://www.wikidata.org/entity/Q18618819,национальный парк Австралии
http://www.wikidata.org/entity/Q951837,Татра (национальный парк),http://www.wikidata.org/entity/Q18618819,национальный парк Австралии
http://www.wikidata.org/entity/Q953920,Weddin Mountains National Park,http://www.wikidata.org/entity/Q18618819,национальный парк Австралии
http://www.wikidata.org/entity/Q956929,Budderoo National Park,http://www.wikidata.org/entity/Q18618819,национальный парк Австралии
http://www.wikidata.org/entity/Q957573,Serpentine National Park,http://www.wikidata.org/entity/Q18618819,национальный парк Австралии
http://www.wikidata.org/entity/Q958003,Велька-Фатра (национальный парк),http://www.wikidata.org/entity/Q473972,природоохранная зона
http://www.wikidata.org/entity/Q958322,Стокс (национальный парк),http://www.wikidata.org/entity/Q18618819,национальный парк Австралии
http://www.wikidata.org/entity/Q958356,Лесьюр (национальный парк),http://www.wikidata.org/entity/Q18618819,национальный парк Австралии
http://www.wikidata.org/entity/Q958356,Лесьюр (национальный парк),http://www.wikidata.org/entity/Q38048753,natural cultural heritage site
http://www.wikidata.org/entity/Q958913,Goold Island National Park,http://www.wikidata.org/entity/Q18618819,национальный парк Австралии
http://www.wikidata.org/entity/Q962373,Дальбю Сёдерскуг,http://www.wikidata.org/entity/Q1211122,лиственный лес
http://www.wikidata.org/entity/Q964116,Масуала (национальный парк),http://www.wikidata.org/entity/Q20489083,национальный парк Мадагаскара
http://www.wikidata.org/entity/Q965639,Terrick Terrick National Park,http://www.wikidata.org/entity/Q18618819,национальный парк Австралии
http://www.wikidata.org/entity/Q967541,Юго-Западный национальный парк,http://www.wikidata.org/entity/Q158454,биосферный заповедник ЮНЕСКО
http://www.wikidata.org/entity/Q967541,Юго-Западный национальный парк,http://www.wikidata.org/entity/Q18618819,национальный парк Австралии
http://www.wikidata.org/entity/Q972962,Sturt National Park,http://www.wikidata.org/entity/Q18618819,национальный парк Австралии
http://www.wikidata.org/entity/Q974898,Toonumbar National Park,http://www.wikidata.org/entity/Q18618819,национальный парк Австралии
http://www.wikidata.org/entity/Q975250,Бутринти (национальный парк),http://www.wikidata.org/entity/Q473972,природоохранная зона
http://www.wikidata.org/entity/Q977310,Mount Cook National Park,http://www.wikidata.org/entity/Q18618819,национальный парк Австралии
http://www.wikidata.org/entity/Q977942,Girramay National Park,http://www.wikidata.org/entity/Q18618819,национальный парк Австралии
http://www.wikidata.org/entity/Q980061,Д’Антркасто (национальный парк),http://www.wikidata.org/entity/Q18618819,национальный парк Австралии
http://www.wikidata.org/entity/Q980397,Ghin-Doo-Ee National Park,http://www.wikidata.org/entity/Q18618819,национальный парк Австралии
http://www.wikidata.org/entity/Q985228,Frankland Group National Park,http://www.wikidata.org/entity/Q18618819,национальный парк Австралии
http://www.wikidata.org/entity/Q985251,Macalister Range National Park,http://www.wikidata.org/entity/Q18618819,национальный парк Австралии
http://www.wikidata.org/entity/Q991459,Брус,http://www.wikidata.org/entity/Q1896949,Национальные парки Канады
http://www.wikidata.org/entity/Q991459,Брус,http://www.wikidata.org/entity/Q3457162,парк тёмного неба
http://www.wikidata.org/entity/Q993154,Томорр (национальный парк),http://www.wikidata.org/entity/Q473972,природоохранная зона
http://www.wikidata.org/entity/Q997788,Isla Gorge National Park,http://www.wikidata.org/entity/Q18618819,национальный парк Австралии
http://www.wikidata.org/entity/Q999301,Dryander National Park,http://www.wikidata.org/entity/Q18618819,национальный парк Австралии
http://www.wikidata.org/entity/Q1000715,Budawang National Park,http://www.wikidata.org/entity/Q18618819,национальный парк Австралии
http://www.wikidata.org/entity/Q1001900,Buffalo National Park,http://www.wikidata.org/entity/Q1896949,Национальные парки Канады
http://www.wikidata.org/entity/Q1002547,Bugong National Park,http://www.wikidata.org/entity/Q18618819,национальный парк Австралии
http://www.wikidata.org/entity/Q1003529,Bulburin National Park,http://www.wikidata.org/entity/Q18618819,национальный парк Австралии
http://www.wikidata.org/entity/Q1004326,Bulleringa National Park,http://www.wikidata.org/entity/Q18618819,национальный парк Австралии
http://www.wikidata.org/entity/Q1009360,Bundjalung National Park,http://www.wikidata.org/entity/Q18618819,национальный парк Австралии
http://www.wikidata.org/entity/Q1009440,Bungawalbin National Park,http://www.wikidata.org/entity/Q18618819,национальный парк Австралии
http://www.wikidata.org/entity/Q1009486,Bungonia National Park,http://www.wikidata.org/entity/Q18618819,национальный парк Австралии
http://www.wikidata.org/entity/Q1010032,Bunya Mountains National Park,http://www.wikidata.org/entity/Q18618819,национальный парк Австралии
http://www.wikidata.org/entity/Q1010980,Бельвуар,http://www.wikidata.org/entity/Q839954,археологический памятник
http://www.wikidata.org/entity/Q1010980,Бельвуар,http://www.wikidata.org/entity/Q92275707,crusader castle
http://www.wikidata.org/entity/Q1016604,Burleigh Head National Park,http://www.wikidata.org/entity/Q18618819,национальный парк Австралии
http://www.wikidata.org/entity/Q1016934,Бурроуа-Пайн-Маунтин,http://www.wikidata.org/entity/Q18618819,национальный парк Австралии
http://www.wikidata.org/entity/Q1016942,Burrum Coast National Park,http://www.wikidata.org/entity/Q18618819,национальный парк Австралии
http://www.wikidata.org/entity/Q1018112,Butterleaf National Park,http://www.wikidata.org/entity/Q18618819,национальный парк Австралии
http://www.wikidata.org/entity/Q1018500,Byfield National Park,http://www.wikidata.org/entity/Q18618819,национальный парк Австралии
http://www.wikidata.org/entity/Q1028479,Guadeloupe National Park,http://www.wikidata.org/entity/Q158454,биосферный заповедник ЮНЕСКО
http://www.wikidata.org/entity/Q1028479,Guadeloupe National Park,http://www.wikidata.org/entity/Q473972,природоохранная зона
http://www.wikidata.org/entity/Q1028479,Guadeloupe National Park,http://www.wikidata.org/entity/Q943017,Список национальных парков Франции
http://www.wikidata.org/entity/Q1029674,Camooweal Caves National Park,http://www.wikidata.org/entity/Q18618819,национальный парк Австралии
http://www.wikidata.org/entity/Q1030926,Macquarie Pass National Park,http://www.wikidata.org/entity/Q18618819,национальный парк Австралии
http://www.wikidata.org/entity/Q1033936,Canunda National Park,http://www.wikidata.org/entity/Q18618819,национальный парк Австралии
http://www.wikidata.org/entity/Q1034237,Cape Hillsborough National Park,http://www.wikidata.org/entity/Q18618819,национальный парк Австралии
http://www.wikidata.org/entity/Q1034246,Cape Palmerston National Park,http://www.wikidata.org/entity/Q18618819,национальный парк Австралии
http://www.wikidata.org/entity/Q1034249,Cape Upstart National Park,http://www.wikidata.org/entity/Q18618819,национальный парк Австралии
http://www.wikidata.org/entity/Q1034253,Кейп-Ле-Гранд,http://www.wikidata.org/entity/Q358,национальный объект культурного наследия
http://www.wikidata.org/entity/Q1034253,Кейп-Ле-Гранд,http://www.wikidata.org/entity/Q18618819,национальный парк Австралии
http://www.wikidata.org/entity/Q1034802,Capoompeta National Park,http://www.wikidata.org/entity/Q18618819,национальный парк Австралии
http://www.wikidata.org/entity/Q1034936,Capricorn Coast National Park,http://www.wikidata.org/entity/Q18618819,национальный парк Австралии
http://www.wikidata.org/entity/Q1034937,Capricornia Cays National Park,http://www.wikidata.org/entity/Q18618819,национальный парк Австралии
http://www.wikidata.org/entity/Q1043894,Carnarvon National Park,http://www.wikidata.org/entity/Q18618819,национальный парк Австралии
http://www.wikidata.org/entity/Q1044858,Carrai National Park,http://www.wikidata.org/entity/Q18618819,национальный парк Австралии
http://www.wikidata.org/entity/Q1046851,Cascade National Park,http://www.wikidata.org/entity/Q18618819,национальный парк Австралии
http://www.wikidata.org/entity/Q1049361,Castle Tower National Park,http://www.wikidata.org/entity/Q18618819,национальный парк Австралии
http://www.wikidata.org/entity/Q1050363,Cataract National Park,http://www.wikidata.org/entity/Q18618819,национальный парк Австралии
http://www.wikidata.org/entity/Q1050857,Cathedral Rock National Park,http://www.wikidata.org/entity/Q18618819,национальный парк Австралии
http://www.wikidata.org/entity/Q1051319,Cattai National Park,http://www.wikidata.org/entity/Q18618819,национальный парк Австралии
http://www.wikidata.org/entity/Q1051873,Cavernas do Peruaçu National Park,http://www.wikidata.org/entity/Q9259,всемирное наследие
http://www.wikidata.org/entity/Q1063366,Charles Darwin National Park,http://www.wikidata.org/entity/Q18618819,национальный парк Австралии
http://www.wikidata.org/entity/Q1068068,El Cocuy National Park,http://www.wikidata.org/entity/Q35666,ледник
http://www.wikidata.org/entity/Q1068068,El Cocuy National Park,http://www.wikidata.org/entity/Q46831,горный хребет
http://www.wikidata.org/entity/Q1068068,El Cocuy National Park,http://www.wikidata.org/entity/Q54050,холм
http://www.wikidata.org/entity/Q1070202,Cherbourg National Park,http://www.wikidata.org/entity/Q18618819,национальный парк Австралии
http://www.wikidata.org/entity/Q1070790,Chesterton Range National Park,http://www.wikidata.org/entity/Q18618819,национальный парк Австралии
http://www.wikidata.org/entity/Q1072838,Поллино,http://www.wikidata.org/entity/Q473972,природоохранная зона
http://www.wikidata.org/entity/Q1072838,Поллино,http://www.wikidata.org/entity/Q53444003,Глобальный геопарк ЮНЕСКО
http://www.wikidata.org/entity/Q1073037,Chiltern-Mt Pilot National Park,http://www.wikidata.org/entity/Q18618819,национальный парк Австралии
http://www.wikidata.org/entity/Q1075091,Чизарира,http://www.wikidata.org/entity/Q1139892,ключевые орнитологические территории
http://www.wikidata.org/entity/Q1080683,Татры,http://www.wikidata.org/entity/Q473972,природоохранная зона
http://www.wikidata.org/entity/Q1085735,Maiella National Park,http://www.wikidata.org/entity/Q473972,природоохранная зона
http://www.wikidata.org/entity/Q1085735,Maiella National Park,http://www.wikidata.org/entity/Q53444003,Глобальный геопарк ЮНЕСКО
http://www.wikidata.org/entity/Q1089780,Национальный парк острова Рождества,http://www.wikidata.org/entity/Q18618819,национальный парк Австралии
http://www.wikidata.org/entity/Q1089860,Черчилл,http://www.wikidata.org/entity/Q18618819,национальный парк Австралии
http://www.wikidata.org/entity/Q1091068,Азинара (национальный парк),http://www.wikidata.org/entity/Q23442,остров
http://www.wikidata.org/entity/Q1091068,Азинара (национальный парк),http://www.wikidata.org/entity/Q473972,природоохранная зона
http://www.wikidata.org/entity/Q1091298,Сила (национальный парк),http://www.wikidata.org/entity/Q473972,природоохранная зона
http://www.wikidata.org/entity/Q1103359,Clump Mountain National Park,http://www.wikidata.org/entity/Q18618819,национальный парк Австралии
http://www.wikidata.org/entity/Q1103590,Clyde River National Park,http://www.wikidata.org/entity/Q18618819,национальный парк Австралии
http://www.wikidata.org/entity/Q1104316,Coalstoun Lakes National Park,http://www.wikidata.org/entity/Q18618819,национальный парк Австралии
http://www.wikidata.org/entity/Q1104632,Коббобуни,http://www.wikidata.org/entity/Q18618819,национальный парк Австралии
http://www.wikidata.org/entity/Q1105456,Cocoparra National Park,http://www.wikidata.org/entity/Q18618819,национальный парк Австралии
http://www.wikidata.org/entity/Q1106855,Coffin Bay National Park,http://www.wikidata.org/entity/Q18618819,национальный парк Австралии
http://www.wikidata.org/entity/Q1109452,Collier Range National Park,http://www.wikidata.org/entity/Q18618819,национальный парк Австралии
http://www.wikidata.org/entity/Q1111568,Тосканский архипелаг,http://www.wikidata.org/entity/Q473972,природоохранная зона
http://www.wikidata.org/entity/Q1112226,Columbey National Park,http://www.wikidata.org/entity/Q18618819,национальный парк Австралии
http://www.wikidata.org/entity/Q1117259,Coorabakh National Park,http://www.wikidata.org/entity/Q18618819,национальный парк Австралии
http://www.wikidata.org/entity/Q1118293,Scone Mountain National Park,http://www.wikidata.org/entity/Q18618819,национальный парк Австралии
http://www.wikidata.org/entity/Q1122053,Yuraygir National Park,http://www.wikidata.org/entity/Q473972,природоохранная зона
http://www.wikidata.org/entity/Q1122053,Yuraygir National Park,http://www.wikidata.org/entity/Q18618819,национальный парк Австралии
http://www.wikidata.org/entity/Q1122878,Принс-Альберт,http://www.wikidata.org/entity/Q1896949,Национальные парки Канады
http://www.wikidata.org/entity/Q1122878,Принс-Альберт,http://www.wikidata.org/entity/Q3518810,неорганизованная территория Канады
http://www.wikidata.org/entity/Q1126072,Conimbla National Park,http://www.wikidata.org/entity/Q18618819,национальный парк Австралии
http://www.wikidata.org/entity/Q1127201,Mitchell River National Park,http://www.wikidata.org/entity/Q18618819,национальный парк Австралии
http://www.wikidata.org/entity/Q1127232,Туарт-Форест,http://www.wikidata.org/entity/Q18618819,национальный парк Австралии
http://www.wikidata.org/entity/Q1129492,Conway National Park,http://www.wikidata.org/entity/Q18618819,национальный парк Австралии
http://www.wikidata.org/entity/Q1129872,Купракамбра,http://www.wikidata.org/entity/Q18618819,национальный парк Австралии
http://www.wikidata.org/entity/Q1129899,Coorong National Park,http://www.wikidata.org/entity/Q18618819,национальный парк Австралии
http://www.wikidata.org/entity/Q1130056,Yalgorup National Park,http://www.wikidata.org/entity/Q18618819,национальный парк Австралии
http://www.wikidata.org/entity/Q1130061,Фрэнк-Ханн,http://www.wikidata.org/entity/Q18618819,национальный парк Австралии
http://www.wikidata.org/entity/Q1130900,Юкла (национальный парк),http://www.wikidata.org/entity/Q18618819,национальный парк Австралии
http://www.wikidata.org/entity/Q1132114,Cordalba National Park,http://www.wikidata.org/entity/Q2324919,state forest
http://www.wikidata.org/entity/Q1132114,Cordalba National Park,http://www.wikidata.org/entity/Q18618819,национальный парк Австралии
http://www.wikidata.org/entity/Q1132798,Сепфорис,http://www.wikidata.org/entity/Q532,село
http://www.wikidata.org/entity/Q1132798,Сепфорис,http://www.wikidata.org/entity/Q486972,населённый пункт
http://www.wikidata.org/entity/Q1132798,Сепфорис,http://www.wikidata.org/entity/Q839954,археологический памятник
http://www.wikidata.org/entity/Q1132798,Сепфорис,http://www.wikidata.org/entity/Q12232785,Покинутые палестинские поселения
http://www.wikidata.org/entity/Q1132798,Сепфорис,http://www.wikidata.org/entity/Q15661340,древний город
http://www.wikidata.org/entity/Q1132798,Сепфорис,http://www.wikidata.org/entity/Q22674925,бывший населённый пункт
http://www.wikidata.org/entity/Q1134729,Thirlmere Lakes National Park,http://www.wikidata.org/entity/Q18618819,национальный парк Австралии
http://www.wikidata.org/entity/Q1135796,Наракортские пещеры,http://www.wikidata.org/entity/Q2232001,экскурсионная пещера
http://www.wikidata.org/entity/Q1135796,Наракортские пещеры,http://www.wikidata.org/entity/Q18618819,национальный парк Австралии
http://www.wikidata.org/entity/Q1136689,Cottan-Bimbang National Park,http://www.wikidata.org/entity/Q18618819,национальный парк Австралии
http://www.wikidata.org/entity/Q1137401,Шенандоа,http://www.wikidata.org/entity/Q34918903,национальный парк США
http://www.wikidata.org/entity/Q1137640,Халеакала,http://www.wikidata.org/entity/Q34918903,национальный парк США
http://www.wikidata.org/entity/Q1137657,Грейт-Бейсин,http://www.wikidata.org/entity/Q34918903,национальный парк США
http://www.wikidata.org/entity/Q1138453,Крейдл-Маунтин — Лейк-Сент-Клэр,http://www.wikidata.org/entity/Q18618819,национальный парк Австралии
http://www.wikidata.org/entity/Q1139151,Limmen National Park,http://www.wikidata.org/entity/Q18618819,национальный парк Австралии
http://www.wikidata.org/entity/Q1140071,Onkaparinga River National Park,http://www.wikidata.org/entity/Q18618819,национальный парк Австралии
http://www.wikidata.org/entity/Q1140663,Кроаджинголонг,http://www.wikidata.org/entity/Q18618819,национальный парк Австралии
http://www.wikidata.org/entity/Q1140798,Crows Nest National Park,http://www.wikidata.org/entity/Q18618819,национальный парк Австралии
http://www.wikidata.org/entity/Q1141385,Mount Remarkable National Park,http://www.wikidata.org/entity/Q18618819,национальный парк Австралии
http://www.wikidata.org/entity/Q1143404,Culgoa Floodplain National Park,http://www.wikidata.org/entity/Q18618819,национальный парк Австралии
http://www.wikidata.org/entity/Q1143416,Хот-Спрингс,http://www.wikidata.org/entity/Q34918903,национальный парк США
http://www.wikidata.org/entity/Q1143655,Драй-Тортугас,http://www.wikidata.org/entity/Q34918903,национальный парк США
http://www.wikidata.org/entity/Q1144814,Curracabundi National Park,http://www.wikidata.org/entity/Q18618819,национальный парк Австралии
http://www.wikidata.org/entity/Q1144838,Currawinya National Park,http://www.wikidata.org/entity/Q18618819,национальный парк Австралии
http://www.wikidata.org/entity/Q1145412,Curtain Fig National Park,http://www.wikidata.org/entity/Q18618819,национальный парк Австралии
http://www.wikidata.org/entity/Q1145503,Curtis Island National Park,http://www.wikidata.org/entity/Q18618819,национальный парк Австралии
http://www.wikidata.org/entity/Q1153938,Пойнт-Пили,http://www.wikidata.org/entity/Q1896949,Национальные парки Канады
http://www.wikidata.org/entity/Q1153938,Пойнт-Пили,http://www.wikidata.org/entity/Q3457162,парк тёмного неба
http://www.wikidata.org/entity/Q1158073,Dalrymple National Park,http://www.wikidata.org/entity/Q18618819,национальный парк Австралии
http://www.wikidata.org/entity/Q1159284,Danbulla National Park,http://www.wikidata.org/entity/Q18618819,национальный парк Австралии
http://www.wikidata.org/entity/Q1161253,Глейшер,http://www.wikidata.org/entity/Q1896949,Национальные парки Канады
http://www.wikidata.org/entity/Q1163128,Альфред,http://www.wikidata.org/entity/Q18618819,национальный парк Австралии
http://www.wikidata.org/entity/Q1163275,Organ Pipes National Park,http://www.wikidata.org/entity/Q18618819,национальный парк Австралии
http://www.wikidata.org/entity/Q1163542,Лассен-Волканик,http://www.wikidata.org/entity/Q34918903,национальный парк США
http://www.wikidata.org/entity/Q1163799,Норт-Каскейдс,http://www.wikidata.org/entity/Q34918903,национальный парк США
http://www.wikidata.org/entity/Q1164803,Deua National Park,http://www.wikidata.org/entity/Q18618819,национальный парк Австралии
http://www.wikidata.org/entity/Q1164806,Wyrrabalong National Park,http://www.wikidata.org/entity/Q18618819,национальный парк Австралии
http://www.wikidata.org/entity/Q1164823,Oolambeyan National Park,http://www.wikidata.org/entity/Q18618819,национальный парк Австралии
http://www.wikidata.org/entity/Q1164871,Mutawintji National Park,http://www.wikidata.org/entity/Q18618819,национальный парк Австралии
http://www.wikidata.org/entity/Q1164875,Marramarra National Park,http://www.wikidata.org/entity/Q18618819,национальный парк Австралии
http://www.wikidata.org/entity/Q1164884,South East Forest National Park,http://www.wikidata.org/entity/Q18618819,национальный парк Австралии
http://www.wikidata.org/entity/Q1165039,Indwarra National Park,http://www.wikidata.org/entity/Q18618819,национальный парк Австралии
http://www.wikidata.org/entity/Q1165053,Werakata National Park,http://www.wikidata.org/entity/Q18618819,национальный парк Австралии
http://www.wikidata.org/entity/Q1165056,Georges River National Park,http://www.wikidata.org/entity/Q18618819,национальный парк Австралии
http://www.wikidata.org/entity/Q1165060,Mount Imlay National Park,http://www.wikidata.org/entity/Q18618819,национальный парк Австралии
http://www.wikidata.org/entity/Q1165064,Dooragan National Park,http://www.wikidata.org/entity/Q18618819,национальный парк Австралии
http://www.wikidata.org/entity/Q1165069,Seven Mile Beach National Park,http://www.wikidata.org/entity/Q18618819,национальный парк Австралии
http://www.wikidata.org/entity/Q1165080,Turon National Park,http://www.wikidata.org/entity/Q18618819,национальный парк Австралии
http://www.wikidata.org/entity/Q1165123,Mallanganee National Park,http://www.wikidata.org/entity/Q18618819,национальный парк Австралии
http://www.wikidata.org/entity/Q1165129,Nowendoc National Park,http://www.wikidata.org/entity/Q18618819,национальный парк Австралии
http://www.wikidata.org/entity/Q1165139,Mount Clunie National Park,http://www.wikidata.org/entity/Q18618819,национальный парк Австралии
http://www.wikidata.org/entity/Q1165146,Fortis Creek National Park,http://www.wikidata.org/entity/Q18618819,национальный парк Австралии
http://www.wikidata.org/entity/Q1165175,Meroo National Park,http://www.wikidata.org/entity/Q18618819,национальный парк Австралии
http://www.wikidata.org/entity/Q1165185,Goonengerry National Park,http://www.wikidata.org/entity/Q3257686,обжитая местность
http://www.wikidata.org/entity/Q1165185,Goonengerry National Park,http://www.wikidata.org/entity/Q18618819,национальный парк Австралии
http://www.wikidata.org/entity/Q1165190,Junuy Juluum National Park,http://www.wikidata.org/entity/Q18618819,национальный парк Австралии
http://www.wikidata.org/entity/Q1165288,Gundabooka National Park,http://www.wikidata.org/entity/Q18618819,национальный парк Австралии
http://www.wikidata.org/entity/Q1165291,Tomaree National Park,http://www.wikidata.org/entity/Q18618819,национальный парк Австралии
http://www.wikidata.org/entity/Q1165318,Kwiambal National Park,http://www.wikidata.org/entity/Q18618819,национальный парк Австралии
http://www.wikidata.org/entity/Q1165321,Mount Jerusalem National Park,http://www.wikidata.org/entity/Q18618819,национальный парк Австралии
http://www.wikidata.org/entity/Q1165327,Mount Nothofagus National Park,http://www.wikidata.org/entity/Q18618819,национальный парк Австралии
http://www.wikidata.org/entity/Q1165387,Koreelah National Park,http://www.wikidata.org/entity/Q18618819,национальный парк Австралии
http://www.wikidata.org/entity/Q1165416,Kumbatine National Park,http://www.wikidata.org/entity/Q18618819,национальный парк Австралии
http://www.wikidata.org/entity/Q1165427,Kings Plains National Park,http://www.wikidata.org/entity/Q18618819,национальный парк Австралии
http://www.wikidata.org/entity/Q1165452,Mooball National Park,http://www.wikidata.org/entity/Q18618819,национальный парк Австралии
http://www.wikidata.org/entity/Q1165460,Ramornie National Park,http://www.wikidata.org/entity/Q18618819,национальный парк Австралии
http://www.wikidata.org/entity/Q1165967,Маунт-Буффало,http://www.wikidata.org/entity/Q18618819,национальный парк Австралии
http://www.wikidata.org/entity/Q1177800,Davies Creek National Park,http://www.wikidata.org/entity/Q18618819,национальный парк Австралии
http://www.wikidata.org/entity/Q1178506,Dawes National Park,http://www.wikidata.org/entity/Q18618819,национальный парк Австралии
http://www.wikidata.org/entity/Q1182459,Deepwater National Park,http://www.wikidata.org/entity/Q18618819,национальный парк Австралии
http://www.wikidata.org/entity/Q1200164,Уайт-Сандс,http://www.wikidata.org/entity/Q34918903,национальный парк США
http://www.wikidata.org/entity/Q1207569,Dharawal National Park,http://www.wikidata.org/entity/Q18618819,национальный парк Австралии
http://www.wikidata.org/entity/Q1207619,Dharug National Park,http://www.wikidata.org/entity/Q18618819,национальный парк Австралии
http://www.wikidata.org/entity/Q1226283,Dinden National Park,http://www.wikidata.org/entity/Q18618819,национальный парк Австралии
http://www.wikidata.org/entity/Q1229653,Judbarra / Gregory National Park,http://www.wikidata.org/entity/Q18618819,национальный парк Австралии
http://www.wikidata.org/entity/Q1231952,Дивьяка — Караваста,http://www.wikidata.org/entity/Q473972,природоохранная зона
http://www.wikidata.org/entity/Q1231952,Дивьяка — Караваста,http://www.wikidata.org/entity/Q19683138,Рамсарское угодье
http://www.wikidata.org/entity/Q1232199,Djiru National Park,http://www.wikidata.org/entity/Q18618819,национальный парк Австралии
http://www.wikidata.org/entity/Q1232248,Djukbinj National Park,http://www.wikidata.org/entity/Q18618819,национальный парк Австралии
http://www.wikidata.org/entity/Q1234100,Dhilba Guuranda-Innes National Park,http://www.wikidata.org/entity/Q18618819,национальный парк Австралии
http://www.wikidata.org/entity/Q1243563,Дор,http://www.wikidata.org/entity/Q755017,тепе
http://www.wikidata.org/entity/Q1243563,Дор,http://www.wikidata.org/entity/Q839954,археологический памятник
http://www.wikidata.org/entity/Q1244337,Канайма,http://www.wikidata.org/entity/Q570116,достопримечательность
http://www.wikidata.org/entity/Q1244809,Меданос,http://www.wikidata.org/entity/Q8514,пустыня
http://www.wikidata.org/entity/Q1244809,Меданос,http://www.wikidata.org/entity/Q25391,дюна
http://www.wikidata.org/entity/Q1246079,Dorob National Park,http://www.wikidata.org/entity/Q1752719,Список национальных парков Намибии
http://www.wikidata.org/entity/Q1246549,Mount Balatukan Range Natural Park,http://www.wikidata.org/entity/Q179049,заповедник
http://www.wikidata.org/entity/Q1251931,Douglas-Apsley National Park,http://www.wikidata.org/entity/Q18618819,национальный парк Австралии
http://www.wikidata.org/entity/Q1254871,Mount Lewis National Park,http://www.wikidata.org/entity/Q18618819,национальный парк Австралии
http://www.wikidata.org/entity/Q1257080,Timbarra National Park,http://www.wikidata.org/entity/Q18618819,национальный парк Австралии
http://www.wikidata.org/entity/Q1258055,Джердап,http://www.wikidata.org/entity/Q1324355,геопарк
http://www.wikidata.org/entity/Q1258055,Джердап,http://www.wikidata.org/entity/Q7338349,riverscape
http://www.wikidata.org/entity/Q1258880,Биоградская гора,http://www.wikidata.org/entity/Q4421,лес
http://www.wikidata.org/entity/Q1258880,Биоградская гора,http://www.wikidata.org/entity/Q473972,природоохранная зона
http://www.wikidata.org/entity/Q1260184,The Palms National Park,http://www.wikidata.org/entity/Q18618819,национальный парк Австралии
http://www.wikidata.org/entity/Q1260651,Drovers Cave National Park,http://www.wikidata.org/entity/Q35509,пещера
http://www.wikidata.org/entity/Q1260651,Drovers Cave National Park,http://www.wikidata.org/entity/Q18618819,национальный парк Австралии
http://www.wikidata.org/entity/Q1264709,Dularcha National Park,http://www.wikidata.org/entity/Q18618819,национальный парк Австралии
http://www.wikidata.org/entity/Q1266400,Мур-Ривер (национальный парк),http://www.wikidata.org/entity/Q18618819,национальный парк Австралии
http://www.wikidata.org/entity/Q1272834,D'Aguilar National Park,http://www.wikidata.org/entity/Q18618819,национальный парк Австралии
http://www.wikidata.org/entity/Q1282754,Mount Binga National Park,http://www.wikidata.org/entity/Q18618819,национальный парк Австралии
http://www.wikidata.org/entity/Q1284505,Freshwater National Park,http://www.wikidata.org/entity/Q18618819,национальный парк Австралии
http://www.wikidata.org/entity/Q1285154,Mount Etna Caves National Park,http://www.wikidata.org/entity/Q35509,пещера
http://www.wikidata.org/entity/Q1285154,Mount Etna Caves National Park,http://www.wikidata.org/entity/Q18618819,национальный парк Австралии
http://www.wikidata.org/entity/Q1288177,Lovćen National Park,http://www.wikidata.org/entity/Q473972,природоохранная зона
http://www.wikidata.org/entity/Q1291186,Алпайн,http://www.wikidata.org/entity/Q18618819,национальный парк Австралии
http://www.wikidata.org/entity/Q1314367,Остров Принца Эдуарда,http://www.wikidata.org/entity/Q1896949,Национальные парки Канады
http://www.wikidata.org/entity/Q1320619,Mary River National Park,http://www.wikidata.org/entity/Q18618819,национальный парк Австралии
http://www.wikidata.org/entity/Q1321203,Джебил (национальный парк),http://www.wikidata.org/entity/Q839954,археологический памятник
http://www.wikidata.org/entity/Q1321758,National Park - Fir of Hotova,http://www.wikidata.org/entity/Q473972,природоохранная зона
http://www.wikidata.org/entity/Q1322496,Ku-ring-gai Chase National Park,http://www.wikidata.org/entity/Q18618819,национальный парк Австралии
http://www.wikidata.org/entity/Q1325310,Appennino Lucano - Val d'Agri - Lagonegrese National Park,http://www.wikidata.org/entity/Q473972,природоохранная зона
http://www.wikidata.org/entity/Q1327341,Куттинирпаак,http://www.wikidata.org/entity/Q1896949,Национальные парки Канады
http://www.wikidata.org/entity/Q1331433,Элк-Айленд (национальный парк),http://www.wikidata.org/entity/Q1896949,Национальные парки Канады
http://www.wikidata.org/entity/Q1331433,Элк-Айленд (национальный парк),http://www.wikidata.org/entity/Q3457162,парк тёмного неба
http://www.wikidata.org/entity/Q1331672,Ella Bay National Park,http://www.wikidata.org/entity/Q18618819,национальный парк Австралии
http://www.wikidata.org/entity/Q1333457,Eungella National Park,http://www.wikidata.org/entity/Q18618819,национальный парк Австралии
http://www.wikidata.org/entity/Q1333816,Elsey National Park,http://www.wikidata.org/entity/Q18618819,национальный парк Австралии
http://www.wikidata.org/entity/Q1334313,Уинд,http://www.wikidata.org/entity/Q34918903,национальный парк США
http://www.wikidata.org/entity/Q1335667,Beeron National Park,http://www.wikidata.org/entity/Q18618819,национальный парк Австралии
http://www.wikidata.org/entity/Q1339871,Эйн-Авдат,http://www.wikidata.org/entity/Q150784,каньон
http://www.wikidata.org/entity/Q1340299,Endeavour River National Park,http://www.wikidata.org/entity/Q18618819,национальный парк Австралии
http://www.wikidata.org/entity/Q1341496,Pidna National Park,http://www.wikidata.org/entity/Q18618819,национальный парк Австралии
http://www.wikidata.org/entity/Q1342385,Уотеру (национальный парк),http://www.wikidata.org/entity/Q18618819,национальный парк Австралии
http://www.wikidata.org/entity/Q1351150,Slovak Karst National Park,http://www.wikidata.org/entity/Q473972,природоохранная зона
http://www.wikidata.org/entity/Q1356828,Ньюнгве,http://www.wikidata.org/entity/Q4421,лес
http://www.wikidata.org/entity/Q1356828,Ньюнгве,http://www.wikidata.org/entity/Q1139892,ключевые орнитологические территории
http://www.wikidata.org/entity/Q1358069,Tully Gorge National Park,http://www.wikidata.org/entity/Q18618819,национальный парк Австралии
http://www.wikidata.org/entity/Q1359259,Forty Mile Scrub National Park,http://www.wikidata.org/entity/Q18618819,национальный парк Австралии
http://www.wikidata.org/entity/Q1359282,Hull River National Park,http://www.wikidata.org/entity/Q18618819,национальный парк Австралии
http://www.wikidata.org/entity/Q1359321,Kroombit Tops National Park,http://www.wikidata.org/entity/Q18618819,национальный парк Австралии
http://www.wikidata.org/entity/Q1360023,Mount Aberdeen National Park,http://www.wikidata.org/entity/Q18618819,национальный парк Австралии
http://www.wikidata.org/entity/Q1360116,Noosa National Park,http://www.wikidata.org/entity/Q18618819,национальный парк Австралии
http://www.wikidata.org/entity/Q1360751,Mount Chinghee National Park,http://www.wikidata.org/entity/Q18618819,национальный парк Австралии
http://www.wikidata.org/entity/Q1360760,Tregole National Park,http://www.wikidata.org/entity/Q18618819,национальный парк Австралии
http://www.wikidata.org/entity/Q1361043,Eurimbula National Park,http://www.wikidata.org/entity/Q18618819,национальный парк Австралии
http://www.wikidata.org/entity/Q1361587,Erringibba National Park,http://www.wikidata.org/entity/Q18618819,национальный парк Австралии
http://www.wikidata.org/entity/Q1362815,Намбунг,http://www.wikidata.org/entity/Q18618819,национальный парк Австралии
http://www.wikidata.org/entity/Q1364191,Mount Walsh National Park,http://www.wikidata.org/entity/Q18618819,национальный парк Австралии
http://www.wikidata.org/entity/Q1368788,Вояджерс,http://www.wikidata.org/entity/Q34918903,национальный парк США
http://www.wikidata.org/entity/Q1368807,Севенны,http://www.wikidata.org/entity/Q43229,организация
http://www.wikidata.org/entity/Q1368807,Севенны,http://www.wikidata.org/entity/Q473972,природоохранная зона
http://www.wikidata.org/entity/Q1368807,Севенны,http://www.wikidata.org/entity/Q943017,Список национальных парков Франции
http://www.wikidata.org/entity/Q1372107,Eubenangee Swamp National Park,http://www.wikidata.org/entity/Q18618819,национальный парк Австралии
http://www.wikidata.org/entity/Q1374779,Eurobodalla National Park,http://www.wikidata.org/entity/Q18618819,национальный парк Австралии
http://www.wikidata.org/entity/Q1384276,Expedition National Park,http://www.wikidata.org/entity/Q18618819,национальный парк Австралии
http://www.wikidata.org/entity/Q3077873,Cozia National Park,http://www.wikidata.org/entity/Q473972,природоохранная зона
http://www.wikidata.org/entity/Q3078198,Călimani National Park,http://www.wikidata.org/entity/Q473972,природоохранная зона
http://www.wikidata.org/entity/Q3078828,Defileul Jiului National Park,http://www.wikidata.org/entity/Q473972,природоохранная зона
http://www.wikidata.org/entity/Q3081107,National Park Ceahlău,http://www.wikidata.org/entity/Q473972,природоохранная зона
http://www.wikidata.org/entity/Q3091867,Mathikettan Shola National Park,http://www.wikidata.org/entity/Q56436498,деревня в Индии
http://www.wikidata.org/entity/Q3179197,Кисама,http://www.wikidata.org/entity/Q22698,парк
http://www.wikidata.org/entity/Q3182036,Rundle Range National Park,http://www.wikidata.org/entity/Q18618819,национальный парк Австралии
http://www.wikidata.org/entity/Q3182254,Yuwi Paree Toolkoon National Park,http://www.wikidata.org/entity/Q18618819,национальный парк Австралии
http://www.wikidata.org/entity/Q3275808,Precipice National Park,http://www.wikidata.org/entity/Q18618819,национальный парк Австралии
http://www.wikidata.org/entity/Q3275815,Palmerston Rocks National Park,http://www.wikidata.org/entity/Q18618819,национальный парк Австралии
http://www.wikidata.org/entity/Q3364417,Jaua-Sarisariñama National Park,http://www.wikidata.org/entity/Q473972,природоохранная зона
http://www.wikidata.org/entity/Q3364425,Пьятра-Крайулуй,http://www.wikidata.org/entity/Q473972,природоохранная зона
http://www.wikidata.org/entity/Q3364473,Pench Tiger Reserve,http://www.wikidata.org/entity/Q473972,природоохранная зона
http://www.wikidata.org/entity/Q3364499,Forêts National Park,http://www.wikidata.org/entity/Q943017,Список национальных парков Франции
http://www.wikidata.org/entity/Q3364499,Forêts National Park,http://www.wikidata.org/entity/Q2828309,охраняемая природная территория Франции
http://www.wikidata.org/entity/Q3364505,Wicklow Mountains National Park,http://www.wikidata.org/entity/Q1191622,Специальная область сохранения
http://www.wikidata.org/entity/Q3364522,Ainos National Park,http://www.wikidata.org/entity/Q1191622,Специальная область сохранения
http://www.wikidata.org/entity/Q3364531,Abrolhos Marine National Park,http://www.wikidata.org/entity/Q1367500,охраняемая морская зона
http://www.wikidata.org/entity/Q3364552,Serranía de Los Churumbelos Auka-Wasi National Natural Park,http://www.wikidata.org/entity/Q473972,природоохранная зона
http://www.wikidata.org/entity/Q3364555,Историко-природный парк Ширкент,http://www.wikidata.org/entity/Q473972,природоохранная зона
http://www.wikidata.org/entity/Q3375188,Chiaksan National Park,http://www.wikidata.org/entity/Q22698,парк
http://www.wikidata.org/entity/Q3375188,Chiaksan National Park,http://www.wikidata.org/entity/Q473972,природоохранная зона
http://www.wikidata.org/entity/Q3382979,Northumberland Islands National Park,http://www.wikidata.org/entity/Q18618819,национальный парк Австралии
http://www.wikidata.org/entity/Q3383573,Wondul Range National Park,http://www.wikidata.org/entity/Q18618819,национальный парк Австралии
http://www.wikidata.org/entity/Q3384562,Национальный парк Остров Бриби,http://www.wikidata.org/entity/Q18618819,национальный парк Австралии
http://www.wikidata.org/entity/Q3385028,Moreton Island National Park,http://www.wikidata.org/entity/Q18618819,национальный парк Австралии
http://www.wikidata.org/entity/Q3457361,Hubei Shennongjia,http://www.wikidata.org/entity/Q158454,биосферный заповедник ЮНЕСКО
http://www.wikidata.org/entity/Q3457361,Hubei Shennongjia,http://www.wikidata.org/entity/Q179049,заповедник
http://www.wikidata.org/entity/Q3457361,Hubei Shennongjia,http://www.wikidata.org/entity/Q1324355,геопарк
http://www.wikidata.org/entity/Q3486815,Кастель (национальный парк),http://www.wikidata.org/entity/Q1814183,Список национальных парков Израиля
http://www.wikidata.org/entity/Q3486815,Кастель (национальный парк),http://www.wikidata.org/entity/Q92275707,crusader castle
http://www.wikidata.org/entity/Q3491338,České Švýcarsko National Park,http://www.wikidata.org/entity/Q473972,природоохранная зона
http://www.wikidata.org/entity/Q3595683,Hazaribagh Wildlife Sanctuary,http://www.wikidata.org/entity/Q473972,природоохранная зона
http://www.wikidata.org/entity/Q3595683,Hazaribagh Wildlife Sanctuary,http://www.wikidata.org/entity/Q1377575,wildlife refuge
http://www.wikidata.org/entity/Q3696260,Palani Hills Wildlife Sanctuary and National Park,http://www.wikidata.org/entity/Q473972,природоохранная зона
http://www.wikidata.org/entity/Q3895620,Чжанцзяцзе,http://www.wikidata.org/entity/Q473972,природоохранная зона
http://www.wikidata.org/entity/Q3895703,Bu Gia Map National Park,http://www.wikidata.org/entity/Q179049,заповедник
http://www.wikidata.org/entity/Q3895739,Matese National Park,http://www.wikidata.org/entity/Q473972,природоохранная зона
http://www.wikidata.org/entity/Q4098508,Национальный парк Буйратау,http://www.wikidata.org/entity/Q112128334,особо охраняемая природная территория республиканского значения Казахстана
http://www.wikidata.org/entity/Q4099294,Национальный парк Бурабай,http://www.wikidata.org/entity/Q473972,природоохранная зона
http://www.wikidata.org/entity/Q4099294,Национальный парк Бурабай,http://www.wikidata.org/entity/Q112128334,особо охраняемая природная территория республиканского значения Казахстана
http://www.wikidata.org/entity/Q4133141,Сэйбл-Айленд (национальный парк),http://www.wikidata.org/entity/Q1896949,Национальные парки Канады
http://www.wikidata.org/entity/Q4181072,Жонгар-Алатауский национальный парк,http://www.wikidata.org/entity/Q473972,природоохранная зона
http://www.wikidata.org/entity/Q4181072,Жонгар-Алатауский национальный парк,http://www.wikidata.org/entity/Q112128334,особо охраняемая природная территория республиканского значения Казахстана
http://www.wikidata.org/entity/Q4199195,Иле-Алатауский национальный парк,http://www.wikidata.org/entity/Q112128334,особо охраняемая природная территория республиканского значения Казахстана
http://www.wikidata.org/entity/Q4213565,Государственный природный парк «Кара-Буура»,http://www.wikidata.org/entity/Q473972,природоохранная зона
http://www.wikidata.org/entity/Q4217451,Катон-Карагайский национальный парк,http://www.wikidata.org/entity/Q473972,природоохранная зона
http://www.wikidata.org/entity/Q4217451,Катон-Карагайский национальный парк,http://www.wikidata.org/entity/Q112128334,особо охраняемая природная территория республиканского значения Казахстана
http://www.wikidata.org/entity/Q4227524,Национальный парк Кокшетау,http://www.wikidata.org/entity/Q112128334,особо охраняемая природная территория республиканского значения Казахстана
http://www.wikidata.org/entity/Q4228940,Национальный парк Кольсайские озёра,http://www.wikidata.org/entity/Q112128334,особо охраняемая природная территория республиканского значения Казахстана
http://www.wikidata.org/entity/Q4293399,Мили-Маунтинс (национальный парк),http://www.wikidata.org/entity/Q1896949,Национальные парки Канады
http://www.wikidata.org/entity/Q4313531,Нарынский государственный заповедник,http://www.wikidata.org/entity/Q179049,заповедник
http://www.wikidata.org/entity/Q4351857,Parsa National Park,http://www.wikidata.org/entity/Q20268591,wildlife reserve
http://www.wikidata.org/entity/Q4405258,Сайрам-Угамский национальный парк,http://www.wikidata.org/entity/Q473972,природоохранная зона
http://www.wikidata.org/entity/Q4405258,Сайрам-Угамский национальный парк,http://www.wikidata.org/entity/Q112128334,особо охраняемая природная территория республиканского значения Казахстана
http://www.wikidata.org/entity/Q4420168,Синевир (национальный парк),http://www.wikidata.org/entity/Q1296040,национальный природный парк
http://www.wikidata.org/entity/Q4420168,Синевир (национальный парк),http://www.wikidata.org/entity/Q106248118,Carpathian protected areas in Ukraine
http://www.wikidata.org/entity/Q4499886,Хорго-Тэрхийн-Цагаан-Нуур,http://www.wikidata.org/entity/Q473972,природоохранная зона
http://www.wikidata.org/entity/Q4507523,Чарынский национальный парк,http://www.wikidata.org/entity/Q473972,природоохранная зона
http://www.wikidata.org/entity/Q4507523,Чарынский национальный парк,http://www.wikidata.org/entity/Q112128334,особо охраняемая природная территория республиканского значения Казахстана
http://www.wikidata.org/entity/Q4507765,Угам-Чаткальский национальный парк,http://www.wikidata.org/entity/Q473972,природоохранная зона
http://www.wikidata.org/entity/Q4551358,Национальный парк Вулкан Тенорио,http://www.wikidata.org/entity/Q473972,природоохранная зона
http://www.wikidata.org/entity/Q4742194,Antisana National Park,http://www.wikidata.org/entity/Q473972,природоохранная зона
http://www.wikidata.org/entity/Q4845618,Yacambú National Park,http://www.wikidata.org/entity/Q22698,парк
http://www.wikidata.org/entity/Q4845626,Aguaro-Guariquito National Park,http://www.wikidata.org/entity/Q2065736,культурная ценность
http://www.wikidata.org/entity/Q4988996,Prespa National Park,http://www.wikidata.org/entity/Q473972,природоохранная зона
http://www.wikidata.org/entity/Q4988996,Prespa National Park,http://www.wikidata.org/entity/Q7251263,protected areas of Albania
http://www.wikidata.org/entity/Q5021388,Calipuy National Reserve,http://www.wikidata.org/entity/Q473972,природоохранная зона
http://www.wikidata.org/entity/Q5033548,Кантаньес (национальный парк),http://www.wikidata.org/entity/Q63352690,hunting reserve
http://www.wikidata.org/entity/Q5118629,Чьюлу,http://www.wikidata.org/entity/Q20626607,protected area of Kenya
http://www.wikidata.org/entity/Q5193022,Khao Phanom Bencha National Park,http://www.wikidata.org/entity/Q95080679,national park of Thailand
http://www.wikidata.org/entity/Q5252276,Dehing Patkai National Park,http://www.wikidata.org/entity/Q473972,природоохранная зона
http://www.wikidata.org/entity/Q5252276,Dehing Patkai National Park,http://www.wikidata.org/entity/Q1377575,wildlife refuge
http://www.wikidata.org/entity/Q5309628,Dryandra Woodland National Park,http://www.wikidata.org/entity/Q18618819,национальный парк Австралии
http://www.wikidata.org/entity/Q5472116,Fort Stevens,http://www.wikidata.org/entity/Q1785071,форт
http://www.wikidata.org/entity/Q5624093,Gyeryongsan National Park,http://www.wikidata.org/entity/Q22698,парк
http://www.wikidata.org/entity/Q5642786,Hallasan National Park,http://www.wikidata.org/entity/Q473972,природоохранная зона
http://www.wikidata.org/entity/Q5709313,Q5709313,http://www.wikidata.org/entity/Q18618822,national park of Iran
http://www.wikidata.org/entity/Q5710639,Q5710639,http://www.wikidata.org/entity/Q18618822,national park of Iran
http://www.wikidata.org/entity/Q5711198,Q5711198,http://www.wikidata.org/entity/Q18618822,national park of Iran
http://www.wikidata.org/entity/Q5723228,Q5723228,http://www.wikidata.org/entity/Q18618822,national park of Iran
http://www.wikidata.org/entity/Q5723844,Ansenuza national park,http://www.wikidata.org/entity/Q6974775,национальный парк Аргентины
http://www.wikidata.org/entity/Q5727821,Q5727821,http://www.wikidata.org/entity/Q18618822,national park of Iran
http://www.wikidata.org/entity/Q5775353,Q5775353,http://www.wikidata.org/entity/Q18618822,national park of Iran
http://www.wikidata.org/entity/Q5867548,Национальный парк Баму,http://www.wikidata.org/entity/Q18618822,national park of Iran
http://www.wikidata.org/entity/Q5905836,Национальный морской парк Нехилу,http://www.wikidata.org/entity/Q18618822,national park of Iran
http://www.wikidata.org/entity/Q5907119,Q5907119,http://www.wikidata.org/entity/Q18618822,national park of Iran
http://www.wikidata.org/entity/Q5933828,Q5933828,http://www.wikidata.org/entity/Q18618822,national park of Iran
http://www.wikidata.org/entity/Q5940996,Urmia Lake National Park,http://www.wikidata.org/entity/Q158454,биосферный заповедник ЮНЕСКО
http://www.wikidata.org/entity/Q5940996,Urmia Lake National Park,http://www.wikidata.org/entity/Q18618822,national park of Iran
http://www.wikidata.org/entity/Q5952148,Tang-e Sayad National Park,http://www.wikidata.org/entity/Q18618822,national park of Iran
http://www.wikidata.org/entity/Q15124864,Pinnacles National Park,http://www.wikidata.org/entity/Q18618819,национальный парк Австралии
http://www.wikidata.org/entity/Q15252301,Mayon Volcano Natural Park,http://www.wikidata.org/entity/Q179049,заповедник
http://www.wikidata.org/entity/Q15891821,парк Сишань,http://www.wikidata.org/entity/Q22698,парк
http://www.wikidata.org/entity/Q15891821,парк Сишань,http://www.wikidata.org/entity/Q1197552,городской лес
http://www.wikidata.org/entity/Q16047743,Dez National park,http://www.wikidata.org/entity/Q18618822,national park of Iran
http://www.wikidata.org/entity/Q16132183,Eilat's Coral Beach,http://www.wikidata.org/entity/Q473972,природоохранная зона
http://www.wikidata.org/entity/Q16616247,Parque Nacional Submarino La Caleta,http://www.wikidata.org/entity/Q473972,природоохранная зона
http://www.wikidata.org/entity/Q16616389,San Miguel national park,http://www.wikidata.org/entity/Q179049,заповедник
http://www.wikidata.org/entity/Q17019710,Siniaka-Minia National Park,http://www.wikidata.org/entity/Q20268453,faunal reserve
http://www.wikidata.org/entity/Q17413589,Mudeungsan National Park,http://www.wikidata.org/entity/Q22698,парк
http://www.wikidata.org/entity/Q17626186,El Impenetrable National Park,http://www.wikidata.org/entity/Q6974775,национальный парк Аргентины
http://www.wikidata.org/entity/Q17745939,Готска-Сандён,http://www.wikidata.org/entity/Q23442,остров
http://www.wikidata.org/entity/Q17749860,Médanos del Chaco National Park,http://www.wikidata.org/entity/Q473972,природоохранная зона
http://www.wikidata.org/entity/Q18167998,Национальный парк Куасуиттук,http://www.wikidata.org/entity/Q1896949,Национальные парки Канады
http://www.wikidata.org/entity/Q18191602,Парк Яркон,http://www.wikidata.org/entity/Q22698,парк
http://www.wikidata.org/entity/Q18353304,Toorale National Park,http://www.wikidata.org/entity/Q18618819,национальный парк Австралии
http://www.wikidata.org/entity/Q18378371,Murrumbidgee Valley National Park,http://www.wikidata.org/entity/Q18618819,национальный парк Австралии
http://www.wikidata.org/entity/Q19460644,Bras d'Eau National Park,http://www.wikidata.org/entity/Q486972,населённый пункт
http://www.wikidata.org/entity/Q19589768,Malkumba-Coongie Lakes National Park,http://www.wikidata.org/entity/Q18618819,национальный парк Австралии
http://www.wikidata.org/entity/Q19862465,Mount Dajo National Park,http://www.wikidata.org/entity/Q179049,заповедник
http://www.wikidata.org/entity/Q19909159,Национальный парк «Шантарские острова»,http://www.wikidata.org/entity/Q1959314,особо охраняемая природная территория России
http://www.wikidata.org/entity/Q19909159,Национальный парк «Шантарские острова»,http://www.wikidata.org/entity/Q1969226,национальный парк
http://www.wikidata.org/entity/Q20022191,Salar del Huasco National Park,http://www.wikidata.org/entity/Q15324,водный объект
http://www.wikidata.org/entity/Q20022191,Salar del Huasco National Park,http://www.wikidata.org/entity/Q194502,бессточная область
http://www.wikidata.org/entity/Q20022191,Salar del Huasco National Park,http://www.wikidata.org/entity/Q935277,высохшее озеро
http://www.wikidata.org/entity/Q20022191,Salar del Huasco National Park,http://www.wikidata.org/entity/Q19683138,Рамсарское угодье
http://www.wikidata.org/entity/Q20031360,Mounts Banahaw–San Cristobal Protected Landscape,http://www.wikidata.org/entity/Q473972,природоохранная зона
http://www.wikidata.org/entity/Q20452389,Tanjung Piai National Park,http://www.wikidata.org/entity/Q473972,природоохранная зона
http://www.wikidata.org/entity/Q20747351,Mount Arayat National Park,http://www.wikidata.org/entity/Q179049,заповедник
http://www.wikidata.org/entity/Q21074636,Asir National Park,http://www.wikidata.org/entity/Q179049,заповедник
http://www.wikidata.org/entity/Q21283530,Chelmos-Vouraikos National Park,http://www.wikidata.org/entity/Q473972,природоохранная зона
http://www.wikidata.org/entity/Q21283530,Chelmos-Vouraikos National Park,http://www.wikidata.org/entity/Q1324355,геопарк
http://www.wikidata.org/entity/Q21538562,Possession Island National Park,http://www.wikidata.org/entity/Q18618819,национальный парк Австралии
http://www.wikidata.org/entity/Q21924174,Wellington National Park,http://www.wikidata.org/entity/Q18618819,национальный парк Австралии
http://www.wikidata.org/entity/Q21930177,Hilliger National Park,http://www.wikidata.org/entity/Q18618819,национальный парк Австралии
http://www.wikidata.org/entity/Q21930359,Kent Group National Park,http://www.wikidata.org/entity/Q18618819,национальный парк Австралии
http://www.wikidata.org/entity/Q21930646,Kinrara National Park,http://www.wikidata.org/entity/Q18618819,национальный парк Австралии
http://www.wikidata.org/entity/Q21930913,Kalyarr National Park,http://www.wikidata.org/entity/Q18618819,национальный парк Австралии
http://www.wikidata.org/entity/Q21931317,Korung National Park,http://www.wikidata.org/entity/Q18618819,национальный парк Австралии
http://www.wikidata.org/entity/Q21933821,Midgegooroo National Park,http://www.wikidata.org/entity/Q18618819,национальный парк Австралии
http://www.wikidata.org/entity/Q21937293,Wiltshire-Butler National Park,http://www.wikidata.org/entity/Q18618819,национальный парк Австралии
http://www.wikidata.org/entity/Q21968217,Iytwelepenty / Davenport Ranges National Park,http://www.wikidata.org/entity/Q18618819,национальный парк Австралии
http://www.wikidata.org/entity/Q21968308,Capertee National Park,http://www.wikidata.org/entity/Q18618819,национальный парк Австралии
http://www.wikidata.org/entity/Q21971995,Malabar Headland National Park,http://www.wikidata.org/entity/Q18618819,национальный парк Австралии
http://www.wikidata.org/entity/Q22669854,Национальный парк Бикин,http://www.wikidata.org/entity/Q1959314,особо охраняемая природная территория России
http://www.wikidata.org/entity/Q22678655,Динар,http://www.wikidata.org/entity/Q158454,биосферный заповедник ЮНЕСКО
http://www.wikidata.org/entity/Q22949004,Wadi Turabah Nature Reserve,http://www.wikidata.org/entity/Q179049,заповедник
http://www.wikidata.org/entity/Q23988114,Кальдера-де-Табурьенте,http://www.wikidata.org/entity/Q327333,орган публичной власти
http://www.wikidata.org/entity/Q23988114,Кальдера-де-Табурьенте,http://www.wikidata.org/entity/Q473972,природоохранная зона
http://www.wikidata.org/entity/Q23988114,Кальдера-де-Табурьенте,http://www.wikidata.org/entity/Q1316973,национальный парк Испании
http://www.wikidata.org/entity/Q25340864,Mae Wang National Park,http://www.wikidata.org/entity/Q95080679,national park of Thailand
http://www.wikidata.org/entity/Q25386203,Murujuga National Park,http://www.wikidata.org/entity/Q18618819,национальный парк Австралии
http://www.wikidata.org/entity/Q25389795,Marsabit National Reserve,http://www.wikidata.org/entity/Q171441,анклав
http://www.wikidata.org/entity/Q25578781,Государственный природный парк «Кара-Шоро»,http://www.wikidata.org/entity/Q22698,парк
http://www.wikidata.org/entity/Q26046204,Sounio National Park,http://www.wikidata.org/entity/Q179049,заповедник
http://www.wikidata.org/entity/Q26736078,Pantelleria National Park,http://www.wikidata.org/entity/Q473972,природоохранная зона
http://www.wikidata.org/entity/Q26764589,Ашкелон,http://www.wikidata.org/entity/Q179049,заповедник
http://www.wikidata.org/entity/Q26764589,Ашкелон,http://www.wikidata.org/entity/Q755017,тепе
http://www.wikidata.org/entity/Q26769130,Arbel National Park and Nature Reserve,http://www.wikidata.org/entity/Q179049,заповедник
http://www.wikidata.org/entity/Q26769130,Arbel National Park and Nature Reserve,http://www.wikidata.org/entity/Q1814183,Список национальных парков Израиля
http://www.wikidata.org/entity/Q27576370,Nosy Hara National Park,http://www.wikidata.org/entity/Q22698,парк
http://www.wikidata.org/entity/Q27576370,Nosy Hara National Park,http://www.wikidata.org/entity/Q570116,достопримечательность
http://www.wikidata.org/entity/Q27576370,Nosy Hara National Park,http://www.wikidata.org/entity/Q1367500,охраняемая морская зона
http://www.wikidata.org/entity/Q27576370,Nosy Hara National Park,http://www.wikidata.org/entity/Q2870166,водные горки
http://www.wikidata.org/entity/Q27803916,Parque Nacional Maderas del Carmen,http://www.wikidata.org/entity/Q158454,биосферный заповедник ЮНЕСКО
http://www.wikidata.org/entity/Q27803916,Parque Nacional Maderas del Carmen,http://www.wikidata.org/entity/Q56809587,National Park of Mexico
http://www.wikidata.org/entity/Q28712662,Q28712662,http://www.wikidata.org/entity/Q18618822,national park of Iran
http://www.wikidata.org/entity/Q29638711,Q29638711,http://www.wikidata.org/entity/Q8502,гора
http://www.wikidata.org/entity/Q29915032,Manglot National Park,http://www.wikidata.org/entity/Q1377575,wildlife refuge
http://www.wikidata.org/entity/Q31068113,Q31068113,http://www.wikidata.org/entity/Q18618822,national park of Iran
http://www.wikidata.org/entity/Q32225934,Blå Jungfrun national park,http://www.wikidata.org/entity/Q23442,остров
http://www.wikidata.org/entity/Q32225934,Blå Jungfrun national park,http://www.wikidata.org/entity/Q1191622,Специальная область сохранения
http://www.wikidata.org/entity/Q36851999,Wandoo National Park,http://www.wikidata.org/entity/Q179049,заповедник
http://www.wikidata.org/entity/Q36851999,Wandoo National Park,http://www.wikidata.org/entity/Q18618819,национальный парк Австралии
http://www.wikidata.org/entity/Q38223622,Dalgarup National Park,http://www.wikidata.org/entity/Q18618819,национальный парк Австралии
http://www.wikidata.org/entity/Q39080053,Blackwood River National Park,http://www.wikidata.org/entity/Q18618819,национальный парк Австралии
http://www.wikidata.org/entity/Q39080054,Boorara-Gardner National Park,http://www.wikidata.org/entity/Q18618819,национальный парк Австралии
http://www.wikidata.org/entity/Q39080056,Wooditjup National Park,http://www.wikidata.org/entity/Q18618819,национальный парк Австралии
http://www.wikidata.org/entity/Q39080062,Boyndaminup National Park,http://www.wikidata.org/entity/Q18618819,национальный парк Австралии
http://www.wikidata.org/entity/Q39080064,Dirk Hartog Island National Park,http://www.wikidata.org/entity/Q18618819,национальный парк Австралии
http://www.wikidata.org/entity/Q39080069,Yelverton National Park,http://www.wikidata.org/entity/Q18618819,национальный парк Австралии
http://www.wikidata.org/entity/Q39080076,Helena National Park,http://www.wikidata.org/entity/Q18618819,национальный парк Австралии
http://www.wikidata.org/entity/Q39080079,Lawley River National Park,http://www.wikidata.org/entity/Q18618819,национальный парк Австралии
http://www.wikidata.org/entity/Q39080092,Lake Muir National Park,http://www.wikidata.org/entity/Q18618819,национальный парк Австралии
http://www.wikidata.org/entity/Q39080097,Milyeannup National Park,http://www.wikidata.org/entity/Q18618819,национальный парк Австралии
http://www.wikidata.org/entity/Q39080105,Whicher National Park,http://www.wikidata.org/entity/Q18618819,национальный парк Австралии
http://www.wikidata.org/entity/Q39080106,Forest Grove National Park,http://www.wikidata.org/entity/Q18618819,национальный парк Австралии
http://www.wikidata.org/entity/Q39080107,Easter National Park,http://www.wikidata.org/entity/Q18618819,национальный парк Австралии
http://www.wikidata.org/entity/Q39080109,Jane National Park,http://www.wikidata.org/entity/Q18618819,национальный парк Австралии
http://www.wikidata.org/entity/Q39080114,Greater Dordagup National Park,http://www.wikidata.org/entity/Q18618819,национальный парк Австралии
http://www.wikidata.org/entity/Q39080119,Greater Hawke National Park,http://www.wikidata.org/entity/Q18618819,национальный парк Австралии
http://www.wikidata.org/entity/Q39080120,Greater Kingston National Park,http://www.wikidata.org/entity/Q18618819,национальный парк Австралии
http://www.wikidata.org/entity/Q39080125,Arakoon National Park,http://www.wikidata.org/entity/Q18618819,национальный парк Австралии
http://www.wikidata.org/entity/Q39080133,Bendick Murrell National Park,http://www.wikidata.org/entity/Q18618819,национальный парк Австралии
http://www.wikidata.org/entity/Q41272935,Traslasierra National Park,http://www.wikidata.org/entity/Q6974775,национальный парк Аргентины
http://www.wikidata.org/entity/Q55659551,Национальный парк Тарбагатай,http://www.wikidata.org/entity/Q473972,природоохранная зона
http://www.wikidata.org/entity/Q55659551,Национальный парк Тарбагатай,http://www.wikidata.org/entity/Q112128334,особо охраняемая природная территория республиканского значения Казахстана
http://www.wikidata.org/entity/Q56347577,Boé National Park,http://www.wikidata.org/entity/Q63352690,hunting reserve
http://www.wikidata.org/entity/Q56361064,Karkheh National Park,http://www.wikidata.org/entity/Q18618822,national park of Iran
http://www.wikidata.org/entity/Q56361537,Q56361537,http://www.wikidata.org/entity/Q18618822,national park of Iran
http://www.wikidata.org/entity/Q1392095,Southern Moreton Bay Islands National Park,http://www.wikidata.org/entity/Q18618819,национальный парк Австралии
http://www.wikidata.org/entity/Q1392554,Мамили,http://www.wikidata.org/entity/Q1752719,Список национальных парков Намибии
http://www.wikidata.org/entity/Q1393302,Fairlies Knob National Park,http://www.wikidata.org/entity/Q18618819,национальный парк Австралии
http://www.wikidata.org/entity/Q1394145,Wietalaba National Park,http://www.wikidata.org/entity/Q18618819,национальный парк Австралии
http://www.wikidata.org/entity/Q1394640,Family Islands National Park,http://www.wikidata.org/entity/Q18618819,национальный парк Австралии
http://www.wikidata.org/entity/Q1395739,Кемери,http://www.wikidata.org/entity/Q11876497,national park
http://www.wikidata.org/entity/Q1395739,Кемери,http://www.wikidata.org/entity/Q15069452,охраняемая территория проекта Natura 2000
http://www.wikidata.org/entity/Q1400468,Kurrimine Beach National Park,http://www.wikidata.org/entity/Q18618819,национальный парк Австралии
http://www.wikidata.org/entity/Q1404704,Крепость Нимрод,http://www.wikidata.org/entity/Q23413,замок
http://www.wikidata.org/entity/Q1404704,Крепость Нимрод,http://www.wikidata.org/entity/Q57831,крепость
http://www.wikidata.org/entity/Q1404704,Крепость Нимрод,http://www.wikidata.org/entity/Q7265965,qalat
http://www.wikidata.org/entity/Q1410343,Orpheus Island National Park,http://www.wikidata.org/entity/Q18618819,национальный парк Австралии
http://www.wikidata.org/entity/Q1416459,Great Basalt Wall National Park,http://www.wikidata.org/entity/Q18618819,национальный парк Австралии
http://www.wikidata.org/entity/Q1416801,Ravensbourne National Park,http://www.wikidata.org/entity/Q18618819,национальный парк Австралии
http://www.wikidata.org/entity/Q1418472,Finucane Island National Park,http://www.wikidata.org/entity/Q18618819,национальный парк Австралии
http://www.wikidata.org/entity/Q1421202,Каттьен,http://www.wikidata.org/entity/Q179049,заповедник
http://www.wikidata.org/entity/Q1421348,Фицджералд-Ривер,http://www.wikidata.org/entity/Q18618819,национальный парк Австралии
http://www.wikidata.org/entity/Q1421348,Фицджералд-Ривер,http://www.wikidata.org/entity/Q38048753,natural cultural heritage site
http://www.wikidata.org/entity/Q1421379,Fitzroy Island National Park,http://www.wikidata.org/entity/Q18618819,национальный парк Австралии
http://www.wikidata.org/entity/Q1421884,Уайт-Маунтинс (национальный парк),http://www.wikidata.org/entity/Q18618819,национальный парк Австралии
http://www.wikidata.org/entity/Q1422693,Терра-Нова,http://www.wikidata.org/entity/Q1896949,Национальные парки Канады
http://www.wikidata.org/entity/Q1424489,Venman Bushland National Park,http://www.wikidata.org/entity/Q18618819,национальный парк Австралии
http://www.wikidata.org/entity/Q1425154,Gennargentu National Park,http://www.wikidata.org/entity/Q473972,природоохранная зона
http://www.wikidata.org/entity/Q1425191,Sibillini Mountains National Park,http://www.wikidata.org/entity/Q473972,природоохранная зона
http://www.wikidata.org/entity/Q1428780,Флиндерс-Чейс,http://www.wikidata.org/entity/Q18618819,национальный парк Австралии
http://www.wikidata.org/entity/Q1435301,Beninbi National Park,http://www.wikidata.org/entity/Q18618819,национальный парк Австралии
http://www.wikidata.org/entity/Q1437167,Forest Den National Park,http://www.wikidata.org/entity/Q18618819,национальный парк Австралии
http://www.wikidata.org/entity/Q1437338,Форийон (национальный парк),http://www.wikidata.org/entity/Q1896949,Национальные парки Канады
http://www.wikidata.org/entity/Q1437363,Форланде (национальный парк),http://www.wikidata.org/entity/Q1402592,группа островов
http://www.wikidata.org/entity/Q1438999,"Абруццо, Лацио и Молизе",http://www.wikidata.org/entity/Q288142,European Diploma of Protected Areas
http://www.wikidata.org/entity/Q1438999,"Абруццо, Лацио и Молизе",http://www.wikidata.org/entity/Q473972,природоохранная зона
http://www.wikidata.org/entity/Q1443963,Saltwater National Park,http://www.wikidata.org/entity/Q18618819,национальный парк Австралии
http://www.wikidata.org/entity/Q1445146,Франклин — Гордон-Уайлд-Риверс,http://www.wikidata.org/entity/Q18618819,национальный парк Австралии
http://www.wikidata.org/entity/Q1459634,Watarrka National Park,http://www.wikidata.org/entity/Q18618819,национальный парк Австралии
http://www.wikidata.org/entity/Q1465468,Нараунтапу,http://www.wikidata.org/entity/Q18618819,национальный парк Австралии
http://www.wikidata.org/entity/Q1466687,Гезер,http://www.wikidata.org/entity/Q486972,населённый пункт
http://www.wikidata.org/entity/Q1466687,Гезер,http://www.wikidata.org/entity/Q755017,тепе
http://www.wikidata.org/entity/Q1466687,Гезер,http://www.wikidata.org/entity/Q839954,археологический памятник
http://www.wikidata.org/entity/Q1466687,Гезер,http://www.wikidata.org/entity/Q1814183,Список национальных парков Израиля
http://www.wikidata.org/entity/Q1470066,Айгуес-Тортес-Сан-Маурисио,http://www.wikidata.org/entity/Q473972,природоохранная зона
http://www.wikidata.org/entity/Q1470066,Айгуес-Тортес-Сан-Маурисио,http://www.wikidata.org/entity/Q1316973,национальный парк Испании
http://www.wikidata.org/entity/Q1470066,Айгуес-Тортес-Сан-Маурисио,http://www.wikidata.org/entity/Q15069452,охраняемая территория проекта Natura 2000
http://www.wikidata.org/entity/Q1470167,Welford National Park,http://www.wikidata.org/entity/Q18618819,национальный парк Австралии
http://www.wikidata.org/entity/Q1473112,Янкари (парк),http://www.wikidata.org/entity/Q570116,достопримечательность
http://www.wikidata.org/entity/Q1473112,Янкари (парк),http://www.wikidata.org/entity/Q1714375,охотничий заповедник
http://www.wikidata.org/entity/Q1473112,Янкари (парк),http://www.wikidata.org/entity/Q11286412,Excuse
http://www.wikidata.org/entity/Q1473702,Пенеда-Жереш,http://www.wikidata.org/entity/Q210272,культурное наследие
http://www.wikidata.org/entity/Q1473702,Пенеда-Жереш,http://www.wikidata.org/entity/Q473972,природоохранная зона
http://www.wikidata.org/entity/Q1474238,Фанди (национальный парк),http://www.wikidata.org/entity/Q1896949,Национальные парки Канады
http://www.wikidata.org/entity/Q1474238,Фанди (национальный парк),http://www.wikidata.org/entity/Q3457162,парк тёмного неба
http://www.wikidata.org/entity/Q1474363,Пенджари,http://www.wikidata.org/entity/Q158454,биосферный заповедник ЮНЕСКО
http://www.wikidata.org/entity/Q1474721,Итатиая,http://www.wikidata.org/entity/Q33506,музей
http://www.wikidata.org/entity/Q1474721,Итатиая,http://www.wikidata.org/entity/Q167946,Список национальных парков Бразилии
http://www.wikidata.org/entity/Q1476111,Goomboorian National Park,http://www.wikidata.org/entity/Q18618819,национальный парк Австралии
http://www.wikidata.org/entity/Q1476533,Mares Forest National Park,http://www.wikidata.org/entity/Q18618819,национальный парк Австралии
http://www.wikidata.org/entity/Q1477179,Russell River National Park,http://www.wikidata.org/entity/Q18618819,национальный парк Австралии
http://www.wikidata.org/entity/Q1480521,Timanfaya National Park,http://www.wikidata.org/entity/Q473972,природоохранная зона
http://www.wikidata.org/entity/Q1480521,Timanfaya National Park,http://www.wikidata.org/entity/Q1316973,национальный парк Испании
http://www.wikidata.org/entity/Q1481393,Wooroonooran National Park,http://www.wikidata.org/entity/Q18618819,национальный парк Австралии
http://www.wikidata.org/entity/Q1486032,Gatton National Park,http://www.wikidata.org/entity/Q18618819,национальный парк Австралии
http://www.wikidata.org/entity/Q1487859,Gaagal Wanggaan (South Beach) National Park,http://www.wikidata.org/entity/Q179049,заповедник
http://www.wikidata.org/entity/Q1487859,Gaagal Wanggaan (South Beach) National Park,http://www.wikidata.org/entity/Q18618819,национальный парк Австралии
http://www.wikidata.org/entity/Q1489775,Gulaga National Park,http://www.wikidata.org/entity/Q18618819,национальный парк Австралии
http://www.wikidata.org/entity/Q1495137,Гашака-Гумти,http://www.wikidata.org/entity/Q210272,культурное наследие
http://www.wikidata.org/entity/Q1496499,Gawler Ranges National Park,http://www.wikidata.org/entity/Q18618819,национальный парк Австралии
http://www.wikidata.org/entity/Q1498369,Geham National Park,http://www.wikidata.org/entity/Q18618819,национальный парк Австралии
http://www.wikidata.org/entity/Q1507799,Словацкий Рай,http://www.wikidata.org/entity/Q473972,природоохранная зона
http://www.wikidata.org/entity/Q1511987,Kinchega National Park,http://www.wikidata.org/entity/Q18618819,национальный парк Австралии
http://www.wikidata.org/entity/Q1517343,Mount Roe National Park,http://www.wikidata.org/entity/Q18618819,национальный парк Австралии
http://www.wikidata.org/entity/Q1517688,Иотапата,http://www.wikidata.org/entity/Q839954,археологический памятник
http://www.wikidata.org/entity/Q1517688,Иотапата,http://www.wikidata.org/entity/Q22674925,бывший населённый пункт
http://www.wikidata.org/entity/Q1518527,Национальный парк Кевир,http://www.wikidata.org/entity/Q158454,биосферный заповедник ЮНЕСКО
http://www.wikidata.org/entity/Q1518527,Национальный парк Кевир,http://www.wikidata.org/entity/Q18618822,national park of Iran
http://www.wikidata.org/entity/Q1519747,Национальный парк Сахама,http://www.wikidata.org/entity/Q96592721,protected area of Bolivia
http://www.wikidata.org/entity/Q1520216,Tablas de Daimiel National Park,http://www.wikidata.org/entity/Q473972,природоохранная зона
http://www.wikidata.org/entity/Q1520216,Tablas de Daimiel National Park,http://www.wikidata.org/entity/Q1316973,национальный парк Испании
http://www.wikidata.org/entity/Q1522939,Гибралтар-Рейндж,http://www.wikidata.org/entity/Q18618819,национальный парк Австралии
http://www.wikidata.org/entity/Q1525623,Porcupine Gorge National Park,http://www.wikidata.org/entity/Q18618819,национальный парк Австралии
http://www.wikidata.org/entity/Q1526593,Gir-um-bit National Park,http://www.wikidata.org/entity/Q18618819,национальный парк Австралии
http://www.wikidata.org/entity/Q1529802,Glastonbury National Park,http://www.wikidata.org/entity/Q18618819,национальный парк Австралии
http://www.wikidata.org/entity/Q1530442,Сёдеросен,http://www.wikidata.org/entity/Q212136,горст
http://www.wikidata.org/entity/Q1530872,Maalan National Park,http://www.wikidata.org/entity/Q18618819,национальный парк Австралии
http://www.wikidata.org/entity/Q1530890,Glenbar National Park,http://www.wikidata.org/entity/Q18618819,национальный парк Австралии
http://www.wikidata.org/entity/Q1532240,Gloucester Island National Park,http://www.wikidata.org/entity/Q18618819,национальный парк Австралии
http://www.wikidata.org/entity/Q1532242,Gloucester National Park,http://www.wikidata.org/entity/Q18618819,национальный парк Австралии
http://www.wikidata.org/entity/Q1534883,Nour Nour National Park,http://www.wikidata.org/entity/Q18618819,национальный парк Австралии
http://www.wikidata.org/entity/Q1534934,Mornington Peninsula National Park,http://www.wikidata.org/entity/Q18618819,национальный парк Австралии
http://www.wikidata.org/entity/Q1535042,Меркантур,http://www.wikidata.org/entity/Q473972,природоохранная зона
http://www.wikidata.org/entity/Q1535042,Меркантур,http://www.wikidata.org/entity/Q943017,Список национальных парков Франции
http://www.wikidata.org/entity/Q1535042,Меркантур,http://www.wikidata.org/entity/Q15069452,охраняемая территория проекта Natura 2000
http://www.wikidata.org/entity/Q1535662,Goldfields Woodlands National Park,http://www.wikidata.org/entity/Q18618819,национальный парк Австралии
http://www.wikidata.org/entity/Q1537084,Goneaway National Park,http://www.wikidata.org/entity/Q18618819,национальный парк Австралии
http://www.wikidata.org/entity/Q1537453,Good Night Scrub National Park,http://www.wikidata.org/entity/Q18618819,национальный парк Австралии
http://www.wikidata.org/entity/Q1537463,Goobang National Park,http://www.wikidata.org/entity/Q18618819,национальный парк Австралии
http://www.wikidata.org/entity/Q1537547,Goodedulla National Park,http://www.wikidata.org/entity/Q18618819,национальный парк Австралии
http://www.wikidata.org/entity/Q1537689,Goolawah National Park,http://www.wikidata.org/entity/Q18618819,национальный парк Австралии
http://www.wikidata.org/entity/Q1537710,Goongarrie National Park,http://www.wikidata.org/entity/Q18618819,национальный парк Австралии
http://www.wikidata.org/entity/Q1537752,Gooseberry Hill National Park,http://www.wikidata.org/entity/Q18618819,национальный парк Австралии
http://www.wikidata.org/entity/Q1540144,Goulburn River National Park,http://www.wikidata.org/entity/Q18618819,национальный парк Австралии
http://www.wikidata.org/entity/Q1540216,Gourock National Park,http://www.wikidata.org/entity/Q18618819,национальный парк Австралии
http://www.wikidata.org/entity/Q1543598,Грасслендс (национальный парк),http://www.wikidata.org/entity/Q1896949,Национальные парки Канады
http://www.wikidata.org/entity/Q1543598,Грасслендс (национальный парк),http://www.wikidata.org/entity/Q3457162,парк тёмного неба
http://www.wikidata.org/entity/Q1544549,Green Island National Park,http://www.wikidata.org/entity/Q18618819,национальный парк Австралии
http://www.wikidata.org/entity/Q1546685,Keep River National Park,http://www.wikidata.org/entity/Q18618819,национальный парк Австралии
http://www.wikidata.org/entity/Q1547334,Grongah National Park,http://www.wikidata.org/entity/Q18618819,национальный парк Австралии
http://www.wikidata.org/entity/Q1547646,Александер-Моррисон,http://www.wikidata.org/entity/Q3252908,национальный парк Западной Австралии
http://www.wikidata.org/entity/Q1554327,Галл-Рок,http://www.wikidata.org/entity/Q18618819,национальный парк Австралии
http://www.wikidata.org/entity/Q1554389,Gumbaynggirr National Park,http://www.wikidata.org/entity/Q18618819,национальный парк Австралии
http://www.wikidata.org/entity/Q1554546,Ганбауэр (национальный парк),http://www.wikidata.org/entity/Q18618819,национальный парк Австралии
http://www.wikidata.org/entity/Q1558444,Gympie National Park,http://www.wikidata.org/entity/Q18618819,национальный парк Австралии
http://www.wikidata.org/entity/Q1560973,Mirima National Park,http://www.wikidata.org/entity/Q18618819,национальный парк Австралии
http://www.wikidata.org/entity/Q1567025,Malá Fatra National Park,http://www.wikidata.org/entity/Q473972,природоохранная зона
http://www.wikidata.org/entity/Q1568129,Энгсё,http://www.wikidata.org/entity/Q473972,природоохранная зона
http://www.wikidata.org/entity/Q1568376,Litchfield National Park,http://www.wikidata.org/entity/Q18618819,национальный парк Австралии
http://www.wikidata.org/entity/Q1571056,Наттай,http://www.wikidata.org/entity/Q473972,природоохранная зона
http://www.wikidata.org/entity/Q1571056,Наттай,http://www.wikidata.org/entity/Q18618819,национальный парк Австралии
http://www.wikidata.org/entity/Q1571138,Kanangra-Boyd National Park,http://www.wikidata.org/entity/Q18618819,национальный парк Австралии
http://www.wikidata.org/entity/Q1571380,Хванге (национальный парк),http://www.wikidata.org/entity/Q1139892,ключевые орнитологические территории
http://www.wikidata.org/entity/Q1572483,Willandra National Park,http://www.wikidata.org/entity/Q18618819,национальный парк Австралии
http://www.wikidata.org/entity/Q1573525,Shuklaphanta National Park,http://www.wikidata.org/entity/Q20268591,wildlife reserve
http://www.wikidata.org/entity/Q1573530,Nightcap National Park,http://www.wikidata.org/entity/Q18618819,национальный парк Австралии
http://www.wikidata.org/entity/Q1573866,Национальный парк Килларни,http://www.wikidata.org/entity/Q158454,биосферный заповедник ЮНЕСКО
http://www.wikidata.org/entity/Q1574010,Mljet Nacionalni Park,http://www.wikidata.org/entity/Q22698,парк
http://www.wikidata.org/entity/Q1574010,Mljet Nacionalni Park,http://www.wikidata.org/entity/Q473972,природоохранная зона
http://www.wikidata.org/entity/Q1574109,Бас-Казаманс,http://www.wikidata.org/entity/Q18618841,national park of Senegal
http://www.wikidata.org/entity/Q1580085,Mount Lindesay National Park,http://www.wikidata.org/entity/Q18618819,национальный парк Австралии
http://www.wikidata.org/entity/Q1581582,Myall Lakes National Park,http://www.wikidata.org/entity/Q18618819,национальный парк Австралии
http://www.wikidata.org/entity/Q1582404,Jervis Bay National Park,http://www.wikidata.org/entity/Q18618819,национальный парк Австралии
http://www.wikidata.org/entity/Q1582579,Morton National Park,http://www.wikidata.org/entity/Q18618819,национальный парк Австралии
http://www.wikidata.org/entity/Q1583435,Mount Royal National Park,http://www.wikidata.org/entity/Q18618819,национальный парк Австралии
http://www.wikidata.org/entity/Q1583699,Warrabah National Park,http://www.wikidata.org/entity/Q18618819,национальный парк Австралии
http://www.wikidata.org/entity/Q1583713,Nymboi-Binderay National Park,http://www.wikidata.org/entity/Q18618819,национальный парк Австралии
http://www.wikidata.org/entity/Q1583757,Mimosa Rocks National Park,http://www.wikidata.org/entity/Q18618819,национальный парк Австралии
http://www.wikidata.org/entity/Q1584430,Nymboida National Park,http://www.wikidata.org/entity/Q18618819,национальный парк Австралии
http://www.wikidata.org/entity/Q1584958,Werrikimbe National Park,http://www.wikidata.org/entity/Q18618819,национальный парк Австралии
http://www.wikidata.org/entity/Q1587429,Национальный парк Thethi,http://www.wikidata.org/entity/Q473972,природоохранная зона
http://www.wikidata.org/entity/Q1588963,Hattah - Kulkyne National Park,http://www.wikidata.org/entity/Q18618819,национальный парк Австралии
http://www.wikidata.org/entity/Q1592510,Heathcote-Graytown National Park,http://www.wikidata.org/entity/Q18618819,национальный парк Австралии
http://www.wikidata.org/entity/Q1602599,Hell Hole Gorge National Park,http://www.wikidata.org/entity/Q18618819,национальный парк Австралии
http://www.wikidata.org/entity/Q1608651,Maryland National Park,http://www.wikidata.org/entity/Q18618819,национальный парк Австралии
http://www.wikidata.org/entity/Q1609380,Herberton Range National Park,http://www.wikidata.org/entity/Q18618819,национальный парк Австралии
http://www.wikidata.org/entity/Q1619336,Nicoll Scrub National Park,http://www.wikidata.org/entity/Q18618819,национальный парк Австралии
http://www.wikidata.org/entity/Q1619353,Sarabah National Park,http://www.wikidata.org/entity/Q18618819,национальный парк Австралии
http://www.wikidata.org/entity/Q1624289,Holbourne Island National Park,http://www.wikidata.org/entity/Q18618819,национальный парк Австралии
http://www.wikidata.org/entity/Q1626087,Homevale National Park,http://www.wikidata.org/entity/Q18618819,национальный парк Австралии
http://www.wikidata.org/entity/Q1627074,Maria National Park,http://www.wikidata.org/entity/Q18618819,национальный парк Австралии
http://www.wikidata.org/entity/Q1628962,Main Range National Park,http://www.wikidata.org/entity/Q18618819,национальный парк Австралии
http://www.wikidata.org/entity/Q1630414,Peak Range National Park,http://www.wikidata.org/entity/Q18618819,национальный парк Австралии
http://www.wikidata.org/entity/Q1631337,Lake Torrens National Park,http://www.wikidata.org/entity/Q18618819,национальный парк Австралии
http://www.wikidata.org/entity/Q1631766,Amboró National Park,http://www.wikidata.org/entity/Q96592721,protected area of Bolivia
http://www.wikidata.org/entity/Q1631766,Amboró National Park,http://www.wikidata.org/entity/Q119173778,integrated management area (Bolivia)
http://www.wikidata.org/entity/Q1635824,Намаджи,http://www.wikidata.org/entity/Q18618819,национальный парк Австралии
http://www.wikidata.org/entity/Q1638019,Вапуск,http://www.wikidata.org/entity/Q1896949,Национальные парки Канады
http://www.wikidata.org/entity/Q1638093,Hunter Wetlands National Park,http://www.wikidata.org/entity/Q18618819,национальный парк Австралии
http://www.wikidata.org/entity/Q1638890,Tamborine National Park,http://www.wikidata.org/entity/Q18618819,национальный парк Австралии
http://www.wikidata.org/entity/Q1639468,Гора Кения,http://www.wikidata.org/entity/Q14018439,Человек и биосфера
http://www.wikidata.org/entity/Q1639811,Paluma Range National Park,http://www.wikidata.org/entity/Q18618819,национальный парк Австралии
http://www.wikidata.org/entity/Q1641205,Lizard Island National Park,http://www.wikidata.org/entity/Q18618819,национальный парк Австралии
http://www.wikidata.org/entity/Q1641213,Three Islands Group National Park,http://www.wikidata.org/entity/Q18618819,национальный парк Австралии
http://www.wikidata.org/entity/Q1641217,Sundown National Park,http://www.wikidata.org/entity/Q18618819,национальный парк Австралии
http://www.wikidata.org/entity/Q1643261,Слитере,http://www.wikidata.org/entity/Q11876497,national park
http://www.wikidata.org/entity/Q1643261,Слитере,http://www.wikidata.org/entity/Q15069452,охраняемая территория проекта Natura 2000
http://www.wikidata.org/entity/Q1645349,Tjoritja / West MacDonnell National Park,http://www.wikidata.org/entity/Q18618819,национальный парк Австралии
http://www.wikidata.org/entity/Q1646565,Kemendok National Park,http://www.wikidata.org/entity/Q18618819,национальный парк Австралии
http://www.wikidata.org/entity/Q1648266,Нанда-Деви,http://www.wikidata.org/entity/Q158454,биосферный заповедник ЮНЕСКО
http://www.wikidata.org/entity/Q1649503,Kara Kara National Park,http://www.wikidata.org/entity/Q18618819,национальный парк Австралии
http://www.wikidata.org/entity/Q1651245,Cotapata National Park and Integrated Management Natural Area,http://www.wikidata.org/entity/Q96592721,protected area of Bolivia
http://www.wikidata.org/entity/Q1651245,Cotapata National Park and Integrated Management Natural Area,http://www.wikidata.org/entity/Q119173778,integrated management area (Bolivia)
http://www.wikidata.org/entity/Q1651251,Iñao National Park and Integrated Management Natural Area,http://www.wikidata.org/entity/Q96592721,protected area of Bolivia
http://www.wikidata.org/entity/Q1651251,Iñao National Park and Integrated Management Natural Area,http://www.wikidata.org/entity/Q119173778,integrated management area (Bolivia)
http://www.wikidata.org/entity/Q1651307,Otuquis National Park and Integrated Management Natural Area,http://www.wikidata.org/entity/Q96592721,protected area of Bolivia
http://www.wikidata.org/entity/Q1651307,Otuquis National Park and Integrated Management Natural Area,http://www.wikidata.org/entity/Q119173778,integrated management area (Bolivia)
http://www.wikidata.org/entity/Q1651313,Isiboro Sécure National Park and Indigenous Territory,http://www.wikidata.org/entity/Q96592721,protected area of Bolivia
http://www.wikidata.org/entity/Q1651320,Tunari National Park,http://www.wikidata.org/entity/Q96592721,protected area of Bolivia
http://www.wikidata.org/entity/Q1651467,Carrasco National Park,http://www.wikidata.org/entity/Q96592721,protected area of Bolivia
http://www.wikidata.org/entity/Q1655345,Richmond Range National Park,http://www.wikidata.org/entity/Q18618819,национальный парк Австралии
http://www.wikidata.org/entity/Q1657650,Livingstone National Park,http://www.wikidata.org/entity/Q18618819,национальный парк Австралии
http://www.wikidata.org/entity/Q1658753,Сиес,http://www.wikidata.org/entity/Q473972,природоохранная зона
http://www.wikidata.org/entity/Q1658753,Сиес,http://www.wikidata.org/entity/Q1191622,Специальная область сохранения
http://www.wikidata.org/entity/Q1658753,Сиес,http://www.wikidata.org/entity/Q1402592,группа островов
http://www.wikidata.org/entity/Q1658753,Сиес,http://www.wikidata.org/entity/Q2463705,особая природоохранная зона ЕС по защите птиц
http://www.wikidata.org/entity/Q1658753,Сиес,http://www.wikidata.org/entity/Q107691554,ES96 Natura 2000
http://www.wikidata.org/entity/Q1666495,Junee National Park,http://www.wikidata.org/entity/Q18618819,национальный парк Австралии
http://www.wikidata.org/entity/Q1668264,Millstream Falls National Park,http://www.wikidata.org/entity/Q18618819,национальный парк Австралии
http://www.wikidata.org/entity/Q1670728,Mungo National Park,http://www.wikidata.org/entity/Q18618819,национальный парк Австралии
http://www.wikidata.org/entity/Q1670942,Nerang National Park,http://www.wikidata.org/entity/Q18618819,национальный парк Австралии
http://www.wikidata.org/entity/Q1674848,Mowbray National Park,http://www.wikidata.org/entity/Q18618819,национальный парк Австралии
http://www.wikidata.org/entity/Q1678943,Wallingat National Park,http://www.wikidata.org/entity/Q18618819,национальный парк Австралии
http://www.wikidata.org/entity/Q1681298,Tilligerry National Park,http://www.wikidata.org/entity/Q18618819,национальный парк Австралии
http://www.wikidata.org/entity/Q1687776,Jerrawangala National Park,http://www.wikidata.org/entity/Q18618819,национальный парк Австралии
http://www.wikidata.org/entity/Q1696277,Turtle Group National Park,http://www.wikidata.org/entity/Q18618819,национальный парк Австралии
http://www.wikidata.org/entity/Q1699032,Джон-Форрест,http://www.wikidata.org/entity/Q358,национальный объект культурного наследия
http://www.wikidata.org/entity/Q1699032,Джон-Форрест,http://www.wikidata.org/entity/Q18618819,национальный парк Австралии
http://www.wikidata.org/entity/Q1703667,Maleny National Park,http://www.wikidata.org/entity/Q18618819,национальный парк Австралии
http://www.wikidata.org/entity/Q1711140,Tully Falls National Park,http://www.wikidata.org/entity/Q18618819,национальный парк Австралии
http://www.wikidata.org/entity/Q1718891,Woko National Park,http://www.wikidata.org/entity/Q18618819,национальный парк Австралии
http://www.wikidata.org/entity/Q1719903,Marrangaroo National Park,http://www.wikidata.org/entity/Q18618819,национальный парк Австралии
http://www.wikidata.org/entity/Q1721939,Kalamunda National Park,http://www.wikidata.org/entity/Q18618819,национальный парк Австралии
http://www.wikidata.org/entity/Q1722083,Калбарри (национальный парк),http://www.wikidata.org/entity/Q358,национальный объект культурного наследия
http://www.wikidata.org/entity/Q1722083,Калбарри (национальный парк),http://www.wikidata.org/entity/Q18618819,национальный парк Австралии
http://www.wikidata.org/entity/Q58233041,Aconguija National Park,http://www.wikidata.org/entity/Q6974775,национальный парк Аргентины
http://www.wikidata.org/entity/Q59771785,Green Mountain National Park,http://www.wikidata.org/entity/Q473972,природоохранная зона
http://www.wikidata.org/entity/Q59771785,Green Mountain National Park,http://www.wikidata.org/entity/Q14545628,категория МСОП II: национальный парк
http://www.wikidata.org/entity/Q62414611,Point Nepean National Park,http://www.wikidata.org/entity/Q18618819,национальный парк Австралии
http://www.wikidata.org/entity/Q63284212,Бойковщина,http://www.wikidata.org/entity/Q473972,природоохранная зона
http://www.wikidata.org/entity/Q63431762,Каменская Сечь,http://www.wikidata.org/entity/Q473972,природоохранная зона
http://www.wikidata.org/entity/Q65040357,Nosy Ve-Androka National Park,http://www.wikidata.org/entity/Q473972,природоохранная зона
http://www.wikidata.org/entity/Q65165434,San Matías Integrated management natural area,http://www.wikidata.org/entity/Q96592721,protected area of Bolivia
http://www.wikidata.org/entity/Q65165434,San Matías Integrated management natural area,http://www.wikidata.org/entity/Q119173778,integrated management area (Bolivia)
http://www.wikidata.org/entity/Q85776674,Limeburners Creek National Park,http://www.wikidata.org/entity/Q18618819,национальный парк Австралии
http://www.wikidata.org/entity/Q97487117,Mount Qixian Hot Springs National Forest Park,http://www.wikidata.org/entity/Q6629955,лесопарк
http://www.wikidata.org/entity/Q100286161,"Parque Nacional Congolón, Coyocutena y Piedra Parada",http://www.wikidata.org/entity/Q473972,природоохранная зона
http://www.wikidata.org/entity/Q101410757,Arasbaran national park,http://www.wikidata.org/entity/Q18618822,national park of Iran
http://www.wikidata.org/entity/Q104521695,Green River Park,http://www.wikidata.org/entity/Q22746,городской парк
http://www.wikidata.org/entity/Q105613070,Zamen Ahoo National Park,http://www.wikidata.org/entity/Q1377575,wildlife refuge
http://www.wikidata.org/entity/Q105613070,Zamen Ahoo National Park,http://www.wikidata.org/entity/Q18618822,national park of Iran
http://www.wikidata.org/entity/Q105929473,Seydva National Park,http://www.wikidata.org/entity/Q18618822,national park of Iran
http://www.wikidata.org/entity/Q107036709,Ferme Youyou,http://www.wikidata.org/entity/Q570116,достопримечательность
http://www.wikidata.org/entity/Q107112206,Raimona National Park,http://www.wikidata.org/entity/Q473972,природоохранная зона
http://www.wikidata.org/entity/Q107389640,Национальный парк «Зигальга»,http://www.wikidata.org/entity/Q570116,достопримечательность
http://www.wikidata.org/entity/Q107426920,Nosy Tanikely National Park,http://www.wikidata.org/entity/Q473972,природоохранная зона
http://www.wikidata.org/entity/Q107615208,"Laramie Ranger District (Wyoming, U.S.)",http://www.wikidata.org/entity/Q338112,зона отдыха
http://www.wikidata.org/entity/Q107615208,"Laramie Ranger District (Wyoming, U.S.)",http://www.wikidata.org/entity/Q20857065,федеральное агентство США
http://www.wikidata.org/entity/Q108321575,Койгородский национальный парк,http://www.wikidata.org/entity/Q1969226,национальный парк
http://www.wikidata.org/entity/Q108330292,Самурский (национальный парк),http://www.wikidata.org/entity/Q1969226,национальный парк
http://www.wikidata.org/entity/Q108907996,Omo forest reserve,http://www.wikidata.org/entity/Q4421,лес
http://www.wikidata.org/entity/Q108907996,Omo forest reserve,http://www.wikidata.org/entity/Q158454,биосферный заповедник ЮНЕСКО
http://www.wikidata.org/entity/Q108907996,Omo forest reserve,http://www.wikidata.org/entity/Q473972,природоохранная зона
http://www.wikidata.org/entity/Q108907996,Omo forest reserve,http://www.wikidata.org/entity/Q570116,достопримечательность
http://www.wikidata.org/entity/Q108907996,Omo forest reserve,http://www.wikidata.org/entity/Q10594991,природная зона
http://www.wikidata.org/entity/Q108908670,Gashaka-Gumti National Park,http://www.wikidata.org/entity/Q1714375,охотничий заповедник
http://www.wikidata.org/entity/Q108921089,Gashaka-Gumti National Park,http://www.wikidata.org/entity/Q570116,достопримечательность
http://www.wikidata.org/entity/Q109450874,Шар-Планина,http://www.wikidata.org/entity/Q473972,природоохранная зона
http://www.wikidata.org/entity/Q109450874,Шар-Планина,http://www.wikidata.org/entity/Q1286517,природный ландшафт
http://www.wikidata.org/entity/Q109662193,Pilliga National Park,http://www.wikidata.org/entity/Q473972,природоохранная зона
http://www.wikidata.org/entity/Q109819288,Национальный парк «Дурмень»,http://www.wikidata.org/entity/Q473972,природоохранная зона
http://www.wikidata.org/entity/Q109819320,Хорезмский национальный парк,http://www.wikidata.org/entity/Q473972,природоохранная зона
http://www.wikidata.org/entity/Q110271099,Q110271099,http://www.wikidata.org/entity/Q56809587,National Park of Mexico
http://www.wikidata.org/entity/Q111459004,Koroyanitu National Park,http://www.wikidata.org/entity/Q11546861,парк-наследие
http://www.wikidata.org/entity/Q111482970,Q111482970,http://www.wikidata.org/entity/Q179049,заповедник
http://www.wikidata.org/entity/Q112032100,Samaria National Park,http://www.wikidata.org/entity/Q158454,биосферный заповедник ЮНЕСКО
http://www.wikidata.org/entity/Q112114452,Улытауский национальный парк,http://www.wikidata.org/entity/Q112128334,особо охраняемая природная территория республиканского значения Казахстана
http://www.wikidata.org/entity/Q119480293,Semiliki Uganda Forest Reserve,http://www.wikidata.org/entity/Q7315273,лесной заказник
http://www.wikidata.org/entity/Q122981807,Brú na Bóinne national park,http://www.wikidata.org/entity/Q64728694,предлагаемая сущность
http://www.wikidata.org/entity/Q123439915,Kudremukh National Park,http://www.wikidata.org/entity/Q473972,природоохранная зона
http://www.wikidata.org/entity/Q124477982,Křivoklátsko National Park,http://www.wikidata.org/entity/Q118256174,proposed national park
http://www.wikidata.org/entity/Q125465752,Национальный парк «Южный Устюрт»,http://www.wikidata.org/entity/Q473972,природоохранная зона
http://www.wikidata.org/entity/Q127315453,Pituamkek National Park Reserve,http://www.wikidata.org/entity/Q1896949,Национальные парки Канады
http://www.wikidata.org/entity/Q130482153,Rugu National Park,http://www.wikidata.org/entity/Q62059246,public reserve
http://www.wikidata.org/entity/Q131416188,National Garden Park,http://www.wikidata.org/entity/Q22746,городской парк
http://www.wikidata.org/entity/Q131456747,Q131456747,http://www.wikidata.org/entity/Q473972,природоохранная зона
http://www.wikidata.org/entity/Q131757181,Cuttaburra National Park,http://www.wikidata.org/entity/Q18618819,национальный парк Австралии
http://www.wikidata.org/entity/Q132184400,Dthinna Dthinnawan National Park,http://www.wikidata.org/entity/Q18618819,национальный парк Австралии
http://www.wikidata.org/entity/Q133831730,Kinabatangan Wildlife Sanctuary,http://www.wikidata.org/entity/Q22698,парк
http://www.wikidata.org/entity/Q133831730,Kinabatangan Wildlife Sanctuary,http://www.wikidata.org/entity/Q473972,природоохранная зона
http://www.wikidata.org/entity/Q133888816,Great Koala National Park,http://www.wikidata.org/entity/Q170584,проект
http://www.wikidata.org/entity/Q133888816,Great Koala National Park,http://www.wikidata.org/entity/Q110555147,Koala conservation
http://www.wikidata.org/entity/Q134533238,Gishwati–Mukura National Park,http://www.wikidata.org/entity/Q158454,биосферный заповедник ЮНЕСКО
http://www.wikidata.org/entity/Q135623161,Nevado del Huila,http://www.wikidata.org/entity/Q473972,природоохранная зона
http://www.wikidata.org/entity/Q1724651,Warra National Park,http://www.wikidata.org/entity/Q18618819,национальный парк Австралии
http://www.wikidata.org/entity/Q1725911,Долина Валбоны,http://www.wikidata.org/entity/Q473972,природоохранная зона
http://www.wikidata.org/entity/Q1727012,Ulidarra National Park,http://www.wikidata.org/entity/Q18618819,национальный парк Австралии
http://www.wikidata.org/entity/Q1729357,Кариджини,http://www.wikidata.org/entity/Q18618819,национальный парк Австралии
http://www.wikidata.org/entity/Q1733755,Karlamilyi National Park,http://www.wikidata.org/entity/Q18618819,национальный парк Австралии
http://www.wikidata.org/entity/Q1734673,Karuah National Park,http://www.wikidata.org/entity/Q18618819,национальный парк Австралии
http://www.wikidata.org/entity/Q1738788,Национальный парк Кеннеди-Рендж,http://www.wikidata.org/entity/Q18618819,национальный парк Австралии
http://www.wikidata.org/entity/Q1739148,Keppel Bay Islands National Park,http://www.wikidata.org/entity/Q18618819,национальный парк Австралии
http://www.wikidata.org/entity/Q1740067,Keverstone National Park,http://www.wikidata.org/entity/Q18618819,национальный парк Австралии
http://www.wikidata.org/entity/Q1740754,Q1740754,http://www.wikidata.org/entity/Q1377575,wildlife refuge
http://www.wikidata.org/entity/Q1742613,Scheyville National Park,http://www.wikidata.org/entity/Q18618819,национальный парк Австралии
http://www.wikidata.org/entity/Q1743569,Kirrama National Park,http://www.wikidata.org/entity/Q18618819,национальный парк Австралии
http://www.wikidata.org/entity/Q1754183,Скулескуген,http://www.wikidata.org/entity/Q10509765,border forest
http://www.wikidata.org/entity/Q1755161,Косцюшко,http://www.wikidata.org/entity/Q3257686,обжитая местность
http://www.wikidata.org/entity/Q1755161,Косцюшко,http://www.wikidata.org/entity/Q18618819,национальный парк Австралии
http://www.wikidata.org/entity/Q1756401,Пасифик-Рим,http://www.wikidata.org/entity/Q1896949,Национальные парки Канады
http://www.wikidata.org/entity/Q1761032,Апеннино-Тоско-Эмилиано,http://www.wikidata.org/entity/Q473972,природоохранная зона
http://www.wikidata.org/entity/Q1765473,Paroo-Darling National Park,http://www.wikidata.org/entity/Q18618819,национальный парк Австралии
http://www.wikidata.org/entity/Q1767601,Низкие Татры (национальный парк),http://www.wikidata.org/entity/Q473972,природоохранная зона
http://www.wikidata.org/entity/Q1769988,Tarong National Park,http://www.wikidata.org/entity/Q18618819,национальный парк Австралии
http://www.wikidata.org/entity/Q1772511,Mapleton Falls National Park,http://www.wikidata.org/entity/Q18618819,национальный парк Австралии
http://www.wikidata.org/entity/Q1781175,Kondalilla National Park,http://www.wikidata.org/entity/Q18618819,национальный парк Австралии
http://www.wikidata.org/entity/Q1783768,Pinnacles National Park,http://www.wikidata.org/entity/Q34918903,национальный парк США
http://www.wikidata.org/entity/Q1783816,Kooraban National Park,http://www.wikidata.org/entity/Q18618819,национальный парк Австралии
http://www.wikidata.org/entity/Q1785861,Лосиный Остров,http://www.wikidata.org/entity/Q1959314,особо охраняемая природная территория России
http://www.wikidata.org/entity/Q1787671,"Foreste Casentinesi, Monte Falterona, Campigna National Park",http://www.wikidata.org/entity/Q9259,всемирное наследие
http://www.wikidata.org/entity/Q1787671,"Foreste Casentinesi, Monte Falterona, Campigna National Park",http://www.wikidata.org/entity/Q473972,природоохранная зона
http://www.wikidata.org/entity/Q1792589,Тарра-Булга,http://www.wikidata.org/entity/Q18618819,национальный парк Австралии
http://www.wikidata.org/entity/Q1792932,Kuranda National Park,http://www.wikidata.org/entity/Q18618819,национальный парк Австралии
http://www.wikidata.org/entity/Q1799705,Lachlan Valley National Park,http://www.wikidata.org/entity/Q18618819,национальный парк Австралии
http://www.wikidata.org/entity/Q1800839,Lake Bindegolly National Park,http://www.wikidata.org/entity/Q18618819,национальный парк Австралии
http://www.wikidata.org/entity/Q1810964,Walpole-Nornalup National Park,http://www.wikidata.org/entity/Q18618819,национальный парк Австралии
http://www.wikidata.org/entity/Q1811861,Воллеми,http://www.wikidata.org/entity/Q18618819,национальный парк Австралии
http://www.wikidata.org/entity/Q1817735,Баянаульский национальный парк,http://www.wikidata.org/entity/Q839954,археологический памятник
http://www.wikidata.org/entity/Q1817735,Баянаульский национальный парк,http://www.wikidata.org/entity/Q112128334,особо охраняемая природная территория республиканского значения Казахстана
http://www.wikidata.org/entity/Q1825817,Линд (национальный парк),http://www.wikidata.org/entity/Q18618819,национальный парк Австралии
http://www.wikidata.org/entity/Q1848058,Springbrook National Park,http://www.wikidata.org/entity/Q18618819,национальный парк Австралии
http://www.wikidata.org/entity/Q1850670,Semuc Champey,http://www.wikidata.org/entity/Q14625056,Акрони Есенице
http://www.wikidata.org/entity/Q1867657,Lockyer National Park,http://www.wikidata.org/entity/Q18618819,национальный парк Австралии
http://www.wikidata.org/entity/Q1872590,Лоуэр-Голберн,http://www.wikidata.org/entity/Q18618819,национальный парк Австралии
http://www.wikidata.org/entity/Q1875999,Tallaganda National Park,http://www.wikidata.org/entity/Q18618819,национальный парк Австралии
http://www.wikidata.org/entity/Q1885989,Nangar National Park,http://www.wikidata.org/entity/Q18618819,национальный парк Австралии
http://www.wikidata.org/entity/Q1886016,Mallee Cliffs National Park,http://www.wikidata.org/entity/Q18618819,национальный парк Австралии
http://www.wikidata.org/entity/Q1886230,Tooloom National Park,http://www.wikidata.org/entity/Q18618819,национальный парк Австралии
http://www.wikidata.org/entity/Q1886487,Cinque Terre National Park,http://www.wikidata.org/entity/Q9259,всемирное наследие
http://www.wikidata.org/entity/Q1886487,Cinque Terre National Park,http://www.wikidata.org/entity/Q473972,природоохранная зона
http://www.wikidata.org/entity/Q1888246,Пикапен,http://www.wikidata.org/entity/Q18618819,национальный парк Австралии
http://www.wikidata.org/entity/Q1891711,Стельвио (национальный парк),http://www.wikidata.org/entity/Q473972,природоохранная зона
http://www.wikidata.org/entity/Q1891711,Стельвио (национальный парк),http://www.wikidata.org/entity/Q15069452,охраняемая территория проекта Natura 2000
http://www.wikidata.org/entity/Q1892088,Mapleton National Park,http://www.wikidata.org/entity/Q18618819,национальный парк Австралии
http://www.wikidata.org/entity/Q1894197,Mount Barney National Park,http://www.wikidata.org/entity/Q18618819,национальный парк Австралии
http://www.wikidata.org/entity/Q1895531,Maria Creek National Park,http://www.wikidata.org/entity/Q18618819,национальный парк Австралии
http://www.wikidata.org/entity/Q1914604,Shete Boka National Park,http://www.wikidata.org/entity/Q1286517,природный ландшафт
http://www.wikidata.org/entity/Q1931841,Middle Brother National Park,http://www.wikidata.org/entity/Q18618819,национальный парк Австралии
http://www.wikidata.org/entity/Q1937231,Minjary National Park,http://www.wikidata.org/entity/Q18618819,национальный парк Австралии
http://www.wikidata.org/entity/Q1939491,Mitchell River National Park,http://www.wikidata.org/entity/Q18618819,национальный парк Австралии
http://www.wikidata.org/entity/Q1946032,Fernando de Noronha Marine National Park,http://www.wikidata.org/entity/Q473972,природоохранная зона
http://www.wikidata.org/entity/Q1946658,Mooloolah River National Park,http://www.wikidata.org/entity/Q18618819,национальный парк Австралии
http://www.wikidata.org/entity/Q1948784,Morwell National Park,http://www.wikidata.org/entity/Q18618819,национальный парк Австралии
http://www.wikidata.org/entity/Q1950284,Mount Archer National Park,http://www.wikidata.org/entity/Q18618819,национальный парк Австралии
http://www.wikidata.org/entity/Q1950293,Mount Colosseum National Park,http://www.wikidata.org/entity/Q18618819,национальный парк Австралии
http://www.wikidata.org/entity/Q1950297,Маунт-Эклс,http://www.wikidata.org/entity/Q18618819,национальный парк Австралии
http://www.wikidata.org/entity/Q1950299,Mount Coolum National Park,http://www.wikidata.org/entity/Q18618819,национальный парк Австралии
http://www.wikidata.org/entity/Q1950302,Mount Frankland North National Park,http://www.wikidata.org/entity/Q18618819,национальный парк Австралии
http://www.wikidata.org/entity/Q1950308,Mount Frankland National Park,http://www.wikidata.org/entity/Q18618819,национальный парк Австралии
http://www.wikidata.org/entity/Q1950327,Mount Kaputar National Park,http://www.wikidata.org/entity/Q18618819,национальный парк Австралии
http://www.wikidata.org/entity/Q1950660,Mount Pulag National Park,http://www.wikidata.org/entity/Q179049,заповедник
http://www.wikidata.org/entity/Q1951728,Mudlo National Park,http://www.wikidata.org/entity/Q18618819,национальный парк Австралии
http://www.wikidata.org/entity/Q1953824,Murray River National Park,http://www.wikidata.org/entity/Q18618819,национальный парк Австралии
http://www.wikidata.org/entity/Q1962200,Александр,http://www.wikidata.org/entity/Q4022,река
http://www.wikidata.org/entity/Q1964588,Nangur National Park,http://www.wikidata.org/entity/Q18618819,национальный парк Австралии
http://www.wikidata.org/entity/Q1968721,Национальный парк архипелага Кабрера,http://www.wikidata.org/entity/Q33837,архипелаг
http://www.wikidata.org/entity/Q1968721,Национальный парк архипелага Кабрера,http://www.wikidata.org/entity/Q473972,природоохранная зона
http://www.wikidata.org/entity/Q1968721,Национальный парк архипелага Кабрера,http://www.wikidata.org/entity/Q1316973,национальный парк Испании
http://www.wikidata.org/entity/Q1968784,Dajti National Park,http://www.wikidata.org/entity/Q473972,природоохранная зона
http://www.wikidata.org/entity/Q1968796,Fir of Drenovë National Park,http://www.wikidata.org/entity/Q759882,охраняемая природная зона
http://www.wikidata.org/entity/Q1968934,Монтань-д’Амбр,http://www.wikidata.org/entity/Q22698,парк
http://www.wikidata.org/entity/Q1968934,Монтань-д’Амбр,http://www.wikidata.org/entity/Q473972,природоохранная зона
http://www.wikidata.org/entity/Q1968934,Монтань-д’Амбр,http://www.wikidata.org/entity/Q570116,достопримечательность
http://www.wikidata.org/entity/Q1968939,Монфрагуэ,http://www.wikidata.org/entity/Q158454,биосферный заповедник ЮНЕСКО
http://www.wikidata.org/entity/Q1968939,Монфрагуэ,http://www.wikidata.org/entity/Q1316973,национальный парк Испании
http://www.wikidata.org/entity/Q1968946,Муранска Планина (национальный парк),http://www.wikidata.org/entity/Q473972,природоохранная зона
http://www.wikidata.org/entity/Q1968995,Национальный парк Кафа Штама,http://www.wikidata.org/entity/Q473972,природоохранная зона
http://www.wikidata.org/entity/Q1969017,Национальный парк Шебеник-Ябланица,http://www.wikidata.org/entity/Q473972,природоохранная зона
http://www.wikidata.org/entity/Q1969050,Национальный парк Сьерра-Невада,http://www.wikidata.org/entity/Q1316973,национальный парк Испании
http://www.wikidata.org/entity/Q1969050,Национальный парк Сьерра-Невада,http://www.wikidata.org/entity/Q15069452,охраняемая территория проекта Natura 2000
http://www.wikidata.org/entity/Q1976764,Tapin Tops National Park,http://www.wikidata.org/entity/Q18618819,национальный парк Австралии
http://www.wikidata.org/entity/Q1982368,New England National Park,http://www.wikidata.org/entity/Q18618819,национальный парк Австралии
http://www.wikidata.org/entity/Q1988901,Prespes National Park,http://www.wikidata.org/entity/Q1191622,Специальная область сохранения
http://www.wikidata.org/entity/Q1988901,Prespes National Park,http://www.wikidata.org/entity/Q2463705,особая природоохранная зона ЕС по защите птиц
http://www.wikidata.org/entity/Q1993949,Нитмилук,http://www.wikidata.org/entity/Q18618819,национальный парк Австралии
http://www.wikidata.org/entity/Q1999046,The Broads,http://www.wikidata.org/entity/Q30198,болото
http://www.wikidata.org/entity/Q1999046,The Broads,http://www.wikidata.org/entity/Q473972,природоохранная зона
http://www.wikidata.org/entity/Q2003663,Бундала,http://www.wikidata.org/entity/Q158454,биосферный заповедник ЮНЕСКО
http://www.wikidata.org/entity/Q2006345,Подийи,http://www.wikidata.org/entity/Q473972,природоохранная зона
http://www.wikidata.org/entity/Q2008560,Oakview National Park,http://www.wikidata.org/entity/Q18618819,национальный парк Австралии
http://www.wikidata.org/entity/Q2016058,Strzelecki National Park,http://www.wikidata.org/entity/Q18618819,национальный парк Австралии
http://www.wikidata.org/entity/Q2020105,Q2020105,http://www.wikidata.org/entity/Q15069452,охраняемая территория проекта Natura 2000
http://www.wikidata.org/entity/Q2042871,Oxley Wild Rivers National Park,http://www.wikidata.org/entity/Q18618819,национальный парк Австралии
http://www.wikidata.org/entity/Q2043817,Krkonoše National Park,http://www.wikidata.org/entity/Q473972,природоохранная зона
http://www.wikidata.org/entity/Q217136,Денали,http://www.wikidata.org/entity/Q841646,национальный заказник
http://www.wikidata.org/entity/Q217136,Денали,http://www.wikidata.org/entity/Q17343829,невключённая община в США
http://www.wikidata.org/entity/Q217136,Денали,http://www.wikidata.org/entity/Q34918903,национальный парк США
http://www.wikidata.org/entity/Q217136,Денали,http://www.wikidata.org/entity/Q117531692,творческая резиденция
http://www.wikidata.org/entity/Q219562,Брайс-Каньон,http://www.wikidata.org/entity/Q34918903,национальный парк США
http://www.wikidata.org/entity/Q220289,Гранд-Каньон,http://www.wikidata.org/entity/Q34918903,национальный парк США
http://www.wikidata.org/entity/Q5954394,Nayband National Marine Park,http://www.wikidata.org/entity/Q1185274,marine park
http://www.wikidata.org/entity/Q5954394,Nayband National Marine Park,http://www.wikidata.org/entity/Q18618822,national park of Iran
http://www.wikidata.org/entity/Q6023179,Дюны Индианы,http://www.wikidata.org/entity/Q941043,Список национальных побережий США
http://www.wikidata.org/entity/Q6023179,Дюны Индианы,http://www.wikidata.org/entity/Q34918903,национальный парк США
http://www.wikidata.org/entity/Q6063076,Catatumbo Barí National Natural Park,http://www.wikidata.org/entity/Q22698,парк
http://www.wikidata.org/entity/Q6206287,João Vieira and Poilão Marine National Park,http://www.wikidata.org/entity/Q22698,парк
http://www.wikidata.org/entity/Q6206287,João Vieira and Poilão Marine National Park,http://www.wikidata.org/entity/Q63352727,marine national park
http://www.wikidata.org/entity/Q6444237,Kund Park,http://www.wikidata.org/entity/Q43501,зоопарк
http://www.wikidata.org/entity/Q6488503,Национальный парк Лар,http://www.wikidata.org/entity/Q18618822,national park of Iran
http://www.wikidata.org/entity/Q6630653,Tandooreh National Park,http://www.wikidata.org/entity/Q18618822,national park of Iran
http://www.wikidata.org/entity/Q6727157,Maderas Volcano Natural Reserve,http://www.wikidata.org/entity/Q473972,природоохранная зона
http://www.wikidata.org/entity/Q6753039,Ein Hinya,http://www.wikidata.org/entity/Q839954,археологический памятник
http://www.wikidata.org/entity/Q6753039,Ein Hinya,http://www.wikidata.org/entity/Q7216915,contact spring
http://www.wikidata.org/entity/Q6754559,Maracas Valley,http://www.wikidata.org/entity/Q618123,географический объект
http://www.wikidata.org/entity/Q7054789,Yehudiya Forest Nature Reserve,http://www.wikidata.org/entity/Q179049,заповедник
http://www.wikidata.org/entity/Q7054789,Yehudiya Forest Nature Reserve,http://www.wikidata.org/entity/Q7315273,лесной заказник
http://www.wikidata.org/entity/Q7081927,Okeluse Forest Reserve,http://www.wikidata.org/entity/Q4421,лес
http://www.wikidata.org/entity/Q7081927,Okeluse Forest Reserve,http://www.wikidata.org/entity/Q473972,природоохранная зона
http://www.wikidata.org/entity/Q7081927,Okeluse Forest Reserve,http://www.wikidata.org/entity/Q570116,достопримечательность
http://www.wikidata.org/entity/Q7081927,Okeluse Forest Reserve,http://www.wikidata.org/entity/Q1714375,охотничий заповедник
http://www.wikidata.org/entity/Q7088873,Oluwa Forest Reserve,http://www.wikidata.org/entity/Q4421,лес
http://www.wikidata.org/entity/Q7088873,Oluwa Forest Reserve,http://www.wikidata.org/entity/Q473972,природоохранная зона
http://www.wikidata.org/entity/Q7088873,Oluwa Forest Reserve,http://www.wikidata.org/entity/Q570116,достопримечательность
http://www.wikidata.org/entity/Q7099832,Orango Islands National Park,http://www.wikidata.org/entity/Q22698,парк
http://www.wikidata.org/entity/Q7212122,Хоф-Пальмахим,http://www.wikidata.org/entity/Q179049,заповедник
http://www.wikidata.org/entity/Q7212122,Хоф-Пальмахим,http://www.wikidata.org/entity/Q473972,природоохранная зона
http://www.wikidata.org/entity/Q7285897,Rajbari National Park,http://www.wikidata.org/entity/Q473972,природоохранная зона
http://www.wikidata.org/entity/Q7439837,Sea Acres National Park,http://www.wikidata.org/entity/Q179049,заповедник
http://www.wikidata.org/entity/Q7439837,Sea Acres National Park,http://www.wikidata.org/entity/Q18618819,национальный парк Австралии
http://www.wikidata.org/entity/Q7446357,Gunung Ledang National Park,http://www.wikidata.org/entity/Q473972,природоохранная зона
http://www.wikidata.org/entity/Q7603440,Государственный природный парк «Беш-Таш»,http://www.wikidata.org/entity/Q728904,природный парк
http://www.wikidata.org/entity/Q7603440,Государственный природный парк «Беш-Таш»,http://www.wikidata.org/entity/Q7251276,Охраняемые природные территории Кыргызстана
http://www.wikidata.org/entity/Q7603440,Государственный природный парк «Беш-Таш»,http://www.wikidata.org/entity/Q20602715,state nature national park of Kyrgyzstan
http://www.wikidata.org/entity/Q8034123,Woraksan National Park,http://www.wikidata.org/entity/Q22698,парк
http://www.wikidata.org/entity/Q9055975,Ayub National Park,http://www.wikidata.org/entity/Q22698,парк
http://www.wikidata.org/entity/Q9055975,Ayub National Park,http://www.wikidata.org/entity/Q194195,парк развлечений
http://www.wikidata.org/entity/Q9055975,Ayub National Park,http://www.wikidata.org/entity/Q15982170,парк отдыха
http://www.wikidata.org/entity/Q10834066,Mount Augustus National Park,http://www.wikidata.org/entity/Q18618819,национальный парк Австралии
http://www.wikidata.org/entity/Q10873401,National archaeological park of China,http://www.wikidata.org/entity/Q839954,археологический памятник
http://www.wikidata.org/entity/Q12410485,Кармель (парк),http://www.wikidata.org/entity/Q22698,парк
http://www.wikidata.org/entity/Q12501413,Сколевские Бескиды,http://www.wikidata.org/entity/Q1296040,национальный природный парк
http://www.wikidata.org/entity/Q12501413,Сколевские Бескиды,http://www.wikidata.org/entity/Q106248118,Carpathian protected areas in Ukraine
http://www.wikidata.org/entity/Q14228860,Parque Nacional La Güira,http://www.wikidata.org/entity/Q3406134,дата основания
http://www.wikidata.org/entity/Q15058700,Percy Isles National Park,http://www.wikidata.org/entity/Q18618819,национальный парк Австралии
http://www.wikidata.org/entity/Q15061980,Woowoonga National Park,http://www.wikidata.org/entity/Q18618819,национальный парк Австралии
http://www.wikidata.org/entity/Q2914966,Эйн-Хемед,http://www.wikidata.org/entity/Q1814183,Список национальных парков Израиля
http://www.wikidata.org/entity/Q2916397,Бет-Альфа,http://www.wikidata.org/entity/Q96377522,synagogue ruin
http://www.wikidata.org/entity/Q2916829,Синагога Капернаума,http://www.wikidata.org/entity/Q96377522,synagogue ruin
http://www.wikidata.org/entity/Q3076575,Таджикский национальный парк,http://www.wikidata.org/entity/Q473972,природоохранная зона
http://www.wikidata.org/entity/Q2072918,Windjana Gorge National Park,http://www.wikidata.org/entity/Q18618819,национальный парк Австралии
http://www.wikidata.org/entity/Q2090073,Иль-Зембра-э-Зембрета,http://www.wikidata.org/entity/Q158454,биосферный заповедник ЮНЕСКО
http://www.wikidata.org/entity/Q2090073,Иль-Зембра-э-Зембрета,http://www.wikidata.org/entity/Q473972,природоохранная зона
http://www.wikidata.org/entity/Q2095735,Willi Willi National Park,http://www.wikidata.org/entity/Q18618819,национальный парк Австралии
http://www.wikidata.org/entity/Q2096005,Уошпул,http://www.wikidata.org/entity/Q18618819,национальный парк Австралии
http://www.wikidata.org/entity/Q2104042,Poona National Park,http://www.wikidata.org/entity/Q18618819,национальный парк Австралии
http://www.wikidata.org/entity/Q2104482,Поронгуруп,http://www.wikidata.org/entity/Q18618819,национальный парк Австралии
http://www.wikidata.org/entity/Q2104482,Поронгуруп,http://www.wikidata.org/entity/Q38048753,natural cultural heritage site
http://www.wikidata.org/entity/Q2109503,Wolfe Creek Meteorite Crater National Park,http://www.wikidata.org/entity/Q18618819,национальный парк Австралии
http://www.wikidata.org/entity/Q2110735,Уэйчиникап (национальный парк),http://www.wikidata.org/entity/Q3252908,национальный парк Западной Австралии
http://www.wikidata.org/entity/Q2118139,Pumicestone National Park,http://www.wikidata.org/entity/Q18618819,национальный парк Австралии
http://www.wikidata.org/entity/Q2120243,Humboldt National Park,http://www.wikidata.org/entity/Q18618819,национальный парк Австралии
http://www.wikidata.org/entity/Q2145431,Repulse Islands National Park,http://www.wikidata.org/entity/Q18618819,национальный парк Австралии
http://www.wikidata.org/entity/Q2217910,Yanununbeyan National Park,http://www.wikidata.org/entity/Q18618819,национальный парк Австралии
http://www.wikidata.org/entity/Q2231459,Worimi National Park,http://www.wikidata.org/entity/Q18618819,национальный парк Австралии
http://www.wikidata.org/entity/Q2260738,Скотт (национальный парк),http://www.wikidata.org/entity/Q18618819,национальный парк Австралии
http://www.wikidata.org/entity/Q2266463,Шапада-Диамантина,http://www.wikidata.org/entity/Q33506,музей
http://www.wikidata.org/entity/Q2288381,Симпсон-дезерт,http://www.wikidata.org/entity/Q18618819,национальный парк Австралии
http://www.wikidata.org/entity/Q2289215,Single National Park,http://www.wikidata.org/entity/Q18618819,национальный парк Австралии
http://www.wikidata.org/entity/Q2304246,South Cumberland Islands National Park,http://www.wikidata.org/entity/Q18618819,национальный парк Австралии
http://www.wikidata.org/entity/Q2316148,St Helena Island National Park,http://www.wikidata.org/entity/Q18618819,национальный парк Австралии
http://www.wikidata.org/entity/Q2347510,Wollumbin National Park,http://www.wikidata.org/entity/Q18618819,национальный парк Австралии
http://www.wikidata.org/entity/Q2371921,Swain Reefs National Park,http://www.wikidata.org/entity/Q18618819,национальный парк Австралии
http://www.wikidata.org/entity/Q2383378,Гирканский национальный парк,http://www.wikidata.org/entity/Q22698,парк
http://www.wikidata.org/entity/Q2391522,Мамшит,http://www.wikidata.org/entity/Q839954,археологический памятник
http://www.wikidata.org/entity/Q2394398,Tarlo River National Park,http://www.wikidata.org/entity/Q18618819,национальный парк Австралии
http://www.wikidata.org/entity/Q2407480,Tewantin National Park,http://www.wikidata.org/entity/Q18618819,национальный парк Австралии
http://www.wikidata.org/entity/Q2407530,Бейт-Гуврин-Мареша,http://www.wikidata.org/entity/Q9259,всемирное наследие
http://www.wikidata.org/entity/Q2409324,The Lakes National Park,http://www.wikidata.org/entity/Q18618819,национальный парк Австралии
http://www.wikidata.org/entity/Q2426755,Wallarah National Park,http://www.wikidata.org/entity/Q18618819,национальный парк Австралии
http://www.wikidata.org/entity/Q2429712,Thrushton National Park,http://www.wikidata.org/entity/Q18618819,национальный парк Австралии
http://www.wikidata.org/entity/Q2436849,Гыданский национальный парк,http://www.wikidata.org/entity/Q1959314,особо охраняемая природная территория России
http://www.wikidata.org/entity/Q2446868,Towarri National Park,http://www.wikidata.org/entity/Q18618819,национальный парк Австралии
http://www.wikidata.org/entity/Q2454491,Triunia National Park,http://www.wikidata.org/entity/Q18618819,национальный парк Австралии
http://www.wikidata.org/entity/Q2456076,Коразим,http://www.wikidata.org/entity/Q839954,археологический памятник
http://www.wikidata.org/entity/Q2459046,Tuchekoi National Park,http://www.wikidata.org/entity/Q18618819,национальный парк Австралии
http://www.wikidata.org/entity/Q2469418,Курси,http://www.wikidata.org/entity/Q44613,монастырь
http://www.wikidata.org/entity/Q2469418,Курси,http://www.wikidata.org/entity/Q839954,археологический памятник
http://www.wikidata.org/entity/Q2469996,Домоглед-Валя-Черна,http://www.wikidata.org/entity/Q473972,природоохранная зона
http://www.wikidata.org/entity/Q2482466,Narrien Range National Park,http://www.wikidata.org/entity/Q18618819,национальный парк Австралии
http://www.wikidata.org/entity/Q2483354,Snake Range National Park,http://www.wikidata.org/entity/Q18618819,национальный парк Австралии
http://www.wikidata.org/entity/Q2483381,Yungaburra National Park,http://www.wikidata.org/entity/Q18618819,национальный парк Австралии
http://www.wikidata.org/entity/Q2533154,Sodwana Bay National Park,http://www.wikidata.org/entity/Q179049,заповедник
http://www.wikidata.org/entity/Q2535413,Vulkathunha-Gammon Ranges National Park,http://www.wikidata.org/entity/Q18618819,национальный парк Австралии
http://www.wikidata.org/entity/Q2535657,Yengo National Park,http://www.wikidata.org/entity/Q3257686,обжитая местность
http://www.wikidata.org/entity/Q2535657,Yengo National Park,http://www.wikidata.org/entity/Q18618819,национальный парк Австралии
http://www.wikidata.org/entity/Q2542568,Wallaroo National Park,http://www.wikidata.org/entity/Q18618819,национальный парк Австралии
http://www.wikidata.org/entity/Q2549016,Warby-Ovens National Park,http://www.wikidata.org/entity/Q18618819,национальный парк Австралии
http://www.wikidata.org/entity/Q2549832,Warro National Park,http://www.wikidata.org/entity/Q18618819,национальный парк Австралии
http://www.wikidata.org/entity/Q2567639,Wickham National Park,http://www.wikidata.org/entity/Q18618819,национальный парк Австралии
http://www.wikidata.org/entity/Q2571074,Topaz Road National Park,http://www.wikidata.org/entity/Q18618819,национальный парк Австралии
http://www.wikidata.org/entity/Q2576611,Yabbra National Park,http://www.wikidata.org/entity/Q18618819,национальный парк Австралии
http://www.wikidata.org/entity/Q2576838,Yanga National Park,http://www.wikidata.org/entity/Q18618819,национальный парк Австралии
http://www.wikidata.org/entity/Q2586011,Принс-Риджент,http://www.wikidata.org/entity/Q18618819,национальный парк Австралии
http://www.wikidata.org/entity/Q2593033,Wongi National Park,http://www.wikidata.org/entity/Q18618819,национальный парк Австралии
http://www.wikidata.org/entity/Q2593051,Woocoo National Park,http://www.wikidata.org/entity/Q18618819,национальный парк Австралии
http://www.wikidata.org/entity/Q2593313,Woondum National Park,http://www.wikidata.org/entity/Q18618819,национальный парк Австралии
http://www.wikidata.org/entity/Q2594015,Woroon National Park,http://www.wikidata.org/entity/Q18618819,национальный парк Австралии
http://www.wikidata.org/entity/Q2594415,Wrattens National Park,http://www.wikidata.org/entity/Q18618819,национальный парк Австралии
http://www.wikidata.org/entity/Q2599639,Yarrahapinni Wetlands National Park,http://www.wikidata.org/entity/Q18618819,национальный парк Австралии
http://www.wikidata.org/entity/Q2600427,Каланки (национальный парк),http://www.wikidata.org/entity/Q473972,природоохранная зона
http://www.wikidata.org/entity/Q2600427,Каланки (национальный парк),http://www.wikidata.org/entity/Q943017,Список национальных парков Франции
http://www.wikidata.org/entity/Q2604975,Мадхав,http://www.wikidata.org/entity/Q22698,парк
http://www.wikidata.org/entity/Q2639563,Tadoba-Andhari Tiger Reserve,http://www.wikidata.org/entity/Q22698,парк
http://www.wikidata.org/entity/Q2639563,Tadoba-Andhari Tiger Reserve,http://www.wikidata.org/entity/Q5533772,Tiger reserve of India
http://www.wikidata.org/entity/Q2639657,Albinia National Park,http://www.wikidata.org/entity/Q18618819,национальный парк Австралии
http://www.wikidata.org/entity/Q2645587,Альтон (национальный парк),http://www.wikidata.org/entity/Q18618819,национальный парк Австралии
http://www.wikidata.org/entity/Q2658531,Bania National Park,http://www.wikidata.org/entity/Q18618819,национальный парк Австралии
http://www.wikidata.org/entity/Q2659252,Basilisk Range National Park,http://www.wikidata.org/entity/Q18618819,национальный парк Австралии
http://www.wikidata.org/entity/Q2660354,Bellthorpe National Park,http://www.wikidata.org/entity/Q18618819,национальный парк Австралии
http://www.wikidata.org/entity/Q2662123,Binya National Park,http://www.wikidata.org/entity/Q18618819,национальный парк Австралии
http://www.wikidata.org/entity/Q2662698,Bluff Hill National Park,http://www.wikidata.org/entity/Q18618819,национальный парк Австралии
http://www.wikidata.org/entity/Q2673154,Dan Dan National Park,http://www.wikidata.org/entity/Q18618819,национальный парк Австралии
http://www.wikidata.org/entity/Q2674296,Deer Reserve National Park,http://www.wikidata.org/entity/Q18618819,национальный парк Австралии
http://www.wikidata.org/entity/Q2693179,Esk National Park,http://www.wikidata.org/entity/Q18618819,национальный парк Австралии
http://www.wikidata.org/entity/Q2697887,Gadgarra National Park,http://www.wikidata.org/entity/Q18618819,национальный парк Австралии
http://www.wikidata.org/entity/Q2700765,Girringun National Park,http://www.wikidata.org/entity/Q18618819,национальный парк Австралии
http://www.wikidata.org/entity/Q2711184,Hampton National Park,http://www.wikidata.org/entity/Q18618819,национальный парк Австралии
http://www.wikidata.org/entity/Q2726467,Kutch Bustard Sanctuary,http://www.wikidata.org/entity/Q473972,природоохранная зона
http://www.wikidata.org/entity/Q2733269,Pipeclay National Park,http://www.wikidata.org/entity/Q18618819,национальный парк Австралии
http://www.wikidata.org/entity/Q2733278,Claremont Isles National Park,http://www.wikidata.org/entity/Q18618819,национальный парк Австралии
http://www.wikidata.org/entity/Q2738134,Чирчео,http://www.wikidata.org/entity/Q158454,биосферный заповедник ЮНЕСКО
http://www.wikidata.org/entity/Q2738134,Чирчео,http://www.wikidata.org/entity/Q473972,природоохранная зона
http://www.wikidata.org/entity/Q2740310,Kelvin National Park,http://www.wikidata.org/entity/Q18618819,национальный парк Австралии
http://www.wikidata.org/entity/Q2751891,Koombooloomba National Park,http://www.wikidata.org/entity/Q18618819,национальный парк Австралии
http://www.wikidata.org/entity/Q2753067,Барам,http://www.wikidata.org/entity/Q179049,заповедник
http://www.wikidata.org/entity/Q2754578,Sandbanks National Park,http://www.wikidata.org/entity/Q18618819,национальный парк Австралии
http://www.wikidata.org/entity/Q2772257,Little Mulgrave National Park,http://www.wikidata.org/entity/Q18618819,национальный парк Австралии
http://www.wikidata.org/entity/Q2780805,Mount Mackay National Park,http://www.wikidata.org/entity/Q18618819,национальный парк Австралии
http://www.wikidata.org/entity/Q2780808,Mount Spurgeon National Park,http://www.wikidata.org/entity/Q18618819,национальный парк Австралии
http://www.wikidata.org/entity/Q2780809,Mount Windsor National Park,http://www.wikidata.org/entity/Q18618819,национальный парк Австралии
http://www.wikidata.org/entity/Q2781948,Nairana National Park,http://www.wikidata.org/entity/Q18618819,национальный парк Австралии
http://www.wikidata.org/entity/Q2782040,Narkoola National Park,http://www.wikidata.org/entity/Q18618819,национальный парк Австралии
http://www.wikidata.org/entity/Q2791013,Denham Group National Park,http://www.wikidata.org/entity/Q18618819,национальный парк Австралии
http://www.wikidata.org/entity/Q2889744,Sir James Mitchell National Park,http://www.wikidata.org/entity/Q22746,городской парк
http://www.wikidata.org/entity/Q2889744,Sir James Mitchell National Park,http://www.wikidata.org/entity/Q18618819,национальный парк Австралии
http://www.wikidata.org/entity/Q2907527,Hurshat Tal,http://www.wikidata.org/entity/Q179049,заповедник
http://www.wikidata.org/entity/Q2909861,Ницана (город),http://www.wikidata.org/entity/Q755017,тепе
http://www.wikidata.org/entity/Q2909861,Ницана (город),http://www.wikidata.org/entity/Q839954,археологический памятник
http://www.wikidata.org/entity/Q2914966,Эйн-Хемед,http://www.wikidata.org/entity/Q839954,археологический памятник
