park,parkLabel,countryLabel,continentLabel,areaKm2,inceptionYear,elevation,coord
http://www.wikidata.org/entity/Q211816,Pioneer Peaks National Park,Австралия,Австралия и Океания,18.8011291503906,2004,142,Point(148.923888888 -20.983888888)
http://www.wikidata.org/entity/Q211816,Pioneer Peaks National Park,Австралия,Австралия и Океания,189,2004,142,Point(148.923888888 -20.983888888)
http://www.wikidata.org/entity/Q211819,Reliance Creek National Park,Австралия,Австралия и Океания,0.286943168640137,1980,23,Point(149.099722222 -21.047777777)
http://www.wikidata.org/entity/Q211819,Reliance Creek National Park,Австралия,Австралия и Океания,0.286943168640137,2007,23,Point(149.099722222 -21.047777777)
http://www.wikidata.org/entity/Q212019,Mount O'Connell National Park,Австралия,Австралия и Океания,7.57736633300781,1989,291,Point(150.039444444 -22.750277777)
http://www.wikidata.org/entity/Q212019,Mount O'Connell National Park,Австралия,Австралия и Океания,7.57736633300781,1994,291,Point(150.039444444 -22.750277777)
http://www.wikidata.org/entity/Q212019,Mount O'Connell National Park,Австралия,Австралия и Океания,757,1989,291,Point(150.039444444 -22.750277777)
http://www.wikidata.org/entity/Q212019,Mount O'Connell National Park,Австралия,Австралия и Океания,757,1994,291,Point(150.039444444 -22.750277777)
http://www.wikidata.org/entity/Q212025,Mount Pinbarren National Park,Австралия,Австралия и Океания,227,1929,329,Point(152.854166666 -26.32)
http://www.wikidata.org/entity/Q212025,Mount Pinbarren National Park,Австралия,Австралия и Океания,227,2002,329,Point(152.854166666 -26.32)
http://www.wikidata.org/entity/Q212025,Mount Pinbarren National Park,Австралия,Австралия и Океания,0.227454299926758,1929,329,Point(152.854166666 -26.32)
http://www.wikidata.org/entity/Q212025,Mount Pinbarren National Park,Австралия,Австралия и Океания,0.227454299926758,2002,329,Point(152.854166666 -26.32)
http://www.wikidata.org/entity/Q212030,Mount Martin National Park,Австралия,Австралия и Океания,22.7256323242188,1994,458,Point(148.829444444 -21.071944444)
http://www.wikidata.org/entity/Q212030,Mount Martin National Park,Австралия,Австралия и Океания,22.7256323242188,2008,458,Point(148.829444444 -21.071944444)
http://www.wikidata.org/entity/Q212030,Mount Martin National Park,Австралия,Австралия и Океания,2173,1994,458,Point(148.829444444 -21.071944444)
http://www.wikidata.org/entity/Q212030,Mount Martin National Park,Австралия,Австралия и Океания,2173,2008,458,Point(148.829444444 -21.071944444)
http://www.wikidata.org/entity/Q212134,Стаатен Ривер,Австралия,Австралия и Океания,4687.734375,1977,78,Point(142.679 -16.2553)
http://www.wikidata.org/entity/Q212134,Стаатен Ривер,Австралия,Австралия и Океания,4687.734375,1994,78,Point(142.679 -16.2553)
http://www.wikidata.org/entity/Q212134,Стаатен Ривер,Австралия,Австралия и Океания,4.7,1977,78,Point(142.679 -16.2553)
http://www.wikidata.org/entity/Q212134,Стаатен Ривер,Австралия,Австралия и Океания,4.7,1994,78,Point(142.679 -16.2553)
http://www.wikidata.org/entity/Q215992,Лос-Гласьярес,Аргентина,Южная Америка,7269.27,1939,919,Point(-73.0 -50.0)
http://www.wikidata.org/entity/Q215992,Лос-Гласьярес,Аргентина,Южная Америка,4459,1939,919,Point(-73.0 -50.0)
http://www.wikidata.org/entity/Q217136,Денали,США,Северная Америка,24.585,1917,324,Point(-150.3 63.2)
http://www.wikidata.org/entity/Q219562,Брайс-Каньон,США,Северная Америка,145,1928,,Point(-112.17 37.64)
http://www.wikidata.org/entity/Q220289,Гранд-Каньон,США,Северная Америка,4862.893,1919,,Point(-112.122 36.0553)
http://www.wikidata.org/entity/Q220289,Гранд-Каньон,США,Северная Америка,4932.7,1919,,Point(-112.122 36.0553)
http://www.wikidata.org/entity/Q222695,Гранд-Титон,США,Северная Америка,1254.51,1929,,Point(-110.700833333 43.833333333)
http://www.wikidata.org/entity/Q223589,Вирунга,Демократическая Республика Конго,Африка,8000,1925,,Point(29.5 -0.5)
http://www.wikidata.org/entity/Q223589,Вирунга,Демократическая Республика Конго,Африка,7900,1925,,Point(29.5 -0.5)
http://www.wikidata.org/entity/Q223969,Арки,США,Северная Америка,354.2,1971,,Point(-109.54 38.728055555)
http://www.wikidata.org/entity/Q235878,Кеоладео,Индия,Азия,28.73,1971,,Point(77.516667 27.166667)
http://www.wikidata.org/entity/Q235878,Кеоладео,Индия,Азия,28.73,1971,,Point(77.516667 27.166667)
http://www.wikidata.org/entity/Q237128,Меса-Верде,США,Северная Америка,210.43,1906,,Point(-108.494444 37.260375)
http://www.wikidata.org/entity/Q237128,Меса-Верде,США,Северная Америка,212,1906,,Point(-108.494444 37.260375)
http://www.wikidata.org/entity/Q239264,Dulcie Range National Park,Австралия,Австралия и Океания,190.9,1991,532,Point(135.608 -22.5778)
http://www.wikidata.org/entity/Q239264,Dulcie Range National Park,Австралия,Австралия и Океания,190.9,2012,532,Point(135.608 -22.5778)
http://www.wikidata.org/entity/Q239264,Dulcie Range National Park,Австралия,Австралия и Океания,187.79,1991,532,Point(135.608 -22.5778)
http://www.wikidata.org/entity/Q239264,Dulcie Range National Park,Австралия,Австралия и Океания,187.79,2012,532,Point(135.608 -22.5778)
http://www.wikidata.org/entity/Q241960,Cheile Bicazului-Hășmaș National Park,Румыния,Европа,65.75,1990,,Point(25.81894 46.81198)
http://www.wikidata.org/entity/Q241960,Cheile Bicazului-Hășmaș National Park,Румыния,Европа,69.1535781,1990,,Point(25.81894 46.81198)
http://www.wikidata.org/entity/Q242681,Мамонтова пещера,США,Северная Америка,211.91,1941,,Point(-86.101111111 37.186944444)
http://www.wikidata.org/entity/Q242681,Мамонтова пещера,США,Северная Америка,218.578444869590784,1941,,Point(-86.101111111 37.186944444)
http://www.wikidata.org/entity/Q248825,Peak Charles National Park,Австралия,Австралия и Океания,400,1979,305,Point(121.107 -32.9097)
http://www.wikidata.org/entity/Q248825,Peak Charles National Park,Австралия,Австралия и Океания,400,1993,305,Point(121.107 -32.9097)
http://www.wikidata.org/entity/Q248825,Peak Charles National Park,Австралия,Австралия и Океания,399.53109375,1979,305,Point(121.107 -32.9097)
http://www.wikidata.org/entity/Q248825,Peak Charles National Park,Австралия,Австралия и Океания,399.53109375,1993,305,Point(121.107 -32.9097)
http://www.wikidata.org/entity/Q253455,Dudhwa National Park,Индия,Азия,490,1958,,Point(80.699263 28.470872)
http://www.wikidata.org/entity/Q253517,Кейп-Бретон-Хайлендс,Канада,Северная Америка,948,1936,,Point(-60.6597 46.7167)
http://www.wikidata.org/entity/Q254556,Conondale National Park,Австралия,Австралия и Океания,358.76390625,1977,701,Point(152.645555555 -26.663055555)
http://www.wikidata.org/entity/Q254556,Conondale National Park,Австралия,Австралия и Океания,358.76390625,2018,701,Point(152.645555555 -26.663055555)
http://www.wikidata.org/entity/Q254556,Conondale National Park,Австралия,Австралия и Океания,35648,1977,701,Point(152.645555555 -26.663055555)
http://www.wikidata.org/entity/Q254556,Conondale National Park,Австралия,Австралия и Океания,35648,2018,701,Point(152.645555555 -26.663055555)
http://www.wikidata.org/entity/Q255449,Moresby Range National Park,Австралия,Австралия и Океания,616,1973,143,Point(146.075833333 -17.5375)
http://www.wikidata.org/entity/Q255449,Moresby Range National Park,Австралия,Австралия и Океания,616,2016,143,Point(146.075833333 -17.5375)
http://www.wikidata.org/entity/Q255449,Moresby Range National Park,Австралия,Австралия и Океания,6.47635131835937,1973,143,Point(146.075833333 -17.5375)
http://www.wikidata.org/entity/Q255449,Moresby Range National Park,Австралия,Австралия и Океания,6.47635131835937,2016,143,Point(146.075833333 -17.5375)
http://www.wikidata.org/entity/Q256022,Wyperfeld National Park,Австралия,Австралия и Океания,3594.45,1921,77,Point(141.877 -35.3892)
http://www.wikidata.org/entity/Q256022,Wyperfeld National Park,Австралия,Австралия и Океания,3594.45,1997,77,Point(141.877 -35.3892)
http://www.wikidata.org/entity/Q256022,Wyperfeld National Park,Австралия,Австралия и Океания,3598.575,1921,77,Point(141.877 -35.3892)
http://www.wikidata.org/entity/Q256022,Wyperfeld National Park,Австралия,Австралия и Океания,3598.575,1997,77,Point(141.877 -35.3892)
http://www.wikidata.org/entity/Q256022,Wyperfeld National Park,Австралия,Австралия и Океания,3598.55,1921,77,Point(141.877 -35.3892)
http://www.wikidata.org/entity/Q256022,Wyperfeld National Park,Австралия,Австралия и Океания,3598.55,1997,77,Point(141.877 -35.3892)
http://www.wikidata.org/entity/Q257598,Грос-Морн,Канада,Северная Америка,1805,2005,,Point(-57.738055555 49.689444444)
http://www.wikidata.org/entity/Q257598,Грос-Морн,Канада,Северная Америка,1805,2005,,Point(-57.738055555 49.689444444)
http://www.wikidata.org/entity/Q261577,Глейшер-Бей,США,Северная Америка,13287,1980,,Point(-137.0 58.7)
http://www.wikidata.org/entity/Q68472,Грейт-Отуэй,Австралия,Австралия и Океания,1031.85,2005,,Point(143.557 -38.7733)
http://www.wikidata.org/entity/Q68472,Грейт-Отуэй,Австралия,Австралия и Океания,1031.85,2017,,Point(143.557 -38.7733)
http://www.wikidata.org/entity/Q68472,Грейт-Отуэй,Австралия,Австралия и Океания,1104.161953125,2005,,Point(143.557 -38.7733)
http://www.wikidata.org/entity/Q68472,Грейт-Отуэй,Австралия,Австралия и Океания,1104.161953125,2017,,Point(143.557 -38.7733)
http://www.wikidata.org/entity/Q68472,Грейт-Отуэй,Австралия,Австралия и Океания,1105.55,2005,,Point(143.557 -38.7733)
http://www.wikidata.org/entity/Q68472,Грейт-Отуэй,Австралия,Австралия и Океания,1105.55,2017,,Point(143.557 -38.7733)
http://www.wikidata.org/entity/Q79753,Сакликент,Турция,Азия,123.9,1996,,Point(29.4034195 36.4687843)
http://www.wikidata.org/entity/Q80343,Уэст-Кейп-Хоуи,Австралия,Австралия и Океания,35,1985,,Point(117.593 -35.1061)
http://www.wikidata.org/entity/Q80343,Уэст-Кейп-Хоуи,Австралия,Австралия и Океания,35,1987,,Point(117.593 -35.1061)
http://www.wikidata.org/entity/Q80343,Уэст-Кейп-Хоуи,Австралия,Австралия и Океания,36.712490234375,1985,,Point(117.593 -35.1061)
http://www.wikidata.org/entity/Q80343,Уэст-Кейп-Хоуи,Австралия,Австралия и Океания,36.712490234375,1987,,Point(117.593 -35.1061)
http://www.wikidata.org/entity/Q80344,Олимп,Греция,Европа,191.3959,1938,2917.727,Point(22.35 40.083333333)
http://www.wikidata.org/entity/Q82371,Semenic-Cheile Carașului National Park,Румыния,Европа,362.14,1990,,Point(21.977 45.142)
http://www.wikidata.org/entity/Q82371,Semenic-Cheile Carașului National Park,Румыния,Европа,362.14,2000,,Point(21.977 45.142)
http://www.wikidata.org/entity/Q82371,Semenic-Cheile Carașului National Park,Румыния,Европа,360.8953581,1990,,Point(21.977 45.142)
http://www.wikidata.org/entity/Q82371,Semenic-Cheile Carașului National Park,Румыния,Европа,360.8953581,2000,,Point(21.977 45.142)
http://www.wikidata.org/entity/Q83397,Швейцарский национальный парк,Швейцария,Европа,170.3272868,1914,1900,Point(10.095 46.7)
http://www.wikidata.org/entity/Q83397,Швейцарский национальный парк,Швейцария,Европа,170.3275,1914,1900,Point(10.095 46.7)
http://www.wikidata.org/entity/Q83397,Швейцарский национальный парк,Швейцария,Европа,172.3,1914,1900,Point(10.095 46.7)
http://www.wikidata.org/entity/Q87172,Те Уревера,Новая Зеландия,Австралия и Океания,2127,1954,,Point(177.029 -38.539)
http://www.wikidata.org/entity/Q112375,Галапагос (национальный парк),Эквадор,Южная Америка,76651,1959,,Point(-90.0 -0.333333333)
http://www.wikidata.org/entity/Q112854,Manuel Antonio National Park,Коста-Рика,Северная Америка,682,1972,50,Point(-84.13583333 9.37555556)
http://www.wikidata.org/entity/Q113523,Королевский национальный парк,Австралия,Австралия и Океания,0.15,1879,147,Point(151.0511111 -34.131666666)
http://www.wikidata.org/entity/Q113523,Королевский национальный парк,Австралия,Австралия и Океания,0.15,2016,147,Point(151.0511111 -34.131666666)
http://www.wikidata.org/entity/Q113523,Королевский национальный парк,Австралия,Австралия и Океания,153.240771484375,1879,147,Point(151.0511111 -34.131666666)
http://www.wikidata.org/entity/Q113523,Королевский национальный парк,Австралия,Австралия и Океания,153.240771484375,2016,147,Point(151.0511111 -34.131666666)
http://www.wikidata.org/entity/Q113952,Gorongosa National Park,Мозамбик,Африка,4000,1960,,Point(34.313611111 -18.690277777)
http://www.wikidata.org/entity/Q113952,Gorongosa National Park,Мозамбик,Африка,4000,1960,,Point(34.5 -18.766)
http://www.wikidata.org/entity/Q115591,Стерлинг-Рейндж,Австралия,Австралия и Океания,1156.62,1913,312,Point(118.047177 -34.397718)
http://www.wikidata.org/entity/Q115591,Стерлинг-Рейндж,Австралия,Австралия и Океания,1156.62,1994,312,Point(118.047177 -34.397718)
http://www.wikidata.org/entity/Q115591,Стерлинг-Рейндж,Австралия,Австралия и Океания,1156.62,2011,312,Point(118.047177 -34.397718)
http://www.wikidata.org/entity/Q116715,Национальный парк Акагера,Руанда,Африка,1100,1934,,Point(30.571111111 -1.617777777)
http://www.wikidata.org/entity/Q116715,Национальный парк Акагера,Руанда,Африка,1100,1934,,Point(30.783333333 -1.633333333)
http://www.wikidata.org/entity/Q117583,Cabañeros National Park,Испания,Европа,408.7511478,1995,,Point(-4.487222222 39.396388888)
http://www.wikidata.org/entity/Q117583,Cabañeros National Park,Испания,Европа,409,1995,,Point(-4.487222222 39.396388888)
http://www.wikidata.org/entity/Q119150,Бьёрнландет,Швеция,Европа,20.50691,1991,,Point(18.01487125 63.974039971)
http://www.wikidata.org/entity/Q119150,Бьёрнландет,Швеция,Европа,23.7119,1991,,Point(18.01487125 63.974039971)
http://www.wikidata.org/entity/Q119150,Бьёрнландет,Швеция,Европа,23.3325,1991,,Point(18.01487125 63.974039971)
http://www.wikidata.org/entity/Q119150,Бьёрнландет,Швеция,Европа,0.3541,1991,,Point(18.01487125 63.974039971)
http://www.wikidata.org/entity/Q119528,Jardine River National Park,Австралия,Австралия и Океания,2370,1994,64,Point(142.627 -10.9211)
http://www.wikidata.org/entity/Q119528,Jardine River National Park,Австралия,Австралия и Океания,2370,2017,64,Point(142.627 -10.9211)
http://www.wikidata.org/entity/Q119528,Jardine River National Park,Австралия,Австралия и Океания,2345.883125,1994,64,Point(142.627 -10.9211)
http://www.wikidata.org/entity/Q119528,Jardine River National Park,Австралия,Австралия и Океания,2345.883125,2017,64,Point(142.627 -10.9211)
http://www.wikidata.org/entity/Q120414,Изало,Мадагаскар,Африка,8154,1999,,Point(45.2884 -22.4351)
http://www.wikidata.org/entity/Q120765,Национальный парк «Остров Хинчинбрук»,Австралия,Австралия и Океания,397.6928125,1932,18,Point(146.247 -18.3819)
http://www.wikidata.org/entity/Q120765,Национальный парк «Остров Хинчинбрук»,Австралия,Австралия и Океания,397.6928125,2000,18,Point(146.247 -18.3819)
http://www.wikidata.org/entity/Q120765,Национальный парк «Остров Хинчинбрук»,Австралия,Австралия и Океания,404,1932,18,Point(146.247 -18.3819)
http://www.wikidata.org/entity/Q120765,Национальный парк «Остров Хинчинбрук»,Австралия,Австралия и Океания,404,2000,18,Point(146.247 -18.3819)
http://www.wikidata.org/entity/Q122412,Blackwood National Park,Австралия,Австралия и Океания,16.4733251953125,1991,264,Point(146.715 -21.461666666)
http://www.wikidata.org/entity/Q122412,Blackwood National Park,Австралия,Австралия и Океания,16.4733251953125,1994,264,Point(146.715 -21.461666666)
http://www.wikidata.org/entity/Q122412,Blackwood National Park,Австралия,Австралия и Океания,1648,1991,264,Point(146.715 -21.461666666)
http://www.wikidata.org/entity/Q122412,Blackwood National Park,Австралия,Австралия и Океания,1648,1994,264,Point(146.715 -21.461666666)
http://www.wikidata.org/entity/Q123161,Woomargama National Park,Австралия,Австралия и Океания,24185,2001,,Point(147.485 -35.8714)
http://www.wikidata.org/entity/Q123161,Woomargama National Park,Австралия,Австралия и Океания,24185,2015,,Point(147.485 -35.8714)
http://www.wikidata.org/entity/Q123161,Woomargama National Park,Австралия,Австралия и Океания,242.1934765625,2001,,Point(147.485 -35.8714)
http://www.wikidata.org/entity/Q123161,Woomargama National Park,Австралия,Австралия и Океания,242.1934765625,2015,,Point(147.485 -35.8714)
http://www.wikidata.org/entity/Q125085,Lomsdal–Visten National Park,Норвегия,Европа,1102,2009,,Point(12.7935791 65.57436506)
http://www.wikidata.org/entity/Q125085,Lomsdal–Visten National Park,Норвегия,Европа,1101.7992893,2009,,Point(12.7935791 65.57436506)
http://www.wikidata.org/entity/Q125333,Mũi Cà Mau National Park,Вьетнам,Азия,418.62,2003,,Point(104.79166667 8.675)
http://www.wikidata.org/entity/Q129902,Капитол-Риф,США,Северная Америка,978.95,1937,,Point(-111.167 38.2)
http://www.wikidata.org/entity/Q130718,Deogyusan National Park,Республика Корея,Азия,231.65,1975,,Point(127.744 35.864)
http://www.wikidata.org/entity/Q131875,Уда-Валаве (национальный парк),Шри-Ланка,Азия,30.821,1972,,Point(80.888455555 6.438344444)
http://www.wikidata.org/entity/Q133502,Уоррен (национальный парк),Австралия,Австралия и Океания,16.1865698242188,1977,155,Point(115.956 -34.5006)
http://www.wikidata.org/entity/Q133502,Уоррен (национальный парк),Австралия,Австралия и Океания,16.1865698242188,1990,155,Point(115.956 -34.5006)
http://www.wikidata.org/entity/Q133502,Уоррен (национальный парк),Австралия,Австралия и Океания,13.7190295410156,1977,155,Point(115.956 -34.5006)
http://www.wikidata.org/entity/Q133502,Уоррен (национальный парк),Австралия,Австралия и Океания,13.7190295410156,1990,155,Point(115.956 -34.5006)
http://www.wikidata.org/entity/Q133502,Уоррен (национальный парк),Австралия,Австралия и Океания,31,1977,155,Point(115.956 -34.5006)
http://www.wikidata.org/entity/Q133502,Уоррен (национальный парк),Австралия,Австралия и Океания,31,1990,155,Point(115.956 -34.5006)
http://www.wikidata.org/entity/Q137913,Lochern National Park,Австралия,Австралия и Океания,24862,1994,162,Point(143.325833333 -24.237222222)
http://www.wikidata.org/entity/Q137913,Lochern National Park,Австралия,Австралия и Океания,24862,2017,162,Point(143.325833333 -24.237222222)
http://www.wikidata.org/entity/Q137913,Lochern National Park,Австралия,Австралия и Океания,247.8872265625,1994,162,Point(143.325833333 -24.237222222)
http://www.wikidata.org/entity/Q137913,Lochern National Park,Австралия,Австралия и Океания,247.8872265625,2017,162,Point(143.325833333 -24.237222222)
http://www.wikidata.org/entity/Q137917,Magnetic Island National Park,Австралия,Австралия и Океания,39.360751953125,1954,260,Point(146.842222222 -19.135833333)
http://www.wikidata.org/entity/Q137917,Magnetic Island National Park,Австралия,Австралия и Океания,39.360751953125,2018,260,Point(146.842222222 -19.135833333)
http://www.wikidata.org/entity/Q137917,Magnetic Island National Park,Австралия,Австралия и Океания,279,1954,260,Point(146.842222222 -19.135833333)
http://www.wikidata.org/entity/Q137917,Magnetic Island National Park,Австралия,Австралия и Океания,279,2018,260,Point(146.842222222 -19.135833333)
http://www.wikidata.org/entity/Q137928,Мазеппа,Австралия,Австралия и Океания,413,1972,246,Point(147.291111111 -22.231666666)
http://www.wikidata.org/entity/Q137928,Мазеппа,Австралия,Австралия и Океания,413,2001,246,Point(147.291111111 -22.231666666)
http://www.wikidata.org/entity/Q137928,Мазеппа,Австралия,Австралия и Океания,41.256220703125,1972,246,Point(147.291111111 -22.231666666)
http://www.wikidata.org/entity/Q137928,Мазеппа,Австралия,Австралия и Океания,41.256220703125,2001,246,Point(147.291111111 -22.231666666)
http://www.wikidata.org/entity/Q138096,Lindeman Islands National Park,Австралия,Австралия и Океания,28.063544921875,1941,350,Point(149.086944444 -20.475)
http://www.wikidata.org/entity/Q138096,Lindeman Islands National Park,Австралия,Австралия и Океания,28.063544921875,1998,350,Point(149.086944444 -20.475)
http://www.wikidata.org/entity/Q138096,Lindeman Islands National Park,Австралия,Австралия и Океания,289,1941,350,Point(149.086944444 -20.475)
http://www.wikidata.org/entity/Q138096,Lindeman Islands National Park,Австралия,Австралия и Океания,289,1998,350,Point(149.086944444 -20.475)
http://www.wikidata.org/entity/Q138100,Mariala National Park,Австралия,Австралия и Океания,273,1992,345,Point(145.071388888 -26.029444444)
http://www.wikidata.org/entity/Q138100,Mariala National Park,Австралия,Австралия и Океания,273,1994,345,Point(145.071388888 -26.029444444)
http://www.wikidata.org/entity/Q138100,Mariala National Park,Австралия,Австралия и Океания,270.43619140625,1992,345,Point(145.071388888 -26.029444444)
http://www.wikidata.org/entity/Q138100,Mariala National Park,Австралия,Австралия и Океания,270.43619140625,1994,345,Point(145.071388888 -26.029444444)
http://www.wikidata.org/entity/Q138104,Littabella National Park,Австралия,Австралия и Океания,83.827294921875,1980,27,Point(152.048055555 -24.579166666)
http://www.wikidata.org/entity/Q138104,Littabella National Park,Австралия,Австралия и Океания,83.827294921875,2009,27,Point(152.048055555 -24.579166666)
http://www.wikidata.org/entity/Q138104,Littabella National Park,Австралия,Австралия и Океания,83.8,1980,27,Point(152.048055555 -24.579166666)
http://www.wikidata.org/entity/Q138104,Littabella National Park,Австралия,Австралия и Океания,83.8,2009,27,Point(152.048055555 -24.579166666)
http://www.wikidata.org/entity/Q140033,Гленвех,Ирландия,Европа,1605,1984,,Point(-8.05 55.016666666)
http://www.wikidata.org/entity/Q141549,Форе дю Дэй,Джибути,Африка,14,1939,,Point(42.683333333 11.8)
http://www.wikidata.org/entity/Q141735,Вангануи,Новая Зеландия,Австралия и Океания,742,1986,,Point(175.083333333 -39.583333333)
http://www.wikidata.org/entity/Q144029,Fazao Mafakassa National Park,Того,Африка,690,1975,,Point(1.0 9.0)
http://www.wikidata.org/entity/Q145308,Woolooma National Park,Австралия,Австралия и Океания,495,2005,,Point(151.2675 -32.05472222)
http://www.wikidata.org/entity/Q145308,Woolooma National Park,Австралия,Австралия и Океания,495,2005,,Point(151.2675 -32.05472222)
http://www.wikidata.org/entity/Q145308,Woolooma National Park,Австралия,Австралия и Океания,4.96546844482422,2005,,Point(151.2675 -32.05472222)
http://www.wikidata.org/entity/Q145308,Woolooma National Park,Австралия,Австралия и Океания,4.96546844482422,2005,,Point(151.2675 -32.05472222)
http://www.wikidata.org/entity/Q152820,Кайахога-Валли,США,Северная Америка,133.3,2000,,Point(-81.549722222 41.241666666)
http://www.wikidata.org/entity/Q155266,Cunnawarra National Park,Австралия,Австралия и Океания,162.313017578125,1999,689,Point(152.217222222 -30.624722222)
http://www.wikidata.org/entity/Q155266,Cunnawarra National Park,Австралия,Австралия и Океания,162.313017578125,2003,689,Point(152.217222222 -30.624722222)
http://www.wikidata.org/entity/Q155266,Cunnawarra National Park,Австралия,Австралия и Океания,16315,1999,689,Point(152.217222222 -30.624722222)
http://www.wikidata.org/entity/Q155266,Cunnawarra National Park,Австралия,Австралия и Океания,16315,2003,689,Point(152.217222222 -30.624722222)
http://www.wikidata.org/entity/Q163515,Айл-Ройал,США,Северная Америка,2314,1940,,Point(-88.9092899 47.9958654)
http://www.wikidata.org/entity/Q164798,Фолгефонна,Норвегия,Европа,548.03,2005,,Point(6.333055555 60.0)
http://www.wikidata.org/entity/Q164798,Фолгефонна,Норвегия,Европа,548.0321561,2005,,Point(6.333055555 60.0)
http://www.wikidata.org/entity/Q165026,Girraween National Park,Австралия,Австралия и Океания,118,1966,,Point(151.912 -28.7742)
http://www.wikidata.org/entity/Q165026,Girraween National Park,Австралия,Австралия и Океания,117.020078125,1966,,Point(151.912 -28.7742)
http://www.wikidata.org/entity/Q168372,Cheile Nerei-Beușnița National Park,Румыния,Европа,367.58,1990,,Point(21.8882 44.951194)
http://www.wikidata.org/entity/Q168372,Cheile Nerei-Beușnița National Park,Румыния,Европа,367.58,2000,,Point(21.8882 44.951194)
http://www.wikidata.org/entity/Q168372,Cheile Nerei-Beușnița National Park,Румыния,Европа,367.9588039,1990,,Point(21.8882 44.951194)
http://www.wikidata.org/entity/Q168372,Cheile Nerei-Beușnița National Park,Румыния,Европа,367.9588039,2000,,Point(21.8882 44.951194)
http://www.wikidata.org/entity/Q168421,Minerva Hills National Park,Австралия,Австралия и Океания,27.8154809570313,1994,470,Point(148.064166666 -24.080555555)
http://www.wikidata.org/entity/Q168421,Minerva Hills National Park,Австралия,Австралия и Океания,279,1994,470,Point(148.064166666 -24.080555555)
http://www.wikidata.org/entity/Q168618,Molle Islands National Park,Австралия,Австралия и Океания,177,1937,173,Point(148.8575 -20.376666666)
http://www.wikidata.org/entity/Q168618,Molle Islands National Park,Австралия,Австралия и Океания,177,1998,173,Point(148.8575 -20.376666666)
http://www.wikidata.org/entity/Q168618,Molle Islands National Park,Австралия,Австралия и Океания,17.7476794433594,1937,173,Point(148.8575 -20.376666666)
http://www.wikidata.org/entity/Q168618,Molle Islands National Park,Австралия,Австралия и Океания,17.7476794433594,1998,173,Point(148.8575 -20.376666666)
http://www.wikidata.org/entity/Q174228,Caparaó National Park,Бразилия,Южная Америка,317.63,1961,882,Point(-41.7837525 -20.45017583)
http://www.wikidata.org/entity/Q174228,Caparaó National Park,Бразилия,Южная Америка,260,1961,882,Point(-41.7837525 -20.45017583)
http://www.wikidata.org/entity/Q174250,Вануаз,Франция,Европа,528.39,1963,,Point(6.83333 45.3333)
http://www.wikidata.org/entity/Q174250,Вануаз,Франция,Европа,528.39,1963,,Point(6.83333 45.3333)
http://www.wikidata.org/entity/Q174250,Вануаз,Франция,Европа,528,1963,,Point(6.83333 45.3333)
http://www.wikidata.org/entity/Q174250,Вануаз,Франция,Европа,528,1963,,Point(6.83333 45.3333)
http://www.wikidata.org/entity/Q174656,Millstream Chichester National Park,Австралия,Австралия и Океания,2384.51609375,1970,294,Point(117.107 -21.2733)
http://www.wikidata.org/entity/Q174656,Millstream Chichester National Park,Австралия,Австралия и Океания,2384.51609375,1972,294,Point(117.107 -21.2733)
http://www.wikidata.org/entity/Q174656,Millstream Chichester National Park,Австралия,Австралия и Океания,1.997,1970,294,Point(117.107 -21.2733)
http://www.wikidata.org/entity/Q174656,Millstream Chichester National Park,Австралия,Австралия и Океания,1.997,1972,294,Point(117.107 -21.2733)
http://www.wikidata.org/entity/Q174918,Эрринундра (национальный парк),Австралия,Австралия и Океания,398.7,1988,,Point(148.895 -37.2858)
http://www.wikidata.org/entity/Q174918,Эрринундра (национальный парк),Австралия,Австралия и Океания,401.01,1988,,Point(148.895 -37.2858)
http://www.wikidata.org/entity/Q174918,Эрринундра (национальный парк),Австралия,Австралия и Океания,430.9,1988,,Point(148.895 -37.2858)
http://www.wikidata.org/entity/Q175688,Конгари,США,Северная Америка,106.3351993549824,2003,,Point(-80.783333333 33.783333333)
http://www.wikidata.org/entity/Q176792,Сайлент-Вэлли (национальный парк),Индия,Азия,89.52,1980,,Point(76.466666666 11.133333333)
http://www.wikidata.org/entity/Q176872,Барма,Австралия,Австралия и Океания,285.05,2010,,Point(145.118055555 -35.866666666)
http://www.wikidata.org/entity/Q180402,Йосемити,США,Северная Америка,3079.34,1890,2686,Point(-119.5375 37.7425)
http://www.wikidata.org/entity/Q180402,Йосемити,США,Северная Америка,3027.19,1890,2686,Point(-119.5375 37.7425)
http://www.wikidata.org/entity/Q181556,Брокмен (национальный парк),Австралия,Австралия и Океания,0.512273941040039,1977,135,Point(115.996 -34.5144)
http://www.wikidata.org/entity/Q181556,Брокмен (национальный парк),Австралия,Австралия и Океания,49,1977,135,Point(115.996 -34.5144)
http://www.wikidata.org/entity/Q181891,Nullarbor National Park,Австралия,Австралия и Океания,324.255,1979,84,Point(129.89905 -31.4562)
http://www.wikidata.org/entity/Q181891,Nullarbor National Park,Австралия,Австралия и Океания,324.255,2006,84,Point(129.89905 -31.4562)
http://www.wikidata.org/entity/Q181891,Nullarbor National Park,Австралия,Австралия и Океания,5.781,1979,84,Point(129.89905 -31.4562)
http://www.wikidata.org/entity/Q181891,Nullarbor National Park,Австралия,Австралия и Океания,5.781,2006,84,Point(129.89905 -31.4562)
http://www.wikidata.org/entity/Q181891,Nullarbor National Park,Австралия,Австралия и Океания,324.255,1979,111,Point(129.89905 -31.4562)
http://www.wikidata.org/entity/Q181891,Nullarbor National Park,Австралия,Австралия и Океания,324.255,2006,111,Point(129.89905 -31.4562)
http://www.wikidata.org/entity/Q181891,Nullarbor National Park,Австралия,Австралия и Океания,5.781,1979,111,Point(129.89905 -31.4562)
http://www.wikidata.org/entity/Q181891,Nullarbor National Park,Австралия,Австралия и Океания,5.781,2006,111,Point(129.89905 -31.4562)
http://www.wikidata.org/entity/Q181891,Nullarbor National Park,Австралия,Австралия и Океания,324.255,1979,84,Point(129.491169444 -31.337669444)
http://www.wikidata.org/entity/Q181891,Nullarbor National Park,Австралия,Австралия и Океания,324.255,2006,84,Point(129.491169444 -31.337669444)
http://www.wikidata.org/entity/Q181891,Nullarbor National Park,Австралия,Австралия и Океания,5.781,1979,84,Point(129.491169444 -31.337669444)
http://www.wikidata.org/entity/Q181891,Nullarbor National Park,Австралия,Австралия и Океания,5.781,2006,84,Point(129.491169444 -31.337669444)
http://www.wikidata.org/entity/Q181891,Nullarbor National Park,Австралия,Австралия и Океания,324.255,1979,111,Point(129.491169444 -31.337669444)
http://www.wikidata.org/entity/Q181891,Nullarbor National Park,Австралия,Австралия и Океания,324.255,2006,111,Point(129.491169444 -31.337669444)
http://www.wikidata.org/entity/Q181891,Nullarbor National Park,Австралия,Австралия и Океания,5.781,1979,111,Point(129.491169444 -31.337669444)
http://www.wikidata.org/entity/Q181891,Nullarbor National Park,Австралия,Австралия и Океания,5.781,2006,111,Point(129.491169444 -31.337669444)
http://www.wikidata.org/entity/Q181891,Nullarbor National Park,Австралия,Австралия и Океания,324.255,1979,84,Point(130.137777777 -31.398611111)
http://www.wikidata.org/entity/Q181891,Nullarbor National Park,Австралия,Австралия и Океания,324.255,2006,84,Point(130.137777777 -31.398611111)
http://www.wikidata.org/entity/Q181891,Nullarbor National Park,Австралия,Австралия и Океания,5.781,1979,84,Point(130.137777777 -31.398611111)
http://www.wikidata.org/entity/Q181891,Nullarbor National Park,Австралия,Австралия и Океания,5.781,2006,84,Point(130.137777777 -31.398611111)
http://www.wikidata.org/entity/Q181891,Nullarbor National Park,Австралия,Австралия и Океания,324.255,1979,111,Point(130.137777777 -31.398611111)
http://www.wikidata.org/entity/Q181891,Nullarbor National Park,Австралия,Австралия и Океания,324.255,2006,111,Point(130.137777777 -31.398611111)
http://www.wikidata.org/entity/Q181891,Nullarbor National Park,Австралия,Австралия и Океания,5.781,1979,111,Point(130.137777777 -31.398611111)
http://www.wikidata.org/entity/Q181891,Nullarbor National Park,Австралия,Австралия и Океания,5.781,2006,111,Point(130.137777777 -31.398611111)
http://www.wikidata.org/entity/Q181933,Rajaji National Park,Индия,Азия,800,1983,,Point(78.03333333 30.08333333)
http://www.wikidata.org/entity/Q182981,Юнкердаль,Норвегия,Европа,682.0591447,2004,,Point(15.8 66.883333333)
http://www.wikidata.org/entity/Q182981,Юнкердаль,Норвегия,Европа,682,2004,,Point(15.8 66.883333333)
http://www.wikidata.org/entity/Q185284,Skarvan and Roltdalen National Park,Норвегия,Европа,441,2004,,Point(11.416666666 63.216666666)
http://www.wikidata.org/entity/Q185284,Skarvan and Roltdalen National Park,Норвегия,Европа,441.6628938,2004,,Point(11.416666666 63.216666666)
http://www.wikidata.org/entity/Q185602,Йостедалсбреен,Норвегия,Европа,1313.9152051,1991,,Point(6.983333333 61.683333333)
http://www.wikidata.org/entity/Q185602,Йостедалсбреен,Норвегия,Европа,1314,1991,,Point(6.983333333 61.683333333)
http://www.wikidata.org/entity/Q187592,Sjunkhatten National Park,Норвегия,Европа,417.3045552,2010,,Point(15.06225586 67.42436395)
http://www.wikidata.org/entity/Q187592,Sjunkhatten National Park,Норвегия,Европа,417,2010,,Point(15.06225586 67.42436395)
http://www.wikidata.org/entity/Q191824,Редвуд,США,Северная Америка,314.628760969864704,1968,,Point(-124.058333 41.529167)
http://www.wikidata.org/entity/Q192764,Казиранга,Индия,Азия,429.96,1905,,Point(93.35 26.666666666)
http://www.wikidata.org/entity/Q192764,Казиранга,Индия,Азия,440.29797875712,1905,,Point(93.35 26.666666666)
http://www.wikidata.org/entity/Q198185,Moorrinya National Park,Австралия,Австралия и Океания,32607,1993,328,Point(144.941 -21.3942)
http://www.wikidata.org/entity/Q198185,Moorrinya National Park,Австралия,Австралия и Океания,32607,1995,328,Point(144.941 -21.3942)
http://www.wikidata.org/entity/Q198185,Moorrinya National Park,Австралия,Австралия и Океания,325.935703125,1993,328,Point(144.941 -21.3942)
http://www.wikidata.org/entity/Q198185,Moorrinya National Park,Австралия,Австралия и Океания,325.935703125,1995,328,Point(144.941 -21.3942)
http://www.wikidata.org/entity/Q200521,Бримстоун-Хилл-Фортресс,Сент-Китс и Невис,Северная Америка,0.1537,1987,,Point(-62.836 17.347)
http://www.wikidata.org/entity/Q200521,Бримстоун-Хилл-Фортресс,Сент-Китс и Невис,Северная Америка,0.1537,1987,,Point(-62.83575 17.34744)
http://www.wikidata.org/entity/Q200590,Иввавик,Канада,Северная Америка,9750,1984,,Point(-139.525 69.5197)
http://www.wikidata.org/entity/Q202845,Тонгариро,Новая Зеландия,Австралия и Океания,795.96,1887,,Point(175.583333 -39.2)
http://www.wikidata.org/entity/Q202845,Тонгариро,Новая Зеландия,Австралия и Океания,795.96,1887,,Point(175.583333 -39.2)
http://www.wikidata.org/entity/Q203368,Буджамулла,Австралия,Австралия и Океания,2820,1985,,Point(138.488 -18.7014)
http://www.wikidata.org/entity/Q203368,Буджамулла,Австралия,Австралия и Океания,2820,2003,,Point(138.488 -18.7014)
http://www.wikidata.org/entity/Q203368,Буджамулла,Австралия,Австралия и Океания,2815.9153125,1985,,Point(138.488 -18.7014)
http://www.wikidata.org/entity/Q203368,Буджамулла,Австралия,Австралия и Океания,2815.9153125,2003,,Point(138.488 -18.7014)
http://www.wikidata.org/entity/Q204931,Ретезат,Румыния,Европа,380.47,1935,2509,Point(22.833333333 45.333333333)
http://www.wikidata.org/entity/Q204931,Ретезат,Румыния,Европа,380.47,1988,2509,Point(22.833333333 45.333333333)
http://www.wikidata.org/entity/Q204931,Ретезат,Румыния,Европа,383.1901022,1935,2509,Point(22.833333333 45.333333333)
http://www.wikidata.org/entity/Q204931,Ретезат,Румыния,Европа,383.1901022,1988,2509,Point(22.833333333 45.333333333)
http://www.wikidata.org/entity/Q205325,Зайон,США,Северная Америка,598.9995002179584,1919,,Point(-112.98785 37.202619444)
http://www.wikidata.org/entity/Q205325,Зайон,США,Северная Америка,595.8699,1919,,Point(-112.98785 37.202619444)
http://www.wikidata.org/entity/Q205952,Хавайи-Волкейнос,США,Северная Америка,1434.853413126144,1916,,Point(-155.12361 19.40083)
http://www.wikidata.org/entity/Q205952,Хавайи-Волкейнос,США,Северная Америка,879.4,1916,,Point(-155.12361 19.40083)
http://www.wikidata.org/entity/Q211816,Pioneer Peaks National Park,Австралия,Австралия и Океания,18.8011291503906,1992,142,Point(148.923888888 -20.983888888)
http://www.wikidata.org/entity/Q211816,Pioneer Peaks National Park,Австралия,Австралия и Океания,189,1992,142,Point(148.923888888 -20.983888888)
http://www.wikidata.org/entity/Q499953,Southwood National Park,Австралия,Австралия и Океания,71.1990283203125,1970,262,Point(150.135555555 -27.814722222)
http://www.wikidata.org/entity/Q423134,Newry Islands National Park,Австралия,Австралия и Океания,464,1995,,Point(148.899444444 -20.851666666)
http://www.wikidata.org/entity/Q426073,Ikara-Flinders Ranges National Park,Австралия,Австралия и Океания,941.2584375,1945,463,Point(138.705 -31.4222)
http://www.wikidata.org/entity/Q426073,Ikara-Flinders Ranges National Park,Австралия,Австралия и Океания,941.2584375,2017,463,Point(138.705 -31.4222)
http://www.wikidata.org/entity/Q426073,Ikara-Flinders Ranges National Park,Австралия,Австралия и Океания,950,1945,463,Point(138.705 -31.4222)
http://www.wikidata.org/entity/Q426073,Ikara-Flinders Ranges National Park,Австралия,Австралия и Океания,950,2017,463,Point(138.705 -31.4222)
http://www.wikidata.org/entity/Q428123,Маико (национальный парк),Демократическая Республика Конго,Африка,10830,1970,,Point(27.56666667 -0.4)
http://www.wikidata.org/entity/Q441861,Whitsunday Islands National Park,Австралия,Австралия и Океания,170,1944,370,Point(148.874166666 -20.060277777)
http://www.wikidata.org/entity/Q441861,Whitsunday Islands National Park,Австралия,Австралия и Океания,170,2000,370,Point(148.874166666 -20.060277777)
http://www.wikidata.org/entity/Q441861,Whitsunday Islands National Park,Австралия,Австралия и Океания,174.2352734375,1944,370,Point(148.874166666 -20.060277777)
http://www.wikidata.org/entity/Q441861,Whitsunday Islands National Park,Австралия,Австралия и Океания,174.2352734375,2000,370,Point(148.874166666 -20.060277777)
http://www.wikidata.org/entity/Q441890,Литл-Дезерт,Австралия,Австралия и Океания,1315.99828125,1968,117,Point(141.189 -36.6067)
http://www.wikidata.org/entity/Q441890,Литл-Дезерт,Австралия,Австралия и Океания,1315.99828125,1973,117,Point(141.189 -36.6067)
http://www.wikidata.org/entity/Q441890,Литл-Дезерт,Австралия,Австралия и Океания,1326.47,1968,117,Point(141.189 -36.6067)
http://www.wikidata.org/entity/Q441890,Литл-Дезерт,Австралия,Австралия и Океания,1326.47,1973,117,Point(141.189 -36.6067)
http://www.wikidata.org/entity/Q441890,Литл-Дезерт,Австралия,Австралия и Океания,9.45,1968,117,Point(141.189 -36.6067)
http://www.wikidata.org/entity/Q441890,Литл-Дезерт,Австралия,Австралия и Океания,9.45,1973,117,Point(141.189 -36.6067)
http://www.wikidata.org/entity/Q441890,Литл-Дезерт,Австралия,Австралия и Океания,1320,1968,117,Point(141.189 -36.6067)
http://www.wikidata.org/entity/Q441890,Литл-Дезерт,Австралия,Австралия и Океания,1320,1973,117,Point(141.189 -36.6067)
http://www.wikidata.org/entity/Q441890,Литл-Дезерт,Австралия,Австралия и Океания,353,1968,117,Point(141.189 -36.6067)
http://www.wikidata.org/entity/Q441890,Литл-Дезерт,Австралия,Австралия и Океания,353,1973,117,Point(141.189 -36.6067)
http://www.wikidata.org/entity/Q442279,Кейп-Эрид,Австралия,Австралия и Океания,2778.3,1969,136,Point(123.369 -33.7039)
http://www.wikidata.org/entity/Q442279,Кейп-Эрид,Австралия,Австралия и Океания,2778.3,1972,136,Point(123.369 -33.7039)
http://www.wikidata.org/entity/Q446220,Таннел-Крик (национальный парк),Австралия,Австралия и Океания,91,1974,,Point(125.143 -17.6119)
http://www.wikidata.org/entity/Q446220,Таннел-Крик (национальный парк),Австралия,Австралия и Океания,91,1992,,Point(125.143 -17.6119)
http://www.wikidata.org/entity/Q446220,Таннел-Крик (национальный парк),Австралия,Австралия и Океания,0.910443344116211,1974,,Point(125.143 -17.6119)
http://www.wikidata.org/entity/Q446220,Таннел-Крик (национальный парк),Австралия,Австралия и Океания,0.910443344116211,1992,,Point(125.143 -17.6119)
http://www.wikidata.org/entity/Q447047,Национальный парк Алтын-Эмель,Казахстан,Азия,4596,1996,,Point(78.8 44.0)
http://www.wikidata.org/entity/Q447047,Национальный парк Алтын-Эмель,Казахстан,Европа,4596,1996,,Point(78.8 44.0)
http://www.wikidata.org/entity/Q453513,Amamoor National Park,Австралия,Австралия и Океания,0.385828857421875,2006,265,Point(152.6457223 -26.3245929)
http://www.wikidata.org/entity/Q453513,Amamoor National Park,Австралия,Австралия и Океания,38,2006,265,Point(152.6457223 -26.3245929)
http://www.wikidata.org/entity/Q457324,Кахузи-Биега,Демократическая Республика Конго,Африка,6000,1970,,Point(28.758666666 -2.314805555)
http://www.wikidata.org/entity/Q457324,Кахузи-Биега,Демократическая Республика Конго,Африка,6000,1970,,Point(28.758666666 -2.314805555)
http://www.wikidata.org/entity/Q457882,Glass House Mountains National Park,Австралия,Австралия и Океания,3037,1994,140,Point(152.954 -26.8475)
http://www.wikidata.org/entity/Q457882,Glass House Mountains National Park,Австралия,Австралия и Океания,3037,2014,140,Point(152.954 -26.8475)
http://www.wikidata.org/entity/Q457882,Glass House Mountains National Park,Австралия,Австралия и Океания,30.1844165039062,1994,140,Point(152.954 -26.8475)
http://www.wikidata.org/entity/Q457882,Glass House Mountains National Park,Австралия,Австралия и Океания,30.1844165039062,2014,140,Point(152.954 -26.8475)
http://www.wikidata.org/entity/Q458423,Амбосели (национальный парк),Кения,Африка,392,1974,,Point(37.25 -2.65)
http://www.wikidata.org/entity/Q463141,Доньяна,Испания,Европа,533.0356529,1969,,Point(-6.44 37.02)
http://www.wikidata.org/entity/Q463141,Доньяна,Испания,Европа,542.52,1969,,Point(-6.44 37.02)
http://www.wikidata.org/entity/Q464004,Национальный парк Грейт-Смоки-Маунтинс,США,Северная Америка,2114.1866,1934,,Point(-83.425 35.611111111)
http://www.wikidata.org/entity/Q464004,Национальный парк Грейт-Смоки-Маунтинс,США,Северная Америка,2090,1934,,Point(-83.425 35.611111111)
http://www.wikidata.org/entity/Q464004,Национальный парк Грейт-Смоки-Маунтинс,США,Северная Америка,2114.186574562394112,1934,,Point(-83.425 35.611111111)
http://www.wikidata.org/entity/Q464942,Гарахонай,Испания,Европа,39.5,1981,,Point(-17.23722222 28.12625)
http://www.wikidata.org/entity/Q464942,Гарахонай,Испания,Европа,37.0464343,1981,,Point(-17.23722222 28.12625)
http://www.wikidata.org/entity/Q472929,Хасселл (национальный парк),Австралия,Австралия и Океания,11.3818493652344,1971,170,Point(118.37 -34.6789)
http://www.wikidata.org/entity/Q472929,Хасселл (национальный парк),Австралия,Австралия и Океания,11.3818493652344,1972,170,Point(118.37 -34.6789)
http://www.wikidata.org/entity/Q472929,Хасселл (национальный парк),Австралия,Австралия и Океания,13,1971,170,Point(118.37 -34.6789)
http://www.wikidata.org/entity/Q472929,Хасселл (национальный парк),Австралия,Австралия и Океания,13,1972,170,Point(118.37 -34.6789)
http://www.wikidata.org/entity/Q473256,Кинглейк (национальный парк),Австралия,Австралия и Океания,58.36,1928,322,Point(145.211 -37.4064)
http://www.wikidata.org/entity/Q473256,Кинглейк (национальный парк),Австралия,Австралия и Океания,58.36,1962,322,Point(145.211 -37.4064)
http://www.wikidata.org/entity/Q473256,Кинглейк (национальный парк),Австралия,Австралия и Океания,112.7,1928,322,Point(145.211 -37.4064)
http://www.wikidata.org/entity/Q473256,Кинглейк (национальный парк),Австралия,Австралия и Океания,112.7,1962,322,Point(145.211 -37.4064)
http://www.wikidata.org/entity/Q473256,Кинглейк (национальный парк),Австралия,Австралия и Океания,232.1,1928,322,Point(145.211 -37.4064)
http://www.wikidata.org/entity/Q473256,Кинглейк (национальный парк),Австралия,Австралия и Океания,232.1,1962,322,Point(145.211 -37.4064)
http://www.wikidata.org/entity/Q473256,Кинглейк (национальный парк),Австралия,Австралия и Океания,232.117109375,1928,322,Point(145.211 -37.4064)
http://www.wikidata.org/entity/Q473256,Кинглейк (национальный парк),Австралия,Австралия и Океания,232.117109375,1962,322,Point(145.211 -37.4064)
http://www.wikidata.org/entity/Q473256,Кинглейк (национальный парк),Австралия,Австралия и Океания,114.3,1928,322,Point(145.211 -37.4064)
http://www.wikidata.org/entity/Q473256,Кинглейк (национальный парк),Австралия,Австралия и Океания,114.3,1962,322,Point(145.211 -37.4064)
http://www.wikidata.org/entity/Q473256,Кинглейк (национальный парк),Австралия,Австралия и Океания,55.85,1928,322,Point(145.211 -37.4064)
http://www.wikidata.org/entity/Q473256,Кинглейк (национальный парк),Австралия,Австралия и Океания,55.85,1962,322,Point(145.211 -37.4064)
http://www.wikidata.org/entity/Q473256,Кинглейк (национальный парк),Австралия,Австралия и Океания,216,1928,322,Point(145.211 -37.4064)
http://www.wikidata.org/entity/Q473256,Кинглейк (национальный парк),Австралия,Австралия и Океания,216,1962,322,Point(145.211 -37.4064)
http://www.wikidata.org/entity/Q473256,Кинглейк (национальный парк),Австралия,Австралия и Океания,58.36,1928,322,Point(145.342088888 -37.573469444)
http://www.wikidata.org/entity/Q473256,Кинглейк (национальный парк),Австралия,Австралия и Океания,58.36,1962,322,Point(145.342088888 -37.573469444)
http://www.wikidata.org/entity/Q473256,Кинглейк (национальный парк),Австралия,Австралия и Океания,112.7,1928,322,Point(145.342088888 -37.573469444)
http://www.wikidata.org/entity/Q473256,Кинглейк (национальный парк),Австралия,Австралия и Океания,112.7,1962,322,Point(145.342088888 -37.573469444)
http://www.wikidata.org/entity/Q473256,Кинглейк (национальный парк),Австралия,Австралия и Океания,232.1,1928,322,Point(145.342088888 -37.573469444)
http://www.wikidata.org/entity/Q473256,Кинглейк (национальный парк),Австралия,Австралия и Океания,232.1,1962,322,Point(145.342088888 -37.573469444)
http://www.wikidata.org/entity/Q473256,Кинглейк (национальный парк),Австралия,Австралия и Океания,232.117109375,1928,322,Point(145.342088888 -37.573469444)
http://www.wikidata.org/entity/Q473256,Кинглейк (национальный парк),Австралия,Австралия и Океания,232.117109375,1962,322,Point(145.342088888 -37.573469444)
http://www.wikidata.org/entity/Q473256,Кинглейк (национальный парк),Австралия,Австралия и Океания,114.3,1928,322,Point(145.342088888 -37.573469444)
http://www.wikidata.org/entity/Q473256,Кинглейк (национальный парк),Австралия,Австралия и Океания,114.3,1962,322,Point(145.342088888 -37.573469444)
http://www.wikidata.org/entity/Q473256,Кинглейк (национальный парк),Австралия,Австралия и Океания,55.85,1928,322,Point(145.342088888 -37.573469444)
http://www.wikidata.org/entity/Q473256,Кинглейк (национальный парк),Австралия,Австралия и Океания,55.85,1962,322,Point(145.342088888 -37.573469444)
http://www.wikidata.org/entity/Q473256,Кинглейк (национальный парк),Австралия,Австралия и Океания,216,1928,322,Point(145.342088888 -37.573469444)
http://www.wikidata.org/entity/Q473256,Кинглейк (национальный парк),Австралия,Австралия и Океания,216,1962,322,Point(145.342088888 -37.573469444)
http://www.wikidata.org/entity/Q476446,Экрен,Франция,Европа,918,1973,,Point(6.263611111 44.855833333)
http://www.wikidata.org/entity/Q476446,Экрен,Франция,Европа,918,1973,,Point(6.263611111 44.855833333)
http://www.wikidata.org/entity/Q476446,Экрен,Франция,Европа,918,1973,,Point(6.263611111 44.855833333)
http://www.wikidata.org/entity/Q476446,Экрен,Франция,Европа,918,1973,,Point(6.263611111 44.855833333)
http://www.wikidata.org/entity/Q477399,Michaelmas and Upolu Cays National Park,Австралия,Австралия и Океания,3,1975,,Point(145.9725 -16.60833333)
http://www.wikidata.org/entity/Q477399,Michaelmas and Upolu Cays National Park,Австралия,Австралия и Океания,3,2001,,Point(145.9725 -16.60833333)
http://www.wikidata.org/entity/Q477399,Michaelmas and Upolu Cays National Park,Австралия,Австралия и Океания,0.020849404335022,1975,,Point(145.9725 -16.60833333)
http://www.wikidata.org/entity/Q477399,Michaelmas and Upolu Cays National Park,Австралия,Австралия и Океания,0.020849404335022,2001,,Point(145.9725 -16.60833333)
http://www.wikidata.org/entity/Q484112,Тадохэхэсан,Республика Корея,Азия,23212,1981,,Point(126.7 34.191)
http://www.wikidata.org/entity/Q488639,Taeanhaean National Park,Республика Корея,Азия,377.02,1978,,Point(126.144 36.7872)
http://www.wikidata.org/entity/Q488639,Taeanhaean National Park,Республика Корея,Азия,326,1978,,Point(126.144 36.7872)
http://www.wikidata.org/entity/Q490975,Gayasan National Park,Республика Корея,Азия,1676,1972,,Point(128.116666666 35.816666666)
http://www.wikidata.org/entity/Q491005,Вёрджин-Айлендс,США,Северная Америка,59.6,1956,392,Point(-64.933333333 18.328055555)
http://www.wikidata.org/entity/Q491005,Вёрджин-Айлендс,США,Северная Америка,59.6,1976,392,Point(-64.933333333 18.328055555)
http://www.wikidata.org/entity/Q491005,Вёрджин-Айлендс,США,Северная Америка,59.6,1956,392,Point(-64.733333333 18.338055555)
http://www.wikidata.org/entity/Q491005,Вёрджин-Айлендс,США,Северная Америка,59.6,1976,392,Point(-64.733333333 18.338055555)
http://www.wikidata.org/entity/Q491567,Gyeongju National Park,Республика Корея,Азия,13709,1968,,Point(129.2225 35.8675)
http://www.wikidata.org/entity/Q491972,Mount William National Park,Австралия,Австралия и Океания,185.91,1973,62,Point(148.253333 -40.9375)
http://www.wikidata.org/entity/Q492185,River Gambia National Park,Гамбия,Африка,585,1978,,Point(-14.95944444 13.63888889)
http://www.wikidata.org/entity/Q494689,Juwangsan National Park,Республика Корея,Азия,10742,1976,,Point(129.16666667 36.38833333)
http://www.wikidata.org/entity/Q494689,Juwangsan National Park,Республика Корея,Азия,105.6,1976,,Point(129.16666667 36.38833333)
http://www.wikidata.org/entity/Q499550,Smith Islands National Park,Австралия,Австралия и Океания,119,1994,104,Point(149.110555555 -20.589166666)
http://www.wikidata.org/entity/Q499550,Smith Islands National Park,Австралия,Австралия и Океания,119,1998,104,Point(149.110555555 -20.589166666)
http://www.wikidata.org/entity/Q499550,Smith Islands National Park,Австралия,Австралия и Океания,11.3512976074219,1994,104,Point(149.110555555 -20.589166666)
http://www.wikidata.org/entity/Q263883,Одзала,Республика Конго,Африка,13546,1935,555,Point(14.9 0.8)
http://www.wikidata.org/entity/Q267394,Серра-да-Капивара,Бразилия,Южная Америка,1007.62,1979,,Point(-42.55 -8.6667)
http://www.wikidata.org/entity/Q267394,Серра-да-Капивара,Бразилия,Южная Америка,1291,1979,,Point(-42.55 -8.6667)
http://www.wikidata.org/entity/Q268533,Жемайтийский национальный парк,Литва,Европа,2172,1991,,Point(21.889 56.044)
http://www.wikidata.org/entity/Q271087,Ондердален,Норвегия,Европа,133.996,1970,,Point(17.266666666 69.2)
http://www.wikidata.org/entity/Q271087,Ондердален,Норвегия,Европа,135,1970,,Point(17.266666666 69.2)
http://www.wikidata.org/entity/Q271087,Ондердален,Норвегия,Европа,133.9962468,1970,,Point(17.266666666 69.2)
http://www.wikidata.org/entity/Q273195,Карлсбадские пещеры,США,Северная Америка,189,1930,,Point(-104.443888888 32.175277777)
http://www.wikidata.org/entity/Q274131,Эверглейдс,США,Северная Америка,6104.8366937344512,1947,,Point(-80.6875 25.3125)
http://www.wikidata.org/entity/Q274131,Эверглейдс,США,Северная Америка,5670.17,1947,,Point(-80.6875 25.3125)
http://www.wikidata.org/entity/Q277145,Тбилисский национальный парк,Грузия,Европа,232.18,1973,,Point(44.9333 41.8667)
http://www.wikidata.org/entity/Q282066,Rakiura National Park,Новая Зеландия,Австралия и Океания,1683,2002,,Point(167.814 -46.976)
http://www.wikidata.org/entity/Q283482,Пукаскуа,Канада,Северная Америка,1877.8,1971,,Point(-85.916666666 48.25)
http://www.wikidata.org/entity/Q284749,Kawésqar National Park,Чили,Южная Америка,28423.291,1969,,Point(-74.32 -51.85)
http://www.wikidata.org/entity/Q288545,Gambela National Park,Эфиопия,Африка,5061,1974,,Point(34.0 8.0)
http://www.wikidata.org/entity/Q305169,Лос-Катиос,Колумбия,Южная Америка,720,1974,4,Point(-77.15 7.8)
http://www.wikidata.org/entity/Q305169,Лос-Катиос,Колумбия,Южная Америка,720,1974,4,Point(-77.15 7.8)
http://www.wikidata.org/entity/Q305949,Петрифайд-Форест,США,Северная Америка,599.89,1962,1623,Point(-109.806 35.0881)
http://www.wikidata.org/entity/Q305949,Петрифайд-Форест,США,Северная Америка,380,1962,1623,Point(-109.806 35.0881)
http://www.wikidata.org/entity/Q306193,Острова Чаннел,США,Северная Америка,1010,1980,,Point(-119.64 33.66)
http://www.wikidata.org/entity/Q306216,Бэдлендс,США,Северная Америка,982.4,1939,,Point(-102.5 43.75)
http://www.wikidata.org/entity/Q308893,Гарамба,Демократическая Республика Конго,Африка,5000,1938,,Point(29.25 4.0)
http://www.wikidata.org/entity/Q308893,Гарамба,Демократическая Республика Конго,Африка,4920,1938,,Point(29.25 4.0)
http://www.wikidata.org/entity/Q308893,Гарамба,Демократическая Республика Конго,Африка,5000,1938,,Point(29.48093 4.19559)
http://www.wikidata.org/entity/Q308893,Гарамба,Демократическая Республика Конго,Африка,4920,1938,,Point(29.48093 4.19559)
http://www.wikidata.org/entity/Q309276,Гренландский национальный парк,Гренландия,Северная Америка,972000,1974,,Point(-31.0 77.0)
http://www.wikidata.org/entity/Q309276,Гренландский национальный парк,Гренландия,Северная Америка,972000,1974,,Point(-31.0 77.0)
http://www.wikidata.org/entity/Q313071,Озеро Накуру,Кения,Африка,188,1967,,Point(36.08333333 -0.36666667)
http://www.wikidata.org/entity/Q317225,Эвре Дивидал (национальный парк),Норвегия,Европа,770,1971,,Point(19.866666666 68.633333333)
http://www.wikidata.org/entity/Q317225,Эвре Дивидал (национальный парк),Норвегия,Европа,769.1299687,1971,,Point(19.866666666 68.633333333)
http://www.wikidata.org/entity/Q317226,Anárjohka National Park,Норвегия,Европа,1414,1975,,Point(24.64309 68.82916)
http://www.wikidata.org/entity/Q317226,Anárjohka National Park,Норвегия,Европа,1414.3011818,1975,,Point(24.64309 68.82916)
http://www.wikidata.org/entity/Q317253,Овре Пасвик (национальный парк),Норвегия,Европа,119,1970,,Point(28.95053 69.09351)
http://www.wikidata.org/entity/Q317253,Овре Пасвик (национальный парк),Норвегия,Европа,119.9036708,1970,,Point(28.95053 69.09351)
http://www.wikidata.org/entity/Q318357,Абель-Тасман,Новая Зеландия,Австралия и Океания,2253,1942,440,Point(172.9715 -40.900027777)
http://www.wikidata.org/entity/Q319327,национальный парк Аберкромби-Ривер,Австралия,Австралия и Океания,190,1995,785,Point(149.6677778 -34.098333333)
http://www.wikidata.org/entity/Q319327,национальный парк Аберкромби-Ривер,Австралия,Австралия и Океания,190,2012,785,Point(149.6677778 -34.098333333)
http://www.wikidata.org/entity/Q319327,национальный парк Аберкромби-Ривер,Австралия,Австралия и Океания,193.40763671875,1995,785,Point(149.6677778 -34.098333333)
http://www.wikidata.org/entity/Q319327,национальный парк Аберкромби-Ривер,Австралия,Австралия и Океания,193.40763671875,2012,785,Point(149.6677778 -34.098333333)
http://www.wikidata.org/entity/Q319356,Абердэр (национальный парк),Кения,Африка,766,1950,,Point(36.69916667 -0.38)
http://www.wikidata.org/entity/Q321200,Абията-Шала,Эфиопия,Африка,887,1963,,Point(38.5 7.5)
http://www.wikidata.org/entity/Q328488,Салонга,Демократическая Республика Конго,Африка,36000,1970,,Point(21.0 -2.0)
http://www.wikidata.org/entity/Q328488,Салонга,Демократическая Республика Конго,Африка,36000,1970,,Point(21.0 -2.0)
http://www.wikidata.org/entity/Q328488,Салонга,Демократическая Республика Конго,Африка,36000,1970,,Point(21.49723 -1.76516)
http://www.wikidata.org/entity/Q328488,Салонга,Демократическая Республика Конго,Африка,36000,1970,,Point(21.49723 -1.76516)
http://www.wikidata.org/entity/Q328577,Таи,Кот-д’Ивуар,Африка,3300,1972,218,Point(-7.12 5.75)
http://www.wikidata.org/entity/Q328577,Таи,Кот-д’Ивуар,Африка,3300,1972,218,Point(-7.12 5.75)
http://www.wikidata.org/entity/Q332381,Жау,Бразилия,Южная Америка,23673.4,1980,57,Point(-62.617222222 -2.170277777)
http://www.wikidata.org/entity/Q332381,Жау,Бразилия,Южная Америка,23779,1980,57,Point(-62.617222222 -2.170277777)
http://www.wikidata.org/entity/Q337028,Гирский лес,Индия,Азия,259,1965,,Point(70.79667 21.13556)
http://www.wikidata.org/entity/Q338542,Cabo de Hornos National Park,Чили,Южная Америка,630.93,1945,,Point(-67.433 -55.833)
http://www.wikidata.org/entity/Q338542,Cabo de Hornos National Park,Чили,Южная Америка,631,1945,,Point(-67.433 -55.833)
http://www.wikidata.org/entity/Q339555,Лас-Эрмосас,Колумбия,Южная Америка,124828.38,1977,,Point(-75.95 3.53333333)
http://www.wikidata.org/entity/Q358729,Валь-Гранде (национальный парк),Италия,Европа,0.17021,1991,,Point(8.459444 46.029167)
http://www.wikidata.org/entity/Q368670,Mebbin National Park,Австралия,Австралия и Океания,37.7908764648437,1999,,Point(153.17 -28.4469)
http://www.wikidata.org/entity/Q368670,Mebbin National Park,Австралия,Австралия и Океания,38,1999,,Point(153.17 -28.4469)
http://www.wikidata.org/entity/Q369655,Гезойзе,Австрия,Европа,16.2862703,2002,641,Point(14.6489 47.5922)
http://www.wikidata.org/entity/Q369655,Гезойзе,Австрия,Европа,110.54,2002,641,Point(14.6489 47.5922)
http://www.wikidata.org/entity/Q369655,Гезойзе,Австрия,Европа,96.6712861,2002,641,Point(14.6489 47.5922)
http://www.wikidata.org/entity/Q370159,Бако,Малайзия,Азия,27,1957,,Point(110.466667 1.716667)
http://www.wikidata.org/entity/Q370370,Mont Péko National Park,Кот-д’Ивуар,Африка,340,1968,2723,Point(-7.23888889 7.025)
http://www.wikidata.org/entity/Q370501,Гуадалупе-Маунтинс,США,Северная Америка,365.84,1972,,Point(-104.866666666 31.916666666)
http://www.wikidata.org/entity/Q372019,Амазония,Бразилия,Южная Америка,10663.02,1974,81,Point(-56.84027778 -4.43944444)
http://www.wikidata.org/entity/Q372019,Амазония,Бразилия,Южная Америка,10848.9562,1974,81,Point(-56.84027778 -4.43944444)
http://www.wikidata.org/entity/Q372093,Олимпик,США,Северная Америка,3733.8,1938,,Point(-123.75 47.7)
http://www.wikidata.org/entity/Q372093,Олимпик,США,Северная Америка,3733.829690482070784,1938,,Point(-123.75 47.7)
http://www.wikidata.org/entity/Q372093,Олимпик,США,Северная Америка,3733.8297,1938,,Point(-123.75 47.7)
http://www.wikidata.org/entity/Q373567,Глейшер,США,Северная Америка,4100.7686436592128,1910,1837,Point(-113.8 48.755)
http://www.wikidata.org/entity/Q373567,Глейшер,США,Северная Америка,4099.977,1910,1837,Point(-113.8 48.755)
http://www.wikidata.org/entity/Q376436,Викос-Аоос,Греция,Европа,126,1973,,Point(20.76194444 39.92472222)
http://www.wikidata.org/entity/Q376436,Викос-Аоос,Греция,Европа,127.9425,1973,,Point(20.76194444 39.92472222)
http://www.wikidata.org/entity/Q376436,Викос-Аоос,Греция,Европа,126,1973,,Point(20.72833333 39.96944444)
http://www.wikidata.org/entity/Q376436,Викос-Аоос,Греция,Европа,127.9425,1973,,Point(20.72833333 39.96944444)
http://www.wikidata.org/entity/Q377998,Lo Go Xa Mat National Park,Вьетнам,Азия,191.56,2002,,Point(106.00833333 11.40833333)
http://www.wikidata.org/entity/Q379080,Форт Иисус,Кения,Африка,0.31,1593,,Point(39.682055555 -4.071166666)
http://www.wikidata.org/entity/Q379080,Форт Иисус,Кения,Африка,0.0236,1593,,Point(39.682055555 -4.071166666)
http://www.wikidata.org/entity/Q382227,Gargano National Park,Италия,Европа,1181.44,1991,,Point(15.925 41.80611111)
http://www.wikidata.org/entity/Q382227,Gargano National Park,Италия,Европа,1181,1991,,Point(15.925 41.80611111)
http://www.wikidata.org/entity/Q384739,Вильсонс-Промонтори,Австралия,Австралия и Океания,490.49,1898,113,Point(146.394 -39.0133)
http://www.wikidata.org/entity/Q384739,Вильсонс-Промонтори,Австралия,Австралия и Океания,482.021875,1898,113,Point(146.394 -39.0133)
http://www.wikidata.org/entity/Q384739,Вильсонс-Промонтори,Австралия,Австралия и Океания,504.6,1898,113,Point(146.394 -39.0133)
http://www.wikidata.org/entity/Q385021,Tazekka National Park,Марокко,Африка,137.37,1950,,Point(-4.14624 34.0827)
http://www.wikidata.org/entity/Q385269,Dunggir National Park,Австралия,Австралия и Океания,25.8285302734375,1997,,Point(152.651944444 -30.676666666)
http://www.wikidata.org/entity/Q385269,Dunggir National Park,Австралия,Австралия и Океания,25.8285302734375,2003,,Point(152.651944444 -30.676666666)
http://www.wikidata.org/entity/Q385269,Dunggir National Park,Австралия,Австралия и Океания,2651,1997,,Point(152.651944444 -30.676666666)
http://www.wikidata.org/entity/Q385269,Dunggir National Park,Австралия,Австралия и Океания,2651,2003,,Point(152.651944444 -30.676666666)
http://www.wikidata.org/entity/Q385655,Стены Иерусалима,Австралия,Австралия и Океания,518,1978,1022,Point(146.259 -41.8689)
http://www.wikidata.org/entity/Q385655,Стены Иерусалима,Австралия,Австралия и Океания,518.0734375,1978,1022,Point(146.259 -41.8689)
http://www.wikidata.org/entity/Q388279,Пор-Кро (национальный парк),Франция,Европа,24.75,1963,,Point(6.395277777 43.004166666)
http://www.wikidata.org/entity/Q388279,Пор-Кро (национальный парк),Франция,Европа,2.475,1963,,Point(6.395277777 43.004166666)
http://www.wikidata.org/entity/Q389707,Kaboré Tambi National Park,Буркина-Фасо,Африка,2427,1976,303,Point(-1.3226 11.5335)
http://www.wikidata.org/entity/Q390208,Дельта Салума,Сенегал,Африка,760,1976,,Point(-16.683333333 13.683333333)
http://www.wikidata.org/entity/Q391338,Вуд-Баффало,Канада,Северная Америка,44800,1922,,Point(-112.983 59.3833)
http://www.wikidata.org/entity/Q391338,Вуд-Баффало,Канада,Северная Америка,44792,1922,,Point(-112.983 59.3833)
http://www.wikidata.org/entity/Q391391,Наханни,Канада,Северная Америка,4765.6,1976,,Point(-125.852 61.5971)
http://www.wikidata.org/entity/Q391391,Наханни,Канада,Северная Америка,30000,1976,,Point(-125.852 61.5971)
http://www.wikidata.org/entity/Q392877,Anavilhanas National Park,Бразилия,Южная Америка,3502.36,1981,100,Point(-60.92055556 -2.39472222)
http://www.wikidata.org/entity/Q392877,Anavilhanas National Park,Бразилия,Южная Америка,3500.18,1981,100,Point(-60.92055556 -2.39472222)
http://www.wikidata.org/entity/Q392877,Anavilhanas National Park,Бразилия,Южная Америка,3505,1981,100,Point(-60.92055556 -2.39472222)
http://www.wikidata.org/entity/Q400200,Аукштайтский национальный парк,Литва,Европа,405.7,1974,,Point(26.057 55.344)
http://www.wikidata.org/entity/Q770855,South Button Island National Park,Индия,Азия,0.03,1987,,Point(93.02027778 12.22388889)
http://www.wikidata.org/entity/Q771373,Билу,Австралия,Австралия и Океания,46.20080078125,1995,178,Point(116.15 -31.9544)
http://www.wikidata.org/entity/Q771373,Билу,Австралия,Австралия и Океания,46.20080078125,2004,178,Point(116.15 -31.9544)
http://www.wikidata.org/entity/Q771373,Билу,Австралия,Австралия и Океания,4617,1995,178,Point(116.15 -31.9544)
http://www.wikidata.org/entity/Q771373,Билу,Австралия,Австралия и Океания,4617,2004,178,Point(116.15 -31.9544)
http://www.wikidata.org/entity/Q771612,Олавик (национальный парк),Канада,Северная Америка,12200,2001,,Point(-119.919 73.7003)
http://www.wikidata.org/entity/Q773878,Вулкан Поас,Коста-Рика,Северная Америка,65.59,1970,,Point(-84.24179 10.20141)
http://www.wikidata.org/entity/Q775202,Saddle Peak National Park,Индия,Азия,32.54,1979,,Point(93.00555556 13.15861111)
http://www.wikidata.org/entity/Q775595,Галф-Айлендс,Канада,Северная Америка,35.9,2010,,Point(-123.447777777 48.850555555)
http://www.wikidata.org/entity/Q777183,Роки-Маунтин,США,Северная Америка,1075.5,1915,,Point(-105.6833 40.35)
http://www.wikidata.org/entity/Q777274,Aurora Memorial National Park,Филиппины,Азия,23.56,1937,,Point(121.33333333 15.66666667)
http://www.wikidata.org/entity/Q777274,Aurora Memorial National Park,Филиппины,Азия,56.76,1937,,Point(121.33333333 15.66666667)
http://www.wikidata.org/entity/Q778921,Аспромонте (национальный парк),Италия,Европа,641.53,1989,,Point(15.99 38.17)
http://www.wikidata.org/entity/Q778921,Аспромонте (национальный парк),Италия,Европа,641.53,1994,,Point(15.99 38.17)
http://www.wikidata.org/entity/Q778921,Аспромонте (национальный парк),Италия,Европа,641.5,1989,,Point(15.99 38.17)
http://www.wikidata.org/entity/Q778921,Аспромонте (национальный парк),Италия,Европа,641.5,1994,,Point(15.99 38.17)
http://www.wikidata.org/entity/Q783267,Sidi Toui National Park,Тунис,Африка,6315,1993,,Point(11.35 32.8)
http://www.wikidata.org/entity/Q784621,Souss-Massa National Park,Марокко,Африка,340,1991,,Point(-9.67 30.075)
http://www.wikidata.org/entity/Q787298,Deux Balés National Park,Буркина-Фасо,Африка,566,1967,,Point(-2.97111111 11.66527778)
http://www.wikidata.org/entity/Q789743,Ауюиттук (национальный парк),Канада,Северная Америка,19089,1976,,Point(-66.0 67.5)
http://www.wikidata.org/entity/Q791260,Эйвон-Волли,Австралия,Австралия и Океания,48,1970,98,Point(116.183611111 -31.625)
http://www.wikidata.org/entity/Q791260,Эйвон-Волли,Австралия,Австралия и Океания,48,1972,98,Point(116.183611111 -31.625)
http://www.wikidata.org/entity/Q791260,Эйвон-Волли,Австралия,Австралия и Океания,44.591142578125,1970,98,Point(116.183611111 -31.625)
http://www.wikidata.org/entity/Q791260,Эйвон-Волли,Австралия,Австралия и Океания,44.591142578125,1972,98,Point(116.183611111 -31.625)
http://www.wikidata.org/entity/Q791635,Аваш (национальный парк),Эфиопия,Африка,752.6,1969,,Point(40.0 9.0)
http://www.wikidata.org/entity/Q791635,Аваш (национальный парк),Эфиопия,Африка,752.6,1969,,Point(40.0 9.083333333)
http://www.wikidata.org/entity/Q795176,Кеджимкуджик,Канада,Северная Америка,403.7,1974,,Point(-65.2183 44.3992)
http://www.wikidata.org/entity/Q795190,Райдинг-Маунтин,Канада,Северная Америка,2967.7,1930,,Point(-100.036 50.8639)
http://www.wikidata.org/entity/Q795332,Сирмилик,Канада,Северная Америка,22200,2001,,Point(-80.583333333 72.833333333)
http://www.wikidata.org/entity/Q799012,Бадгингарра,Австралия,Австралия и Океания,131.05244140625,1973,254,Point(115.44 -30.4686)
http://www.wikidata.org/entity/Q799012,Бадгингарра,Австралия,Австралия и Океания,13108,1973,254,Point(115.44 -30.4686)
http://www.wikidata.org/entity/Q799956,Bago Bluff National Park,Австралия,Австралия и Океания,4023,1999,,Point(152.629 -31.5322)
http://www.wikidata.org/entity/Q799956,Bago Bluff National Park,Австралия,Австралия и Океания,39.77396484375,1999,,Point(152.629 -31.5322)
http://www.wikidata.org/entity/Q804673,Balbalasang-Balbalan National Park,Филиппины,Азия,3923,1972,,Point(121.1 17.45)
http://www.wikidata.org/entity/Q804673,Balbalasang-Balbalan National Park,Филиппины,Азия,3923,1972,,Point(121.15 17.45)
http://www.wikidata.org/entity/Q804731,Bald Rock National Park,Австралия,Австралия и Океания,75,1971,1081,Point(152.0511111 -28.848333333)
http://www.wikidata.org/entity/Q804731,Bald Rock National Park,Австралия,Австралия и Океания,75,2002,1081,Point(152.0511111 -28.848333333)
http://www.wikidata.org/entity/Q804731,Bald Rock National Park,Австралия,Австралия и Океания,88.6911328125,1971,1081,Point(152.0511111 -28.848333333)
http://www.wikidata.org/entity/Q804731,Bald Rock National Park,Австралия,Австралия и Океания,88.6911328125,2002,1081,Point(152.0511111 -28.848333333)
http://www.wikidata.org/entity/Q804881,Горы Бале (национальный парк),Эфиопия,Африка,2471,1969,,Point(39.6667 6.66667)
http://www.wikidata.org/entity/Q805409,Балликрой,Ирландия,Европа,117.79,1998,,Point(-9.7 54.01666667)
http://www.wikidata.org/entity/Q806023,Ban Ban National Park,Австралия,Австралия и Океания,1958,2006,395,Point(151.963061111 -25.834169444)
http://www.wikidata.org/entity/Q806023,Ban Ban National Park,Австралия,Австралия и Океания,19.5805456542969,2006,395,Point(151.963061111 -25.834169444)
http://www.wikidata.org/entity/Q806023,Ban Ban National Park,Австралия,Австралия и Океания,1958,2006,395,Point(151.9652572 -25.8191327)
http://www.wikidata.org/entity/Q806023,Ban Ban National Park,Австралия,Австралия и Океания,19.5805456542969,2006,395,Point(151.9652572 -25.8191327)
http://www.wikidata.org/entity/Q806310,Бандхавгарх (национальный парк),Индия,Азия,448,1968,,Point(80.96194444 23.69944444)
http://www.wikidata.org/entity/Q806454,Bangadilly National Park,Австралия,Австралия и Океания,21.3507592773438,2001,,Point(150.17701149 -34.4642495)
http://www.wikidata.org/entity/Q806454,Bangadilly National Park,Австралия,Австралия и Океания,21.3507592773438,2007,,Point(150.17701149 -34.4642495)
http://www.wikidata.org/entity/Q806454,Bangadilly National Park,Австралия,Австралия и Океания,2143,2001,,Point(150.17701149 -34.4642495)
http://www.wikidata.org/entity/Q806454,Bangadilly National Park,Австралия,Австралия и Океания,2143,2007,,Point(150.17701149 -34.4642495)
http://www.wikidata.org/entity/Q806454,Bangadilly National Park,Австралия,Австралия и Океания,21.4,2001,,Point(150.17701149 -34.4642495)
http://www.wikidata.org/entity/Q806454,Bangadilly National Park,Австралия,Австралия и Океания,21.4,2007,,Point(150.17701149 -34.4642495)
http://www.wikidata.org/entity/Q806454,Bangadilly National Park,Австралия,Австралия и Океания,21.3507592773438,2001,,Point(150.19222 -34.45194)
http://www.wikidata.org/entity/Q806454,Bangadilly National Park,Австралия,Австралия и Океания,21.3507592773438,2007,,Point(150.19222 -34.45194)
http://www.wikidata.org/entity/Q806454,Bangadilly National Park,Австралия,Австралия и Океания,2143,2001,,Point(150.19222 -34.45194)
http://www.wikidata.org/entity/Q806454,Bangadilly National Park,Австралия,Австралия и Океания,2143,2007,,Point(150.19222 -34.45194)
http://www.wikidata.org/entity/Q806454,Bangadilly National Park,Австралия,Австралия и Океания,21.4,2001,,Point(150.19222 -34.45194)
http://www.wikidata.org/entity/Q806454,Bangadilly National Park,Австралия,Австралия и Океания,21.4,2007,,Point(150.19222 -34.45194)
http://www.wikidata.org/entity/Q807235,Barakee National Park,Австралия,Австралия и Океания,49.919677734375,1999,,Point(151.851666666 -31.641666666)
http://www.wikidata.org/entity/Q807235,Barakee National Park,Австралия,Австралия и Океания,49.919677734375,2010,,Point(151.851666666 -31.641666666)
http://www.wikidata.org/entity/Q807235,Barakee National Park,Австралия,Австралия и Океания,498,1999,,Point(151.851666666 -31.641666666)
http://www.wikidata.org/entity/Q807235,Barakee National Park,Австралия,Австралия и Океания,498,2010,,Point(151.851666666 -31.641666666)
http://www.wikidata.org/entity/Q808021,Бардия,Непал,Азия,968,1988,,Point(81.47 28.47)
http://www.wikidata.org/entity/Q808426,Barnard Island Group National Park,Австралия,Австралия и Океания,0.308970546722412,1994,42,Point(146.172777777 -17.674722222)
http://www.wikidata.org/entity/Q808426,Barnard Island Group National Park,Австралия,Австралия и Океания,0.308970546722412,1998,42,Point(146.172777777 -17.674722222)
http://www.wikidata.org/entity/Q808426,Barnard Island Group National Park,Австралия,Австралия и Океания,308,1994,42,Point(146.172777777 -17.674722222)
http://www.wikidata.org/entity/Q808426,Barnard Island Group National Park,Австралия,Австралия и Океания,308,1998,42,Point(146.172777777 -17.674722222)
http://www.wikidata.org/entity/Q808720,Barool National Park,Австралия,Австралия и Океания,11214,1999,,Point(152.1925 -29.660277777)
http://www.wikidata.org/entity/Q808720,Barool National Park,Австралия,Австралия и Океания,111.638115234375,1999,,Point(152.1925 -29.660277777)
http://www.wikidata.org/entity/Q808827,Barranyi (North Island) National Park,Австралия,Австралия и Океания,5421,1991,14,Point(136.869 -15.5694)
http://www.wikidata.org/entity/Q808827,Barranyi (North Island) National Park,Австралия,Австралия и Океания,5421,1992,14,Point(136.869 -15.5694)
http://www.wikidata.org/entity/Q808827,Barranyi (North Island) National Park,Австралия,Австралия и Океания,53.811259765625,1991,14,Point(136.869 -15.5694)
http://www.wikidata.org/entity/Q808827,Barranyi (North Island) National Park,Австралия,Австралия и Океания,53.811259765625,1992,14,Point(136.869 -15.5694)
http://www.wikidata.org/entity/Q808934,Barrington Tops National Park,Австралия,Австралия и Океания,391.2,1969,1196,Point(151.5011111 -32.048333333)
http://www.wikidata.org/entity/Q808934,Barrington Tops National Park,Австралия,Австралия и Океания,391.2,2010,1196,Point(151.5011111 -32.048333333)
http://www.wikidata.org/entity/Q808934,Barrington Tops National Park,Австралия,Австралия и Океания,768.991328125,1969,1196,Point(151.5011111 -32.048333333)
http://www.wikidata.org/entity/Q808934,Barrington Tops National Park,Австралия,Австралия и Океания,768.991328125,2010,1196,Point(151.5011111 -32.048333333)
http://www.wikidata.org/entity/Q808934,Barrington Tops National Park,Австралия,Австралия и Океания,743,1969,1196,Point(151.5011111 -32.048333333)
http://www.wikidata.org/entity/Q808934,Barrington Tops National Park,Австралия,Австралия и Океания,743,2010,1196,Point(151.5011111 -32.048333333)
http://www.wikidata.org/entity/Q808968,Barron Gorge National Park,Австралия,Австралия и Океания,2825,1940,238,Point(145.652 -16.8428)
http://www.wikidata.org/entity/Q808968,Barron Gorge National Park,Австралия,Австралия и Океания,2825,2010,238,Point(145.652 -16.8428)
http://www.wikidata.org/entity/Q808968,Barron Gorge National Park,Австралия,Австралия и Океания,27.9423706054687,1940,238,Point(145.652 -16.8428)
http://www.wikidata.org/entity/Q808968,Barron Gorge National Park,Австралия,Австралия и Океания,27.9423706054687,2010,238,Point(145.652 -16.8428)
http://www.wikidata.org/entity/Q810277,Basket Swamp National Park,Австралия,Австралия и Океания,282,1999,,Point(152.153055555 -28.933055555)
http://www.wikidata.org/entity/Q810277,Basket Swamp National Park,Австралия,Австралия и Океания,28.0498779296875,1999,,Point(152.153055555 -28.933055555)
http://www.wikidata.org/entity/Q810692,Bataan National Park,Филиппины,Азия,256.76,1945,,Point(120.41666667 14.68333333)
http://www.wikidata.org/entity/Q812025,Бау-Бау (национальный парк),Австралия,Австралия и Океания,135.3,1979,1363,Point(146.223 -37.7639)
http://www.wikidata.org/entity/Q812025,Бау-Бау (национальный парк),Австралия,Австралия и Океания,135.3,1986,1363,Point(146.223 -37.7639)
http://www.wikidata.org/entity/Q812025,Бау-Бау (национальный парк),Австралия,Австралия и Океания,127.824677734375,1979,1363,Point(146.223 -37.7639)
http://www.wikidata.org/entity/Q812025,Бау-Бау (национальный парк),Австралия,Австралия и Океания,127.824677734375,1986,1363,Point(146.223 -37.7639)
http://www.wikidata.org/entity/Q814030,Greater Beedelup National Park,Австралия,Австралия и Океания,192.86958984375,1977,167,Point(115.878 -34.4183)
http://www.wikidata.org/entity/Q814030,Greater Beedelup National Park,Австралия,Австралия и Океания,192.86958984375,2004,167,Point(115.878 -34.4183)
http://www.wikidata.org/entity/Q814030,Greater Beedelup National Park,Австралия,Австралия и Океания,18,1977,167,Point(115.878 -34.4183)
http://www.wikidata.org/entity/Q814030,Greater Beedelup National Park,Австралия,Австралия и Океания,18,2004,167,Point(115.878 -34.4183)
http://www.wikidata.org/entity/Q815431,Belford National Park,Австралия,Австралия и Океания,2.88469879150391,2003,,Point(151.29624367 -32.64956528)
http://www.wikidata.org/entity/Q815431,Belford National Park,Австралия,Австралия и Океания,2.88469879150391,2006,,Point(151.29624367 -32.64956528)
http://www.wikidata.org/entity/Q815431,Belford National Park,Австралия,Австралия и Океания,294,2003,,Point(151.29624367 -32.64956528)
http://www.wikidata.org/entity/Q815431,Belford National Park,Австралия,Австралия и Океания,294,2006,,Point(151.29624367 -32.64956528)
http://www.wikidata.org/entity/Q815431,Belford National Park,Австралия,Австралия и Океания,2.88469879150391,2003,,Point(151.3 -32.65)
http://www.wikidata.org/entity/Q815431,Belford National Park,Австралия,Австралия и Океания,2.88469879150391,2006,,Point(151.3 -32.65)
http://www.wikidata.org/entity/Q707067,Пукхансан,Республика Корея,Азия,76.92,1983,,Point(126.982 37.675)
http://www.wikidata.org/entity/Q707427,Тароко,Китайская Республика (Тайвань),Азия,920,1986,,Point(121.333333 24.166667)
http://www.wikidata.org/entity/Q707427,Тароко,Китайская Республика (Тайвань),Азия,920,1986,,Point(121.416666666 24.317222222)
http://www.wikidata.org/entity/Q707982,Кэньдин,Китайская Республика (Тайвань),Азия,333,1984,,Point(120.79694444 21.98)
http://www.wikidata.org/entity/Q707996,Шэйпа,Китайская Республика (Тайвань),Азия,769.59,1992,,Point(121.287222222 24.414722222)
http://www.wikidata.org/entity/Q712296,Озеро Кларк,США,Северная Америка,16309,1978,,Point(-153.416666666 60.966666666)
http://www.wikidata.org/entity/Q712300,Артурс-Парк (национальный парк),Новая Зеландия,Австралия и Океания,1184.7,1929,,Point(171.721416666 -42.889666666)
http://www.wikidata.org/entity/Q715124,Тейде (национальный парк),Испания,Европа,189.9,1954,2278,Point(-16.6181 28.2647)
http://www.wikidata.org/entity/Q715124,Тейде (национальный парк),Испания,Европа,188.246115,1954,2278,Point(-16.6181 28.2647)
http://www.wikidata.org/entity/Q715124,Тейде (национальный парк),Испания,Европа,189.9,1954,2278,Point(-16.64266919 28.276455062)
http://www.wikidata.org/entity/Q715124,Тейде (национальный парк),Испания,Европа,188.246115,1954,2278,Point(-16.64266919 28.276455062)
http://www.wikidata.org/entity/Q716801,Аруша (национальный парк),Танзания,Африка,552,1960,,Point(36.833333333 -3.25)
http://www.wikidata.org/entity/Q717804,Jirisan National Park,Республика Корея,Азия,47175,1967,,Point(127.632 35.29)
http://www.wikidata.org/entity/Q724310,Тейден-Нене,Канада,Северная Америка,14305,2019,,Point(-108.634444444 62.7075)
http://www.wikidata.org/entity/Q726863,Дубль-Ве,Нигер,Африка,10182.8,1954,,Point(2.5 12.0)
http://www.wikidata.org/entity/Q726863,Дубль-Ве,Буркина-Фасо,Африка,10182.8,1954,,Point(2.5 12.0)
http://www.wikidata.org/entity/Q726863,Дубль-Ве,Бенин,Африка,10182.8,1954,,Point(2.5 12.0)
http://www.wikidata.org/entity/Q732723,Пакленица,Хорватия,Европа,95.0756,1949,,Point(15.29022 44.44359)
http://www.wikidata.org/entity/Q732723,Пакленица,Хорватия,Европа,95,1949,,Point(15.29022 44.44359)
http://www.wikidata.org/entity/Q732723,Пакленица,Хорватия,Европа,95.0756,1949,,Point(15.43333333 44.36666667)
http://www.wikidata.org/entity/Q732723,Пакленица,Хорватия,Европа,95,1949,,Point(15.43333333 44.36666667)
http://www.wikidata.org/entity/Q733491,Neerabup National Park,Австралия,Австралия и Океания,11,1965,58,Point(115.735 -31.675)
http://www.wikidata.org/entity/Q733491,Neerabup National Park,Австралия,Австралия и Океания,11,1972,58,Point(115.735 -31.675)
http://www.wikidata.org/entity/Q733491,Neerabup National Park,Австралия,Австралия и Океания,9.73476623535156,1965,58,Point(115.735 -31.675)
http://www.wikidata.org/entity/Q733491,Neerabup National Park,Австралия,Австралия и Океания,9.73476623535156,1972,58,Point(115.735 -31.675)
http://www.wikidata.org/entity/Q735229,Порт-Кэмпбелл,Австралия,Австралия и Океания,175,1964,40,Point(143.0625 -38.65027778)
http://www.wikidata.org/entity/Q735229,Порт-Кэмпбелл,Австралия,Австралия и Океания,175,2008,40,Point(143.0625 -38.65027778)
http://www.wikidata.org/entity/Q735229,Порт-Кэмпбелл,Австралия,Австралия и Океания,18.3,1964,40,Point(143.0625 -38.65027778)
http://www.wikidata.org/entity/Q735229,Порт-Кэмпбелл,Австралия,Австралия и Океания,18.3,2008,40,Point(143.0625 -38.65027778)
http://www.wikidata.org/entity/Q735229,Порт-Кэмпбелл,Австралия,Австралия и Океания,24.0431372070313,1964,40,Point(143.0625 -38.65027778)
http://www.wikidata.org/entity/Q735229,Порт-Кэмпбелл,Австралия,Австралия и Океания,24.0431372070313,2008,40,Point(143.0625 -38.65027778)
http://www.wikidata.org/entity/Q738428,Дзукийский национальный парк,Литва,Европа,585.19,1991,,Point(24.37666667 54.08194444)
http://www.wikidata.org/entity/Q738435,Пиренеи (национальный парк),Франция,Европа,457.07,1967,,Point(-0.175833333 42.8275)
http://www.wikidata.org/entity/Q738435,Пиренеи (национальный парк),Франция,Европа,457.07,1967,,Point(-0.175833333 42.8275)
http://www.wikidata.org/entity/Q738435,Пиренеи (национальный парк),Франция,Европа,457,1967,,Point(-0.175833333 42.8275)
http://www.wikidata.org/entity/Q738435,Пиренеи (национальный парк),Франция,Европа,457,1967,,Point(-0.175833333 42.8275)
http://www.wikidata.org/entity/Q738582,Клуэйн,Канада,Северная Америка,21980,1972,,Point(-137.829166666 60.453611111)
http://www.wikidata.org/entity/Q739993,Найроби,Кения,Африка,117.21,1946,,Point(36.858888888 -1.373333333)
http://www.wikidata.org/entity/Q741557,Japoon National Park,Австралия,Австралия и Океания,24799,1992,156,Point(145.887222222 -17.739722222)
http://www.wikidata.org/entity/Q741557,Japoon National Park,Австралия,Австралия и Океания,24799,2010,156,Point(145.887222222 -17.739722222)
http://www.wikidata.org/entity/Q741557,Japoon National Park,Австралия,Австралия и Океания,247.940078125,1992,156,Point(145.887222222 -17.739722222)
http://www.wikidata.org/entity/Q741557,Japoon National Park,Австралия,Австралия и Океания,247.940078125,2010,156,Point(145.887222222 -17.739722222)
http://www.wikidata.org/entity/Q741610,Ордеса-и-Монте-Пердидо,Испания,Европа,156.9061287,1918,,Point(0.055555555 42.671666666)
http://www.wikidata.org/entity/Q741610,Ордеса-и-Монте-Пердидо,Испания,Европа,156,1918,,Point(0.055555555 42.671666666)
http://www.wikidata.org/entity/Q741636,Койба,Панама,Северная Америка,2701.25,1992,,Point(-81.79 7.48)
http://www.wikidata.org/entity/Q741636,Койба,Панама,Северная Америка,503,1992,,Point(-81.79 7.48)
http://www.wikidata.org/entity/Q742315,Игуасу,Бразилия,Южная Америка,1696.9588,1939,265,Point(-54.43333333 -25.68333333)
http://www.wikidata.org/entity/Q742315,Игуасу,Бразилия,Южная Америка,1654.11,1939,265,Point(-54.43333333 -25.68333333)
http://www.wikidata.org/entity/Q742315,Игуасу,Бразилия,Южная Америка,1852.625,1939,265,Point(-54.43333333 -25.68333333)
http://www.wikidata.org/entity/Q742315,Игуасу,Бразилия,Южная Америка,1696.9588,1939,265,Point(-53.8 -25.5)
http://www.wikidata.org/entity/Q742315,Игуасу,Бразилия,Южная Америка,1654.11,1939,265,Point(-53.8 -25.5)
http://www.wikidata.org/entity/Q742315,Игуасу,Бразилия,Южная Америка,1852.625,1939,265,Point(-53.8 -25.5)
http://www.wikidata.org/entity/Q743754,Гауя,Латвия,Европа,917.9,1973,,Point(25.41666667 57.41666667)
http://www.wikidata.org/entity/Q746452,Сидней-Харбор,Австралия,Австралия и Океания,3.89,1975,66,Point(151.291666666 -33.813055555)
http://www.wikidata.org/entity/Q746452,Сидней-Харбор,Австралия,Австралия и Океания,3.89,2001,66,Point(151.291666666 -33.813055555)
http://www.wikidata.org/entity/Q746452,Сидней-Харбор,Австралия,Австралия и Океания,3.89498229980469,1975,66,Point(151.291666666 -33.813055555)
http://www.wikidata.org/entity/Q746452,Сидней-Харбор,Австралия,Австралия и Океания,3.89498229980469,2001,66,Point(151.291666666 -33.813055555)
http://www.wikidata.org/entity/Q748597,Рангел — Сент-Элайас,США,Северная Америка,33683,1980,,Point(-142.953611111 61.435)
http://www.wikidata.org/entity/Q750251,Шапада-дус-Веадейрус,Бразилия,Южная Америка,647,1961,,Point(-47.666666666 -14.083333333)
http://www.wikidata.org/entity/Q750251,Шапада-дус-Веадейрус,Бразилия,Южная Америка,2359.7,1961,,Point(-47.666666666 -14.083333333)
http://www.wikidata.org/entity/Q750251,Шапада-дус-Веадейрус,Бразилия,Южная Америка,2405.84,1961,,Point(-47.666666666 -14.083333333)
http://www.wikidata.org/entity/Q750485,Astrebla Downs National Park,Австралия,Австралия и Океания,1760,1996,106,Point(140.569166666 -24.211388888)
http://www.wikidata.org/entity/Q750485,Astrebla Downs National Park,Австралия,Австралия и Океания,1760,1999,106,Point(140.569166666 -24.211388888)
http://www.wikidata.org/entity/Q750485,Astrebla Downs National Park,Австралия,Австралия и Океания,1741.7771875,1996,106,Point(140.569166666 -24.211388888)
http://www.wikidata.org/entity/Q750485,Astrebla Downs National Park,Австралия,Австралия и Океания,1741.7771875,1999,106,Point(140.569166666 -24.211388888)
http://www.wikidata.org/entity/Q751274,Lamington National Park,Австралия,Австралия и Океания,2059,1915,629,Point(153.115 -28.1422)
http://www.wikidata.org/entity/Q751274,Lamington National Park,Австралия,Австралия и Океания,2059,2018,629,Point(153.115 -28.1422)
http://www.wikidata.org/entity/Q751274,Lamington National Park,Австралия,Австралия и Океания,205,1915,629,Point(153.115 -28.1422)
http://www.wikidata.org/entity/Q751274,Lamington National Park,Австралия,Австралия и Океания,205,2018,629,Point(153.115 -28.1422)
http://www.wikidata.org/entity/Q751274,Lamington National Park,Австралия,Австралия и Океания,212.5203515625,1915,629,Point(153.115 -28.1422)
http://www.wikidata.org/entity/Q751274,Lamington National Park,Австралия,Австралия и Океания,212.5203515625,2018,629,Point(153.115 -28.1422)
http://www.wikidata.org/entity/Q752218,Эмас,Бразилия,Южная Америка,1326,1961,816,Point(-52.91667 -18.08333)
http://www.wikidata.org/entity/Q752218,Эмас,Бразилия,Южная Америка,1313.86,1961,816,Point(-52.91667 -18.08333)
http://www.wikidata.org/entity/Q752218,Эмас,Бразилия,Южная Америка,1327.84,1961,816,Point(-52.91667 -18.08333)
http://www.wikidata.org/entity/Q761227,Гарпхюттан,Швеция,Европа,0,1909,,Point(14.89284014 59.280229102)
http://www.wikidata.org/entity/Q761227,Гарпхюттан,Швеция,Европа,1.02299,1909,,Point(14.89284014 59.280229102)
http://www.wikidata.org/entity/Q761227,Гарпхюттан,Швеция,Европа,1.1059,1909,,Point(14.89284014 59.280229102)
http://www.wikidata.org/entity/Q761227,Гарпхюттан,Швеция,Европа,1.1059,1909,,Point(14.89284014 59.280229102)
http://www.wikidata.org/entity/Q761264,Фулуфьеллет,Швеция,Европа,45.43186,2002,,Point(12.739430291 61.545606648)
http://www.wikidata.org/entity/Q761264,Фулуфьеллет,Швеция,Европа,376.4659,2002,,Point(12.739430291 61.545606648)
http://www.wikidata.org/entity/Q761264,Фулуфьеллет,Швеция,Европа,384.3962,2002,,Point(12.739430291 61.545606648)
http://www.wikidata.org/entity/Q761264,Фулуфьеллет,Швеция,Европа,7.92927,2002,,Point(12.739430291 61.545606648)
http://www.wikidata.org/entity/Q762107,Шаба,Кения,Африка,239.1,1974,,Point(37.83333333 0.65)
http://www.wikidata.org/entity/Q763034,Nawegaon National Park,Индия,Азия,133.88,1975,,Point(80.16666667 20.93333333)
http://www.wikidata.org/entity/Q763180,Vicente Pérez Rosales National Park,Чили,Южная Америка,2535.68,1926,1005,Point(-72.448888888 -41.172222222)
http://www.wikidata.org/entity/Q763180,Vicente Pérez Rosales National Park,Чили,Южная Америка,2537.8,1926,1005,Point(-72.448888888 -41.172222222)
http://www.wikidata.org/entity/Q767661,Каркаралинский национальный парк,Казахстан,Азия,112.12,1998,,Point(75.41666667 49.41666667)
http://www.wikidata.org/entity/Q767661,Каркаралинский национальный парк,Казахстан,Европа,112.12,1998,,Point(75.41666667 49.41666667)
http://www.wikidata.org/entity/Q770339,Ben En National Park,Вьетнам,Азия,14735,1992,,Point(105.525 19.61666667)
http://www.wikidata.org/entity/Q770357,Sohoton Natural Bridge National Park,Филиппины,Азия,4303,1935,,Point(125.164 11.3605)
http://www.wikidata.org/entity/Q827526,Mole Creek Karst National Park,Австралия,Австралия и Океания,17.914854850769,2016,1126,Point(146.289 -41.6006)
http://www.wikidata.org/entity/Q827817,Науэль-Уапи,Аргентина,Южная Америка,7050,1934,904,Point(-71.5 -41.0)
http://www.wikidata.org/entity/Q827962,Перито-Морено,Аргентина,Южная Америка,951.73,1937,44.599,Point(-72.25055556 -47.81138889)
http://www.wikidata.org/entity/Q828155,Национальный парк Крка,Хорватия,Европа,110.6368,1985,,Point(15.972777777 43.801944444)
http://www.wikidata.org/entity/Q828155,Национальный парк Крка,Хорватия,Европа,110.6368,1985,,Point(15.976111111 43.858888888)
http://www.wikidata.org/entity/Q828206,Lanín National Park,Аргентина,Южная Америка,3790,1937,1595,Point(-71.3575 -40.1603)
http://www.wikidata.org/entity/Q828291,Национальный парк Лос-Алерсес,Аргентина,Южная Америка,1883.79,1937,827,Point(-71.89888889 -42.8075)
http://www.wikidata.org/entity/Q828291,Национальный парк Лос-Алерсес,Аргентина,Южная Америка,2073.13,1937,827,Point(-71.89888889 -42.8075)
http://www.wikidata.org/entity/Q828353,Лаго-Пуэло,Аргентина,Южная Америка,276.74,1971,1672,Point(-71.683333333 -42.183333333)
http://www.wikidata.org/entity/Q828404,Йохо,Канада,Северная Америка,1313.1,1886,,Point(-116.487 51.3953)
http://www.wikidata.org/entity/Q862157,Архипелаг Минган,Канада,Северная Америка,150.7,1984,,Point(-63.829166666 50.2)
http://www.wikidata.org/entity/Q862260,Кучибогвак,Канада,Северная Америка,239.2,1979,,Point(-64.9669 46.8497)
http://www.wikidata.org/entity/Q862265,Маунт-Ревелсток,Канада,Северная Америка,262.5,1914,,Point(-118.066 51.0858)
http://www.wikidata.org/entity/Q862271,Вунтут,Канада,Северная Америка,4345,1994,,Point(-140.048 68.3069)
http://www.wikidata.org/entity/Q862285,Гуаи-Хаанас,Канада,Северная Америка,1474.4,1996,,Point(-131.471 52.3892)
http://www.wikidata.org/entity/Q862318,Уккусиксалик,Канада,Северная Америка,20885.86,2014,,Point(-87.895277777 65.498611111)
http://www.wikidata.org/entity/Q863415,Bimberamala National Park,Австралия,Австралия и Океания,44.0161669921875,2001,,Point(150.113888888 -35.486944444)
http://www.wikidata.org/entity/Q863415,Bimberamala National Park,Австралия,Австралия и Океания,4396,2001,,Point(150.113888888 -35.486944444)
http://www.wikidata.org/entity/Q863555,Bindarri National Park,Австралия,Австралия и Океания,55.765087890625,1999,,Point(152.933 -30.295)
http://www.wikidata.org/entity/Q863555,Bindarri National Park,Австралия,Австралия и Океания,55.765087890625,2008,,Point(152.933 -30.295)
http://www.wikidata.org/entity/Q863555,Bindarri National Park,Австралия,Австралия и Океания,5513,1999,,Point(152.933 -30.295)
http://www.wikidata.org/entity/Q863555,Bindarri National Park,Австралия,Австралия и Океания,5513,2008,,Point(152.933 -30.295)
http://www.wikidata.org/entity/Q863775,Bingera National Park,Австралия,Австралия и Океания,5407,2009,49,Point(152.3157947 -25.0277748)
http://www.wikidata.org/entity/Q863775,Bingera National Park,Австралия,Австралия и Океания,54.403857421875,2009,49,Point(152.3157947 -25.0277748)
http://www.wikidata.org/entity/Q864799,Национальный парк Шумава,Чехия,Европа,684.597128,1991,600,Point(13.482478888 49.060643055)
http://www.wikidata.org/entity/Q864799,Национальный парк Шумава,Чехия,Европа,684.596742,1991,600,Point(13.482478888 49.060643055)
http://www.wikidata.org/entity/Q864799,Национальный парк Шумава,Чехия,Европа,684.597128,1991,1378,Point(13.482478888 49.060643055)
http://www.wikidata.org/entity/Q864799,Национальный парк Шумава,Чехия,Европа,684.596742,1991,1378,Point(13.482478888 49.060643055)
http://www.wikidata.org/entity/Q865438,Biriwal Bulga National Park,Австралия,Австралия и Океания,6528,1999,,Point(152.306388888 -31.507222222)
http://www.wikidata.org/entity/Q865438,Biriwal Bulga National Park,Австралия,Австралия и Океания,6528,2005,,Point(152.306388888 -31.507222222)
http://www.wikidata.org/entity/Q865438,Biriwal Bulga National Park,Австралия,Австралия и Океания,64.926796875,1999,,Point(152.306388888 -31.507222222)
http://www.wikidata.org/entity/Q865438,Biriwal Bulga National Park,Австралия,Австралия и Океания,64.926796875,2005,,Point(152.306388888 -31.507222222)
http://www.wikidata.org/entity/Q866080,Бискейн (национальный парк),США,Северная Америка,700,1980,,Point(-80.18096924 25.50185493)
http://www.wikidata.org/entity/Q867361,"Национальный парк Чиленто, Валло-ди-Диано и Альбурни",Италия,Европа,1781.72,1991,,Point(15.2 40.2)
http://www.wikidata.org/entity/Q867361,"Национальный парк Чиленто, Валло-ди-Диано и Альбурни",Италия,Европа,1781.72,1991,,Point(15.2 40.2)
http://www.wikidata.org/entity/Q867361,"Национальный парк Чиленто, Валло-ди-Диано и Альбурни",Италия,Европа,1811,1991,,Point(15.2 40.2)
http://www.wikidata.org/entity/Q867361,"Национальный парк Чиленто, Валло-ди-Диано и Альбурни",Италия,Европа,1811,1991,,Point(15.2 40.2)
http://www.wikidata.org/entity/Q869074,"Корковадо (национальный парк, Коста-Рика)",Коста-Рика,Северная Америка,425,1975,63,Point(-83.583333333 8.55)
http://www.wikidata.org/entity/Q877719,Национальный парк Фьордленд,Новая Зеландия,Австралия и Океания,12500,1952,1063,Point(167.347 -45.386)
http://www.wikidata.org/entity/Q879629,Илья-Гранди (национальный парк),Бразилия,Южная Америка,788.75,1997,,Point(-53.81666667 -23.4)
http://www.wikidata.org/entity/Q879629,Илья-Гранди (национальный парк),Бразилия,Южная Америка,761.38,1997,,Point(-53.81666667 -23.4)
http://www.wikidata.org/entity/Q880717,Blackbraes National Park,Австралия,Австралия и Океания,36587,1998,838,Point(144.181388888 -19.478888888)
http://www.wikidata.org/entity/Q880717,Blackbraes National Park,Австралия,Австралия и Океания,36587,2015,838,Point(144.181388888 -19.478888888)
http://www.wikidata.org/entity/Q880717,Blackbraes National Park,Австралия,Австралия и Океания,505.7884765625,1998,838,Point(144.181388888 -19.478888888)
http://www.wikidata.org/entity/Q880717,Blackbraes National Park,Австралия,Австралия и Океания,505.7884765625,2015,838,Point(144.181388888 -19.478888888)
http://www.wikidata.org/entity/Q880724,Велавадар (национальный парк),Индия,Азия,34,1976,,Point(72.0 22.03333333)
http://www.wikidata.org/entity/Q880783,Blackdown Tableland National Park,Австралия,Австралия и Океания,47950,1991,732,Point(149.06 -23.7236)
http://www.wikidata.org/entity/Q880783,Blackdown Tableland National Park,Австралия,Австралия и Океания,47950,2006,732,Point(149.06 -23.7236)
http://www.wikidata.org/entity/Q880783,Blackdown Tableland National Park,Австралия,Австралия и Океания,478.7392578125,1991,732,Point(149.06 -23.7236)
http://www.wikidata.org/entity/Q880783,Blackdown Tableland National Park,Австралия,Австралия и Океания,478.7392578125,2006,732,Point(149.06 -23.7236)
http://www.wikidata.org/entity/Q882447,Национальный парк Блу-Лагун,Замбия,Африка,450,1976,978,Point(27.25 -15.66666667)
http://www.wikidata.org/entity/Q882447,Национальный парк Блу-Лагун,Замбия,Африка,450,1976,978,Point(27.40979 -15.49246)
http://www.wikidata.org/entity/Q885558,Голубые горы,Австралия,Австралия и Океания,2692.04,1959,578,Point(150.4452778 -33.797222222)
http://www.wikidata.org/entity/Q885558,Голубые горы,Австралия,Австралия и Океания,2471,1959,578,Point(150.4452778 -33.797222222)
http://www.wikidata.org/entity/Q885558,Голубые горы,Австралия,Австралия и Океания,2692.04,1959,578,Point(150.4177778 -33.615)
http://www.wikidata.org/entity/Q885558,Голубые горы,Австралия,Австралия и Океания,2471,1959,578,Point(150.4177778 -33.615)
http://www.wikidata.org/entity/Q887049,Blåfjella–Skjækerfjella National Park,Норвегия,Европа,1932,1970,,Point(13.10929 64.2168)
http://www.wikidata.org/entity/Q887049,Blåfjella–Skjækerfjella National Park,Норвегия,Европа,1932,2004,,Point(13.10929 64.2168)
http://www.wikidata.org/entity/Q887049,Blåfjella–Skjækerfjella National Park,Норвегия,Европа,1926.7328391,1970,,Point(13.10929 64.2168)
http://www.wikidata.org/entity/Q887049,Blåfjella–Skjækerfjella National Park,Норвегия,Европа,1926.7328391,2004,,Point(13.10929 64.2168)
http://www.wikidata.org/entity/Q891743,Бома (национальный парк),Южный Судан,Африка,22800,1986,,Point(33.914 6.489)
http://www.wikidata.org/entity/Q892405,Bongil Bongil National Park,Австралия,Австралия и Океания,42.5178662109375,1995,17,Point(153.034722222 -30.398611111)
http://www.wikidata.org/entity/Q892405,Bongil Bongil National Park,Австралия,Австралия и Океания,42.5178662109375,2011,17,Point(153.034722222 -30.398611111)
http://www.wikidata.org/entity/Q892405,Bongil Bongil National Park,Австралия,Австралия и Океания,4233,1995,17,Point(153.034722222 -30.398611111)
http://www.wikidata.org/entity/Q892405,Bongil Bongil National Park,Австралия,Австралия и Океания,4233,2011,17,Point(153.034722222 -30.398611111)
http://www.wikidata.org/entity/Q892405,Bongil Bongil National Park,Австралия,Австралия и Океания,42.5178662109375,1995,17,Point(153.0344444 -30.398333333)
http://www.wikidata.org/entity/Q892405,Bongil Bongil National Park,Австралия,Австралия и Океания,42.5178662109375,2011,17,Point(153.0344444 -30.398333333)
http://www.wikidata.org/entity/Q892405,Bongil Bongil National Park,Австралия,Австралия и Океания,4233,1995,17,Point(153.0344444 -30.398333333)
http://www.wikidata.org/entity/Q892405,Bongil Bongil National Park,Австралия,Австралия и Океания,4233,2011,17,Point(153.0344444 -30.398333333)
http://www.wikidata.org/entity/Q893073,Boonoo Boonoo National Park,Австралия,Австралия и Океания,4377,1982,991,Point(152.178333333 -28.8175)
http://www.wikidata.org/entity/Q893073,Boonoo Boonoo National Park,Австралия,Австралия и Океания,4377,2010,991,Point(152.178333333 -28.8175)
http://www.wikidata.org/entity/Q893073,Boonoo Boonoo National Park,Австралия,Австралия и Океания,48.03,1982,991,Point(152.178333333 -28.8175)
http://www.wikidata.org/entity/Q893073,Boonoo Boonoo National Park,Австралия,Австралия и Океания,48.03,2010,991,Point(152.178333333 -28.8175)
http://www.wikidata.org/entity/Q893073,Boonoo Boonoo National Park,Австралия,Австралия и Океания,48.0341162109375,1982,991,Point(152.178333333 -28.8175)
http://www.wikidata.org/entity/Q893073,Boonoo Boonoo National Park,Австралия,Австралия и Океания,48.0341162109375,2010,991,Point(152.178333333 -28.8175)
http://www.wikidata.org/entity/Q893086,Бураббин,Австралия,Австралия и Океания,260,1977,427,Point(120.169 -31.2383)
http://www.wikidata.org/entity/Q893086,Бураббин,Австралия,Австралия и Океания,281.68408203125,1977,427,Point(120.169 -31.2383)
http://www.wikidata.org/entity/Q893407,Border Ranges National Park,Австралия,Австралия и Океания,312.29,1979,885,Point(152.986111111 -28.359722222)
http://www.wikidata.org/entity/Q893407,Border Ranges National Park,Австралия,Австралия и Океания,312.29,2006,885,Point(152.986111111 -28.359722222)
http://www.wikidata.org/entity/Q893407,Border Ranges National Park,Австралия,Австралия и Океания,316.46375,1979,885,Point(152.986111111 -28.359722222)
http://www.wikidata.org/entity/Q893407,Border Ranges National Park,Австралия,Австралия и Океания,316.46375,2006,885,Point(152.986111111 -28.359722222)
http://www.wikidata.org/entity/Q893407,Border Ranges National Park,Австралия,Австралия и Океания,31729,1979,885,Point(152.986111111 -28.359722222)
http://www.wikidata.org/entity/Q893407,Border Ranges National Park,Австралия,Австралия и Океания,31729,2006,885,Point(152.986111111 -28.359722222)
http://www.wikidata.org/entity/Q893407,Border Ranges National Park,Австралия,Австралия и Океания,312.29,1979,885,Point(153.0844444 -28.331666666)
http://www.wikidata.org/entity/Q893407,Border Ranges National Park,Австралия,Австралия и Океания,312.29,2006,885,Point(153.0844444 -28.331666666)
http://www.wikidata.org/entity/Q893407,Border Ranges National Park,Австралия,Австралия и Океания,316.46375,1979,885,Point(153.0844444 -28.331666666)
http://www.wikidata.org/entity/Q893407,Border Ranges National Park,Австралия,Австралия и Океания,316.46375,2006,885,Point(153.0844444 -28.331666666)
http://www.wikidata.org/entity/Q893407,Border Ranges National Park,Австралия,Австралия и Океания,31729,1979,885,Point(153.0844444 -28.331666666)
http://www.wikidata.org/entity/Q893407,Border Ranges National Park,Австралия,Австралия и Океания,31729,2006,885,Point(153.0844444 -28.331666666)
http://www.wikidata.org/entity/Q894672,Kamay Botany Bay National Park,Австралия,Австралия и Океания,4.99973114013672,1984,28,Point(151.224722222 -34.020555555)
http://www.wikidata.org/entity/Q894672,Kamay Botany Bay National Park,Австралия,Австралия и Океания,4.99973114013672,2018,28,Point(151.224722222 -34.020555555)
http://www.wikidata.org/entity/Q894949,Бубанджида,Камерун,Африка,2113.82,1968,329,Point(14.656666666 8.623611111)
http://www.wikidata.org/entity/Q894983,Букль-де-Бауле,Мали,Африка,3330,1982,,Point(-8.8833 14.0833)
http://www.wikidata.org/entity/Q894991,Bouddi National Park,Австралия,Австралия и Океания,16.1774096679687,1967,63,Point(151.4177778 -33.498333333)
http://www.wikidata.org/entity/Q894991,Bouddi National Park,Австралия,Австралия и Океания,16.1774096679687,2006,63,Point(151.4177778 -33.498333333)
http://www.wikidata.org/entity/Q894991,Bouddi National Park,Австралия,Австралия и Океания,1532,1967,63,Point(151.4177778 -33.498333333)
http://www.wikidata.org/entity/Q894991,Bouddi National Park,Австралия,Австралия и Океания,1532,2006,63,Point(151.4177778 -33.498333333)
http://www.wikidata.org/entity/Q895125,Бумба-Бек,Камерун,Африка,2383,2005,627,Point(15.7 2.216666666)
http://www.wikidata.org/entity/Q895450,Bowling Green Bay National Park,Австралия,Австралия и Океания,58128,1977,4,Point(147.033888888 -19.213333333)
http://www.wikidata.org/entity/Q895450,Bowling Green Bay National Park,Австралия,Австралия и Океания,58128,2010,4,Point(147.033888888 -19.213333333)
http://www.wikidata.org/entity/Q895450,Bowling Green Bay National Park,Австралия,Австралия и Океания,576.9690234375,1977,4,Point(147.033888888 -19.213333333)
http://www.wikidata.org/entity/Q895450,Bowling Green Bay National Park,Австралия,Австралия и Океания,576.9690234375,2010,4,Point(147.033888888 -19.213333333)
http://www.wikidata.org/entity/Q897598,Brampton Islands National Park,Австралия,Австралия и Океания,9.69932189941406,1968,114,Point(149.284419444 -20.793161111)
http://www.wikidata.org/entity/Q897598,Brampton Islands National Park,Австралия,Австралия и Океания,9.69932189941406,1998,114,Point(149.284419444 -20.793161111)
http://www.wikidata.org/entity/Q897598,Brampton Islands National Park,Австралия,Австралия и Океания,101,1968,114,Point(149.284419444 -20.793161111)
http://www.wikidata.org/entity/Q897598,Brampton Islands National Park,Австралия,Австралия и Океания,101,1998,114,Point(149.284419444 -20.793161111)
http://www.wikidata.org/entity/Q897598,Brampton Islands National Park,Австралия,Австралия и Океания,9.69932189941406,1968,114,Point(149.285555555 -20.7875)
http://www.wikidata.org/entity/Q897598,Brampton Islands National Park,Австралия,Австралия и Океания,9.69932189941406,1998,114,Point(149.285555555 -20.7875)
http://www.wikidata.org/entity/Q897598,Brampton Islands National Park,Австралия,Австралия и Океания,101,1968,114,Point(149.285555555 -20.7875)
http://www.wikidata.org/entity/Q897598,Brampton Islands National Park,Австралия,Австралия и Океания,101,1998,114,Point(149.285555555 -20.7875)
http://www.wikidata.org/entity/Q829648,Copo National Park,Аргентина,Южная Америка,1181.19,1998,,Point(-61.88333333 -25.96666667)
http://www.wikidata.org/entity/Q829805,Эль-Леонсито,Аргентина,Южная Америка,897.06,1994,,Point(-69.36666667 -31.8)
http://www.wikidata.org/entity/Q829872,Монте-Леон (национальный парк),Аргентина,Южная Америка,621.69,2004,,Point(-69.0 -50.23333333)
http://www.wikidata.org/entity/Q829966,Campos del Tuyú National Park,Аргентина,Южная Америка,30,2009,,Point(-56.866666666 -36.35)
http://www.wikidata.org/entity/Q830099,South Bruny National Park,Австралия,Австралия и Океания,5059,1997,91,Point(147.371111 -43.35)
http://www.wikidata.org/entity/Q830099,South Bruny National Park,Австралия,Австралия и Океания,5059,2000,91,Point(147.371111 -43.35)
http://www.wikidata.org/entity/Q830099,South Bruny National Park,Австралия,Австралия и Океания,52.7206624082103,1997,91,Point(147.371111 -43.35)
http://www.wikidata.org/entity/Q830099,South Bruny National Park,Австралия,Австралия и Океания,52.7206624082103,2000,91,Point(147.371111 -43.35)
http://www.wikidata.org/entity/Q833116,Undara Volcanic National Park,Австралия,Австралия и Океания,658,1993,877,Point(144.596 -18.2011)
http://www.wikidata.org/entity/Q833116,Undara Volcanic National Park,Австралия,Австралия и Океания,658,2016,877,Point(144.596 -18.2011)
http://www.wikidata.org/entity/Q833116,Undara Volcanic National Park,Австралия,Австралия и Океания,672.133203125,1993,877,Point(144.596 -18.2011)
http://www.wikidata.org/entity/Q833116,Undara Volcanic National Park,Австралия,Австралия и Океания,672.133203125,2016,877,Point(144.596 -18.2011)
http://www.wikidata.org/entity/Q834893,Национальный Парк Кинабалу,Малайзия,Азия,753.7,1964,,Point(116.65 6.15)
http://www.wikidata.org/entity/Q834893,Национальный Парк Кинабалу,Малайзия,Азия,754,1964,,Point(116.65 6.15)
http://www.wikidata.org/entity/Q836264,Кобук-Валли,США,Северная Америка,7084.9,1980,,Point(-159.19889 67.35336)
http://www.wikidata.org/entity/Q836264,Кобук-Валли,США,Северная Америка,7084.9,1980,,Point(-159.283333333 67.55)
http://www.wikidata.org/entity/Q839603,Сангай,Эквадор,Южная Америка,2719.25,1979,,Point(-78.333333333 -1.833333333)
http://www.wikidata.org/entity/Q841503,Кенай-Фьордс,США,Северная Америка,2711,1980,,Point(-150.10857 59.81571)
http://www.wikidata.org/entity/Q841503,Кенай-Фьордс,США,Северная Америка,2711,1980,,Point(-149.9875 59.917777777)
http://www.wikidata.org/entity/Q843075,Американское Самоа,США,Северная Америка,55,1988,498,Point(-170.68333333 -14.25833333)
http://www.wikidata.org/entity/Q847071,Warrumbungle National Park,Австралия,Австралия и Океания,236.1198003226,1967,,Point(149.008055555 -31.292222222)
http://www.wikidata.org/entity/Q847071,Warrumbungle National Park,Австралия,Австралия и Океания,236.1198003226,2011,,Point(149.008055555 -31.292222222)
http://www.wikidata.org/entity/Q847071,Warrumbungle National Park,Австралия,Австралия и Океания,238.62080078125,1967,,Point(149.008055555 -31.292222222)
http://www.wikidata.org/entity/Q847071,Warrumbungle National Park,Австралия,Австралия и Океания,238.62080078125,2011,,Point(149.008055555 -31.292222222)
http://www.wikidata.org/entity/Q847071,Warrumbungle National Park,Австралия,Австралия и Океания,236.1198003226,1967,,Point(149.0177778 -31.231666666)
http://www.wikidata.org/entity/Q847071,Warrumbungle National Park,Австралия,Австралия и Океания,236.1198003226,2011,,Point(149.0177778 -31.231666666)
http://www.wikidata.org/entity/Q847071,Warrumbungle National Park,Австралия,Австралия и Океания,238.62080078125,1967,,Point(149.0177778 -31.231666666)
http://www.wikidata.org/entity/Q847071,Warrumbungle National Park,Австралия,Австралия и Океания,238.62080078125,2011,,Point(149.0177778 -31.231666666)
http://www.wikidata.org/entity/Q847690,Национальный заповедник Гран-Парадизо,Италия,Европа,710.44,1922,,Point(7.31 45.502777777)
http://www.wikidata.org/entity/Q847690,Национальный заповедник Гран-Парадизо,Италия,Европа,710.4,1922,,Point(7.31 45.502777777)
http://www.wikidata.org/entity/Q849280,San Esteban National Park,Венесуэла,Южная Америка,435,1987,,Point(-67.980278 10.390833)
http://www.wikidata.org/entity/Q855195,Биа,Гана,Африка,563,1974,,Point(-3.1 6.083333333)
http://www.wikidata.org/entity/Q855269,Biak-na-Bato National Park,Филиппины,Азия,468,1989,,Point(121.084 15.1201)
http://www.wikidata.org/entity/Q855311,Biamanga National Park,Австралия,Австралия и Океания,0,1994,,Point(149.941944444 -36.451111111)
http://www.wikidata.org/entity/Q855311,Biamanga National Park,Австралия,Австралия и Океания,0,2006,,Point(149.941944444 -36.451111111)
http://www.wikidata.org/entity/Q855311,Biamanga National Park,Австралия,Австралия и Океания,13749,1994,,Point(149.941944444 -36.451111111)
http://www.wikidata.org/entity/Q855311,Biamanga National Park,Австралия,Австралия и Океания,13749,2006,,Point(149.941944444 -36.451111111)
http://www.wikidata.org/entity/Q856665,Гомбе,Танзания,Африка,52,1968,,Point(29.633333333 -4.666666666)
http://www.wikidata.org/entity/Q859389,Чобе,Ботсвана,Африка,11700,1967,942,Point(24.4 -18.65)
http://www.wikidata.org/entity/Q861957,Наатсичо,Канада,Северная Америка,4867.04,2014,,Point(-128.25 62.25)
http://www.wikidata.org/entity/Q922823,Broadwater National Park,Австралия,Австралия и Океания,4225,2012,11,Point(153.41 -29.053888888)
http://www.wikidata.org/entity/Q922823,Broadwater National Park,Австралия,Австралия и Океания,4225,2012,11,Point(153.4177778 -29.065)
http://www.wikidata.org/entity/Q922898,Кишкуншаг,Венгрия,Европа,505.23,1975,,Point(19.22 46.74)
http://www.wikidata.org/entity/Q923213,Quezon Protected Landscape,Филиппины,Азия,9.83,1934,,Point(121.75 14.03333333)
http://www.wikidata.org/entity/Q924190,Mount Hypipamee National Park,Австралия,Австралия и Океания,3.47906036376953,1939,973,Point(145.486111111 -17.425)
http://www.wikidata.org/entity/Q924190,Mount Hypipamee National Park,Австралия,Австралия и Океания,3.47906036376953,2001,973,Point(145.486111111 -17.425)
http://www.wikidata.org/entity/Q924190,Mount Hypipamee National Park,Австралия,Австралия и Океания,3.64,1939,973,Point(145.486111111 -17.425)
http://www.wikidata.org/entity/Q924190,Mount Hypipamee National Park,Австралия,Австралия и Океания,3.64,2001,973,Point(145.486111111 -17.425)
http://www.wikidata.org/entity/Q924315,Culgoa National Park,Австралия,Австралия и Океания,227,1996,136,Point(147.035277777 -29.080555555)
http://www.wikidata.org/entity/Q924315,Culgoa National Park,Австралия,Австралия и Океания,227,2015,136,Point(147.035277777 -29.080555555)
http://www.wikidata.org/entity/Q924315,Culgoa National Park,Австралия,Австралия и Океания,378.5869921875,1996,136,Point(147.035277777 -29.080555555)
http://www.wikidata.org/entity/Q924315,Culgoa National Park,Австралия,Австралия и Океания,378.5869921875,2015,136,Point(147.035277777 -29.080555555)
http://www.wikidata.org/entity/Q924315,Culgoa National Park,Австралия,Австралия и Океания,227,1996,136,Point(147.0677778 -29.081666666)
http://www.wikidata.org/entity/Q924315,Culgoa National Park,Австралия,Австралия и Океания,227,2015,136,Point(147.0677778 -29.081666666)
http://www.wikidata.org/entity/Q924315,Culgoa National Park,Австралия,Австралия и Океания,378.5869921875,1996,136,Point(147.0677778 -29.081666666)
http://www.wikidata.org/entity/Q924315,Culgoa National Park,Австралия,Австралия и Океания,378.5869921875,2015,136,Point(147.0677778 -29.081666666)
http://www.wikidata.org/entity/Q925214,Тасман,Австралия,Австралия и Океания,97,1999,213,Point(147.976 -42.8553)
http://www.wikidata.org/entity/Q925214,Тасман,Австралия,Австралия и Океания,109.066131114298,1999,213,Point(147.976 -42.8553)
http://www.wikidata.org/entity/Q925217,El Tuparro National Natural Park,Колумбия,Южная Америка,548,1970,88,Point(-68.3 4.97)
http://www.wikidata.org/entity/Q927997,Kati Thanda-Lake Eyre National Park,Австралия,Австралия и Океания,13.49251,1985,,Point(137.524 -28.6689)
http://www.wikidata.org/entity/Q927997,Kati Thanda-Lake Eyre National Park,Австралия,Австралия и Океания,13.49251,2014,,Point(137.524 -28.6689)
http://www.wikidata.org/entity/Q927997,Kati Thanda-Lake Eyre National Park,Австралия,Австралия и Океания,13507.65125,1985,,Point(137.524 -28.6689)
http://www.wikidata.org/entity/Q927997,Kati Thanda-Lake Eyre National Park,Австралия,Австралия и Океания,13507.65125,2014,,Point(137.524 -28.6689)
http://www.wikidata.org/entity/Q927997,Kati Thanda-Lake Eyre National Park,Австралия,Австралия и Океания,13.49251,1985,,Point(137.60651 -28.29954)
http://www.wikidata.org/entity/Q927997,Kati Thanda-Lake Eyre National Park,Австралия,Австралия и Океания,13.49251,2014,,Point(137.60651 -28.29954)
http://www.wikidata.org/entity/Q927997,Kati Thanda-Lake Eyre National Park,Австралия,Австралия и Океания,13507.65125,1985,,Point(137.60651 -28.29954)
http://www.wikidata.org/entity/Q927997,Kati Thanda-Lake Eyre National Park,Австралия,Австралия и Океания,13507.65125,2014,,Point(137.60651 -28.29954)
http://www.wikidata.org/entity/Q928618,Brook Islands National Park,Австралия,Австралия и Океания,0.587471694946289,1994,40,Point(146.282222222 -18.141388888)
http://www.wikidata.org/entity/Q928618,Brook Islands National Park,Австралия,Австралия и Океания,0.587471694946289,2000,40,Point(146.282222222 -18.141388888)
http://www.wikidata.org/entity/Q928618,Brook Islands National Park,Австралия,Австралия и Океания,639,1994,40,Point(146.282222222 -18.141388888)
http://www.wikidata.org/entity/Q928618,Brook Islands National Park,Австралия,Австралия и Океания,639,2000,40,Point(146.282222222 -18.141388888)
http://www.wikidata.org/entity/Q930677,Freycinet National Park,Австралия,Австралия и Океания,168.638716394224,1916,207,Point(148.283333 -42.05)
http://www.wikidata.org/entity/Q930677,Freycinet National Park,Австралия,Австралия и Океания,168.638716394224,2008,207,Point(148.283333 -42.05)
http://www.wikidata.org/entity/Q930677,Freycinet National Park,Австралия,Австралия и Океания,168,1916,207,Point(148.283333 -42.05)
http://www.wikidata.org/entity/Q930677,Freycinet National Park,Австралия,Австралия и Океания,168,2008,207,Point(148.283333 -42.05)
http://www.wikidata.org/entity/Q932232,Алтай-Таван-Богд,Монголия,Азия,6560.89,1996,,Point(88.616666666 48.55)
http://www.wikidata.org/entity/Q932535,Watagans National Park,Австралия,Австралия и Океания,7751,1999,,Point(151.393055555 -33.005)
http://www.wikidata.org/entity/Q932535,Watagans National Park,Австралия,Австралия и Океания,7751,2007,,Point(151.393055555 -33.005)
http://www.wikidata.org/entity/Q932535,Watagans National Park,Австралия,Австралия и Океания,77.9461767578125,1999,,Point(151.393055555 -33.005)
http://www.wikidata.org/entity/Q932535,Watagans National Park,Австралия,Австралия и Океания,77.9461767578125,2007,,Point(151.393055555 -33.005)
http://www.wikidata.org/entity/Q932736,Национальный парк Вулканов,Руанда,Африка,130,1969,,Point(29.4925 -1.4675)
http://www.wikidata.org/entity/Q932964,Национальный парк Янчеп,Австралия,Австралия и Океания,28.5970043945313,1957,,Point(115.690833333 -31.560555555)
http://www.wikidata.org/entity/Q932964,Национальный парк Янчеп,Австралия,Австралия и Океания,28.5970043945313,2002,,Point(115.690833333 -31.560555555)
http://www.wikidata.org/entity/Q932964,Национальный парк Янчеп,Австралия,Австралия и Океания,28,1957,,Point(115.690833333 -31.560555555)
http://www.wikidata.org/entity/Q932964,Национальный парк Янчеп,Австралия,Австралия и Океания,28,2002,,Point(115.690833333 -31.560555555)
http://www.wikidata.org/entity/Q934019,Nelson Lakes National Park,Новая Зеландия,Австралия и Океания,1020,1956,761,Point(172.608 -42.042)
http://www.wikidata.org/entity/Q934161,Cania Gorge National Park,Австралия,Австралия и Океания,30,1977,482,Point(150.989444444 -24.66)
http://www.wikidata.org/entity/Q934161,Cania Gorge National Park,Австралия,Австралия и Океания,30,1994,482,Point(150.989444444 -24.66)
http://www.wikidata.org/entity/Q934161,Cania Gorge National Park,Австралия,Австралия и Океания,29.2426928710938,1977,482,Point(150.989444444 -24.66)
http://www.wikidata.org/entity/Q934161,Cania Gorge National Park,Австралия,Австралия и Океания,29.2426928710938,1994,482,Point(150.989444444 -24.66)
http://www.wikidata.org/entity/Q935435,Национальный парк Лаука,Чили,Южная Америка,1378.83,1970,,Point(-69.353889 -18.244444)
http://www.wikidata.org/entity/Q935435,Национальный парк Лаука,Чили,Южная Америка,1.37,1970,,Point(-69.353889 -18.244444)
http://www.wikidata.org/entity/Q936482,Murray - Sunset National Park,Австралия,Австралия и Океания,6330,1991,,Point(141.484 -34.7764)
http://www.wikidata.org/entity/Q936482,Murray - Sunset National Park,Австралия,Австралия и Океания,6330,2011,,Point(141.484 -34.7764)
http://www.wikidata.org/entity/Q936482,Murray - Sunset National Park,Австралия,Австралия и Океания,6654,1991,,Point(141.484 -34.7764)
http://www.wikidata.org/entity/Q936482,Murray - Sunset National Park,Австралия,Австралия и Океания,6654,2011,,Point(141.484 -34.7764)
http://www.wikidata.org/entity/Q936482,Murray - Sunset National Park,Австралия,Австралия и Океания,6655.40375,1991,,Point(141.484 -34.7764)
http://www.wikidata.org/entity/Q936482,Murray - Sunset National Park,Австралия,Австралия и Океания,6655.40375,2011,,Point(141.484 -34.7764)
http://www.wikidata.org/entity/Q936623,Кингс-Каньон,США,Северная Америка,1869,1940,3281,Point(-118.672861111 36.789280555)
http://www.wikidata.org/entity/Q937596,Andre Felix National Park,Центральноафриканская Республика,Африка,1700,1960,,Point(23.343888888 9.440833333)
http://www.wikidata.org/entity/Q524956,Dorrigo National Park,Австралия,Австралия и Океания,78.85,1967,306,Point(152.7511111 -30.381666666)
http://www.wikidata.org/entity/Q524956,Dorrigo National Park,Австралия,Австралия и Океания,78.85,2003,306,Point(152.7511111 -30.381666666)
http://www.wikidata.org/entity/Q526425,Idalia National Park,Австралия,Австралия и Океания,1410.21015625,1990,398,Point(144.697 -24.9586)
http://www.wikidata.org/entity/Q526425,Idalia National Park,Австралия,Австралия и Океания,1410.21015625,1998,398,Point(144.697 -24.9586)
http://www.wikidata.org/entity/Q526425,Idalia National Park,Австралия,Австралия и Океания,1.44,1990,398,Point(144.697 -24.9586)
http://www.wikidata.org/entity/Q526425,Idalia National Park,Австралия,Австралия и Океания,1.44,1998,398,Point(144.697 -24.9586)
http://www.wikidata.org/entity/Q527914,Brindabella National Park,Австралия,Австралия и Океания,18.454,1996,997,Point(148.8011111 -35.238611111)
http://www.wikidata.org/entity/Q527914,Brindabella National Park,Австралия,Австралия и Океания,18.454,2014,997,Point(148.8011111 -35.238611111)
http://www.wikidata.org/entity/Q527914,Brindabella National Park,Австралия,Австралия и Океания,212.882109375,1996,997,Point(148.8011111 -35.238611111)
http://www.wikidata.org/entity/Q527914,Brindabella National Park,Австралия,Австралия и Океания,212.882109375,2014,997,Point(148.8011111 -35.238611111)
http://www.wikidata.org/entity/Q528924,Раго,Норвегия,Европа,171,1971,,Point(15.983333333 67.433333333)
http://www.wikidata.org/entity/Q528924,Раго,Норвегия,Европа,161.9256281,1971,,Point(15.983333333 67.433333333)
http://www.wikidata.org/entity/Q532440,Сундарбан,Индия,Азия,1330.12,1984,,Point(88.75 21.75)
http://www.wikidata.org/entity/Q532440,Сундарбан,Индия,Азия,1330.1,1984,,Point(88.75 21.75)
http://www.wikidata.org/entity/Q524956,Dorrigo National Park,Австралия,Австралия и Океания,119,1967,306,Point(152.7511111 -30.381666666)
http://www.wikidata.org/entity/Q524956,Dorrigo National Park,Австралия,Австралия и Океания,119,2003,306,Point(152.7511111 -30.381666666)
http://www.wikidata.org/entity/Q524956,Dorrigo National Park,Австралия,Австралия и Океания,117.68556640625,1967,306,Point(152.7511111 -30.381666666)
http://www.wikidata.org/entity/Q524956,Dorrigo National Park,Австралия,Австралия и Океания,117.68556640625,2003,306,Point(152.7511111 -30.381666666)
http://www.wikidata.org/entity/Q152660,Секвойя,США,Северная Америка,1635,1890,3239,Point(-118.772777777 36.564722222)
http://www.wikidata.org/entity/Q152688,Торнгат-Маунтинс,Канада,Северная Америка,9700,2005,,Point(-63.696388888 59.435833333)
http://www.wikidata.org/entity/Q499953,Southwood National Park,Австралия,Австралия и Океания,71.1990283203125,2001,262,Point(150.135555555 -27.814722222)
http://www.wikidata.org/entity/Q499953,Southwood National Park,Австралия,Австралия и Океания,712,1970,262,Point(150.135555555 -27.814722222)
http://www.wikidata.org/entity/Q499953,Southwood National Park,Австралия,Австралия и Океания,712,2001,262,Point(150.135555555 -27.814722222)
http://www.wikidata.org/entity/Q501344,Национальный парк Комоэ,Кот-д’Ивуар,Африка,11500,1968,,Point(-3.590555555 8.8225)
http://www.wikidata.org/entity/Q501344,Национальный парк Комоэ,Кот-д’Ивуар,Африка,11491.5,1968,,Point(-3.590555555 8.8225)
http://www.wikidata.org/entity/Q501344,Национальный парк Комоэ,Кот-д’Ивуар,Африка,11500,1968,,Point(-3.7725 9.163611111)
http://www.wikidata.org/entity/Q501344,Национальный парк Комоэ,Кот-д’Ивуар,Африка,11491.5,1968,,Point(-3.7725 9.163611111)
http://www.wikidata.org/entity/Q503429,Джаспер,Канада,Северная Америка,10878,1907,,Point(-117.9 52.8)
http://www.wikidata.org/entity/Q503518,Нижнее Замбези (национальный парк),Замбия,Африка,4092,1983,861,Point(29.33333333 -15.75)
http://www.wikidata.org/entity/Q503835,Национальный парк Маново-Гоунда-Сен-Флорис,Центральноафриканская Республика,Африка,17400,1979,425,Point(21.5 8.5)
http://www.wikidata.org/entity/Q503835,Национальный парк Маново-Гоунда-Сен-Флорис,Центральноафриканская Республика,Африка,17400,1979,425,Point(21.5 8.5)
http://www.wikidata.org/entity/Q504315,Горы Сымен,Эфиопия,Африка,412,1969,,Point(38.066666666 13.183333333)
http://www.wikidata.org/entity/Q504315,Горы Сымен,Эфиопия,Африка,136,1969,,Point(38.066666666 13.183333333)
http://www.wikidata.org/entity/Q506511,Манас,Индия,Азия,391,1990,,Point(90.933333333 26.716666666)
http://www.wikidata.org/entity/Q506511,Манас,Индия,Азия,2600,1990,,Point(90.933333333 26.716666666)
http://www.wikidata.org/entity/Q510882,Пном Кулен,Камбоджа,Азия,375,1993,,Point(104.0957 13.6062)
http://www.wikidata.org/entity/Q519117,Savage River National Park,Австралия,Австралия и Океания,1798,1999,624,Point(145.409 -41.3539)
http://www.wikidata.org/entity/Q519117,Savage River National Park,Австралия,Австралия и Океания,179.87982421875,1999,624,Point(145.409 -41.3539)
http://www.wikidata.org/entity/Q522250,Takamanda National Park,Камерун,Африка,676,2008,,Point(9.33333333 6.16666667)
http://www.wikidata.org/entity/Q499550,Smith Islands National Park,Австралия,Австралия и Океания,11.3512976074219,1998,104,Point(149.110555555 -20.589166666)
http://www.wikidata.org/entity/Q816681,Benarkin National Park,Австралия,Австралия и Океания,2.03790435791016,2006,350,Point(152.170561111 -26.760561111)
http://www.wikidata.org/entity/Q816681,Benarkin National Park,Австралия,Австралия и Океания,218,2006,350,Point(152.170561111 -26.760561111)
http://www.wikidata.org/entity/Q816681,Benarkin National Park,Австралия,Австралия и Океания,2.03790435791016,2006,350,Point(152.1714074 -26.7603917)
http://www.wikidata.org/entity/Q816681,Benarkin National Park,Австралия,Австралия и Океания,218,2006,350,Point(152.1714074 -26.7603917)
http://www.wikidata.org/entity/Q816780,Bendidee National Park,Австралия,Австралия и Океания,9.27539733886719,1979,248,Point(150.517777777 -28.300277777)
http://www.wikidata.org/entity/Q816780,Bendidee National Park,Австралия,Австралия и Океания,9.27539733886719,1994,248,Point(150.517777777 -28.300277777)
http://www.wikidata.org/entity/Q816780,Bendidee National Park,Австралия,Австралия и Океания,931,1979,248,Point(150.517777777 -28.300277777)
http://www.wikidata.org/entity/Q816780,Bendidee National Park,Австралия,Австралия и Океания,931,1994,248,Point(150.517777777 -28.300277777)
http://www.wikidata.org/entity/Q824602,Подземная река Пуэрто-Принсеса,Филиппины,Азия,222.02,1971,,Point(118.916666666 10.166666666)
http://www.wikidata.org/entity/Q824602,Подземная река Пуэрто-Принсеса,Филиппины,Азия,222.02,1999,,Point(118.916666666 10.166666666)
http://www.wikidata.org/entity/Q827519,Хартц-Маунтинс,Австралия,Австралия и Океания,121.34,1939,768,Point(146.756 -43.2297)
http://www.wikidata.org/entity/Q827519,Хартц-Маунтинс,Австралия,Австралия и Океания,121.34,2013,768,Point(146.756 -43.2297)
http://www.wikidata.org/entity/Q827519,Хартц-Маунтинс,Австралия,Австралия и Океания,72.26,1939,768,Point(146.756 -43.2297)
http://www.wikidata.org/entity/Q827519,Хартц-Маунтинс,Австралия,Австралия и Океания,72.26,2013,768,Point(146.756 -43.2297)
http://www.wikidata.org/entity/Q827526,Mole Creek Karst National Park,Австралия,Австралия и Океания,1345,1996,1126,Point(146.289 -41.6006)
http://www.wikidata.org/entity/Q827526,Mole Creek Karst National Park,Австралия,Австралия и Океания,1345,2016,1126,Point(146.289 -41.6006)
http://www.wikidata.org/entity/Q827526,Mole Creek Karst National Park,Австралия,Австралия и Океания,17.914854850769,1996,1126,Point(146.289 -41.6006)
http://www.wikidata.org/entity/Q829474,Los Cardones National Park,Аргентина,Южная Америка,641.17,1996,,Point(-66.18166667 -25.12533333)
http://www.wikidata.org/entity/Q400200,Аукштайтский национальный парк,Литва,Европа,409.75,1974,,Point(26.057 55.344)
http://www.wikidata.org/entity/Q422935,Nuga Nuga National Park,Австралия,Австралия и Океания,286,1993,331,Point(148.684444444 -24.965277777)
http://www.wikidata.org/entity/Q422935,Nuga Nuga National Park,Австралия,Австралия и Океания,286,1994,331,Point(148.684444444 -24.965277777)
http://www.wikidata.org/entity/Q422935,Nuga Nuga National Park,Австралия,Австралия и Океания,29.360244140625,1993,331,Point(148.684444444 -24.965277777)
http://www.wikidata.org/entity/Q422935,Nuga Nuga National Park,Австралия,Австралия и Океания,29.360244140625,1994,331,Point(148.684444444 -24.965277777)
http://www.wikidata.org/entity/Q423134,Newry Islands National Park,Австралия,Австралия и Океания,464,1938,,Point(148.899444444 -20.851666666)
http://www.wikidata.org/entity/Q917644,Брисбен-Рэнджес,Австралия,Австралия и Океания,88.85,1973,244,Point(144.279 -37.7953)
http://www.wikidata.org/entity/Q917644,Брисбен-Рэнджес,Австралия,Австралия и Океания,88.85,1977,244,Point(144.279 -37.7953)
http://www.wikidata.org/entity/Q815431,Belford National Park,Австралия,Австралия и Океания,294,2003,,Point(151.3 -32.65)
http://www.wikidata.org/entity/Q815431,Belford National Park,Австралия,Австралия и Океания,294,2006,,Point(151.3 -32.65)
http://www.wikidata.org/entity/Q815977,Bellinger River National Park,Австралия,Австралия и Океания,28.3163452148438,1997,232,Point(152.7011111 -30.415)
http://www.wikidata.org/entity/Q815977,Bellinger River National Park,Австралия,Австралия и Океания,2830,1997,232,Point(152.7011111 -30.415)
http://www.wikidata.org/entity/Q816402,Ben Lomond National Park,Австралия,Австралия и Океания,165,1947,1312,Point(147.666667 -41.55)
http://www.wikidata.org/entity/Q816402,Ben Lomond National Park,Австралия,Австралия и Океания,165,2000,1312,Point(147.666667 -41.55)
http://www.wikidata.org/entity/Q816402,Ben Lomond National Park,Австралия,Австралия и Океания,181.90115234375,1947,1312,Point(147.666667 -41.55)
http://www.wikidata.org/entity/Q816402,Ben Lomond National Park,Австралия,Австралия и Океания,181.90115234375,2000,1312,Point(147.666667 -41.55)
http://www.wikidata.org/entity/Q816671,Benambra National Park,Австралия,Австралия и Океания,14.0015002441406,2001,,Point(147.09560394 -35.78606988)
http://www.wikidata.org/entity/Q816671,Benambra National Park,Австралия,Австралия и Океания,1399,2001,,Point(147.09560394 -35.78606988)
http://www.wikidata.org/entity/Q816671,Benambra National Park,Австралия,Австралия и Океания,14.0015002441406,2001,,Point(147.0975 -35.78667)
http://www.wikidata.org/entity/Q816671,Benambra National Park,Австралия,Австралия и Океания,1399,2001,,Point(147.0975 -35.78667)
http://www.wikidata.org/entity/Q922736,Niumi National Park,Гамбия,Африка,4940,1987,,Point(-16.5 13.56666667)
http://www.wikidata.org/entity/Q922823,Broadwater National Park,Австралия,Австралия и Океания,40.9881396484375,1974,11,Point(153.41 -29.053888888)
http://www.wikidata.org/entity/Q922823,Broadwater National Park,Австралия,Австралия и Океания,40.9881396484375,2012,11,Point(153.41 -29.053888888)
http://www.wikidata.org/entity/Q922823,Broadwater National Park,Австралия,Австралия и Океания,4225,1974,11,Point(153.41 -29.053888888)
http://www.wikidata.org/entity/Q922823,Broadwater National Park,Австралия,Австралия и Океания,40.9881396484375,1974,11,Point(153.4177778 -29.065)
http://www.wikidata.org/entity/Q922823,Broadwater National Park,Австралия,Австралия и Океания,40.9881396484375,2012,11,Point(153.4177778 -29.065)
http://www.wikidata.org/entity/Q922823,Broadwater National Park,Австралия,Австралия и Океания,4225,1974,11,Point(153.4177778 -29.065)
http://www.wikidata.org/entity/Q828531,Лагуна-Бланка (национальный парк),Аргентина,Южная Америка,11251,1940,1299,Point(-70.358333333 -39.041388888)
http://www.wikidata.org/entity/Q828601,El Rey National Park,Аргентина,Южная Америка,44162,1948,902,Point(-64.63333333 -24.7)
http://www.wikidata.org/entity/Q828642,Río Pilcomayo National Park,Аргентина,Южная Америка,518.89,1951,,Point(-58.1367 -25.0644)
http://www.wikidata.org/entity/Q828709,Огненная Земля,Аргентина,Южная Америка,630,1960,807,Point(-68.5 -54.666944444)
http://www.wikidata.org/entity/Q829012,Los Arrayanes National Park,Аргентина,Южная Америка,184,1971,805,Point(-71.61944 -40.86139)
http://www.wikidata.org/entity/Q829012,Los Arrayanes National Park,Аргентина,Южная Америка,184,1971,881,Point(-71.61944 -40.86139)
http://www.wikidata.org/entity/Q829012,Los Arrayanes National Park,Аргентина,Южная Америка,184,1971,805,Point(-71.61666667 -40.83333333)
http://www.wikidata.org/entity/Q829012,Los Arrayanes National Park,Аргентина,Южная Америка,184,1971,881,Point(-71.61666667 -40.83333333)
http://www.wikidata.org/entity/Q829128,Baritú National Park,Аргентина,Южная Америка,724.39,1974,1157,Point(-64.616667 -22.583333)
http://www.wikidata.org/entity/Q829228,Lihué Calel National Park,Аргентина,Южная Америка,99.01,1977,,Point(-65.65 -37.95)
http://www.wikidata.org/entity/Q829260,Калилегуа,Аргентина,Южная Америка,76.3,1979,,Point(-64.838 -23.639)
http://www.wikidata.org/entity/Q897623,Фертё-Ханшаг,Венгрия,Европа,237.44,1991,,Point(16.75 47.75)
http://www.wikidata.org/entity/Q901646,Торрес дель Пайне,Чили,Южная Америка,1814.14,1959,579,Point(-72.96638889 -50.98305556)
http://www.wikidata.org/entity/Q901646,Торрес дель Пайне,Чили,Южная Америка,2400,1959,579,Point(-72.96638889 -50.98305556)
http://www.wikidata.org/entity/Q902778,Уотертон-Лейкс,Канада,Северная Америка,505,1895,,Point(-113.933333333 49.05)
http://www.wikidata.org/entity/Q903323,Кутеней,Канада,Северная Америка,1406.4,1920,,Point(-116.049 50.8831)
http://www.wikidata.org/entity/Q905433,Breheimen National Park,Норвегия,Европа,1697.0619656,2009,,Point(7.833333333 61.8)
http://www.wikidata.org/entity/Q905433,Breheimen National Park,Норвегия,Европа,1691,2009,,Point(7.833333333 61.8)
http://www.wikidata.org/entity/Q906973,Murramarang National Park,Австралия,Австралия и Океания,123.516259765625,1973,47,Point(150.3177778 -35.631666666)
http://www.wikidata.org/entity/Q906973,Murramarang National Park,Австралия,Австралия и Океания,123.516259765625,2018,47,Point(150.3177778 -35.631666666)
http://www.wikidata.org/entity/Q906973,Murramarang National Park,Австралия,Австралия и Океания,22,1973,47,Point(150.3177778 -35.631666666)
http://www.wikidata.org/entity/Q906973,Murramarang National Park,Австралия,Австралия и Океания,22,2018,47,Point(150.3177778 -35.631666666)
http://www.wikidata.org/entity/Q909755,Десембарко-дель-Гранма,Куба,Северная Америка,418.63,1985,,Point(-77.633333 19.883333)
http://www.wikidata.org/entity/Q909755,Десембарко-дель-Гранма,Куба,Северная Америка,326,1985,,Point(-77.633333 19.883333)
http://www.wikidata.org/entity/Q917644,Брисбен-Рэнджес,Австралия,Австралия и Океания,7781,1973,244,Point(144.279 -37.7953)
http://www.wikidata.org/entity/Q917644,Брисбен-Рэнджес,Австралия,Австралия и Океания,7781,1977,244,Point(144.279 -37.7953)
http://www.wikidata.org/entity/Q917644,Брисбен-Рэнджес,Австралия,Австралия и Океания,88.79533203125,1973,244,Point(144.279 -37.7953)
http://www.wikidata.org/entity/Q917644,Брисбен-Рэнджес,Австралия,Австралия и Океания,88.79533203125,1977,244,Point(144.279 -37.7953)
http://www.wikidata.org/entity/Q937596,Andre Felix National Park,Центральноафриканская Республика,Африка,1700,1960,,Point(23.33333333 9.5)
http://www.wikidata.org/entity/Q938754,Ferntree Creek National Park,Австралия,Австралия и Океания,0.717004623413086,1947,78,Point(152.963888888 -26.605277777)
http://www.wikidata.org/entity/Q938754,Ferntree Creek National Park,Австралия,Австралия и Океания,0.717004623413086,2016,78,Point(152.963888888 -26.605277777)
http://www.wikidata.org/entity/Q940680,Марайа-Айленд,Австралия,Австралия и Океания,115.065900267465,1972,51,Point(148.1 -42.644444)
http://www.wikidata.org/entity/Q940680,Марайа-Айленд,Австралия,Австралия и Океания,115.065900267465,2007,51,Point(148.1 -42.644444)
http://www.wikidata.org/entity/Q940680,Марайа-Айленд,Австралия,Австралия и Океания,115.5,1972,51,Point(148.1 -42.644444)
http://www.wikidata.org/entity/Q940680,Марайа-Айленд,Австралия,Австралия и Океания,115.5,2007,51,Point(148.1 -42.644444)
http://www.wikidata.org/entity/Q944329,Маунт-Рейнир,США,Северная Америка,953.5,1899,,Point(-121.75 46.85)
http://www.wikidata.org/entity/Q944542,Монга,Австралия,Австралия и Океания,269.89482421875,2001,,Point(149.971 -35.6631)
http://www.wikidata.org/entity/Q944542,Монга,Австралия,Австралия и Океания,269.89482421875,2010,,Point(149.971 -35.6631)
http://www.wikidata.org/entity/Q944542,Монга,Австралия,Австралия и Океания,25144,2001,,Point(149.971 -35.6631)
http://www.wikidata.org/entity/Q944542,Монга,Австралия,Австралия и Океания,25144,2010,,Point(149.971 -35.6631)
http://www.wikidata.org/entity/Q944542,Монга,Австралия,Австралия и Океания,269.89482421875,2001,,Point(149.97111 -35.66306)
http://www.wikidata.org/entity/Q944542,Монга,Австралия,Австралия и Океания,269.89482421875,2010,,Point(149.97111 -35.66306)
http://www.wikidata.org/entity/Q944542,Монга,Австралия,Австралия и Океания,25144,2001,,Point(149.97111 -35.66306)
http://www.wikidata.org/entity/Q944542,Монга,Австралия,Австралия и Океания,25144,2010,,Point(149.97111 -35.66306)
http://www.wikidata.org/entity/Q944803,Garigal National Park,Австралия,Австралия и Океания,0,1991,102,Point(151.236 -33.7058)
http://www.wikidata.org/entity/Q944803,Garigal National Park,Австралия,Австралия и Океания,0,2004,102,Point(151.236 -33.7058)
http://www.wikidata.org/entity/Q944803,Garigal National Park,Австралия,Австралия и Океания,22,1991,102,Point(151.236 -33.7058)
http://www.wikidata.org/entity/Q944803,Garigal National Park,Австралия,Австралия и Океания,22,2004,102,Point(151.236 -33.7058)
http://www.wikidata.org/entity/Q536703,Архипелаг Маддалена,Италия,Европа,201.46,1994,,Point(9.41185 41.24580483)
http://www.wikidata.org/entity/Q536703,Архипелаг Маддалена,Италия,Европа,201.46,1994,,Point(9.41185 41.24580483)
http://www.wikidata.org/entity/Q536993,Грейтер-Бендиго,Австралия,Австралия и Океания,176.15,2002,,Point(144.255 -36.6739)
http://www.wikidata.org/entity/Q536993,Грейтер-Бендиго,Австралия,Австралия и Океания,176.15,2006,,Point(144.255 -36.6739)
http://www.wikidata.org/entity/Q536993,Грейтер-Бендиго,Австралия,Австралия и Океания,175.68845703125,2002,,Point(144.255 -36.6739)
http://www.wikidata.org/entity/Q536993,Грейтер-Бендиго,Австралия,Австралия и Океания,175.68845703125,2006,,Point(144.255 -36.6739)
http://www.wikidata.org/entity/Q536993,Грейтер-Бендиго,Австралия,Австралия и Океания,17007,2002,,Point(144.255 -36.6739)
http://www.wikidata.org/entity/Q536993,Грейтер-Бендиго,Австралия,Австралия и Океания,17007,2006,,Point(144.255 -36.6739)
http://www.wikidata.org/entity/Q539518,Национальный парк Банк-д'Арген,Мавритания,Африка,12000,1976,21,Point(-16.108889 20.234722)
http://www.wikidata.org/entity/Q539518,Национальный парк Банк-д'Арген,Мавритания,Африка,12000,1978,21,Point(-16.108889 20.234722)
http://www.wikidata.org/entity/Q539518,Национальный парк Банк-д'Арген,Мавритания,Африка,12000,1976,21,Point(-16.108889 20.234722)
http://www.wikidata.org/entity/Q539518,Национальный парк Банк-д'Арген,Мавритания,Африка,12000,1978,21,Point(-16.108889 20.234722)
http://www.wikidata.org/entity/Q539925,Murray Valley National Park,Австралия,Австралия и Океания,395.1476953125,2010,,Point(145.027 -35.7933)
http://www.wikidata.org/entity/Q539925,Murray Valley National Park,Австралия,Австралия и Океания,395.1476953125,2014,,Point(145.027 -35.7933)
http://www.wikidata.org/entity/Q539925,Murray Valley National Park,Австралия,Австралия и Океания,416.01,2010,,Point(145.027 -35.7933)
http://www.wikidata.org/entity/Q539925,Murray Valley National Park,Австралия,Австралия и Океания,416.01,2014,,Point(145.027 -35.7933)
http://www.wikidata.org/entity/Q541149,Hat Head National Park,Австралия,Австралия и Океания,74.011806640625,1972,30,Point(153.0177778 -31.065)
http://www.wikidata.org/entity/Q541149,Hat Head National Park,Австралия,Австралия и Океания,74.011806640625,2006,30,Point(153.0177778 -31.065)
http://www.wikidata.org/entity/Q541149,Hat Head National Park,Австралия,Австралия и Океания,74,1972,30,Point(153.0177778 -31.065)
http://www.wikidata.org/entity/Q541149,Hat Head National Park,Австралия,Австралия и Океания,74,2006,30,Point(153.0177778 -31.065)
http://www.wikidata.org/entity/Q541856,Каньонлендс,США,Северная Америка,1366.2106344893952,1964,,Point(-109.76 38.1669)
http://www.wikidata.org/entity/Q541934,Chaelundi National Park,Австралия,Австралия и Океания,191.25697265625,1997,291,Point(152.510833333 -29.944166666)
http://www.wikidata.org/entity/Q541934,Chaelundi National Park,Австралия,Австралия и Океания,191.25697265625,2007,291,Point(152.510833333 -29.944166666)
http://www.wikidata.org/entity/Q541934,Chaelundi National Park,Австралия,Австралия и Океания,19174,1997,291,Point(152.510833333 -29.944166666)
http://www.wikidata.org/entity/Q541934,Chaelundi National Park,Австралия,Австралия и Океания,19174,2007,291,Point(152.510833333 -29.944166666)
http://www.wikidata.org/entity/Q543703,Дунай-Ипой,Венгрия,Европа,603.14,1997,,Point(18.95 47.76666667)
http://www.wikidata.org/entity/Q548153,Перияр,Индия,Азия,777,1982,,Point(77.18 9.5775)
http://www.wikidata.org/entity/Q549295,Разна,Латвия,Европа,596.15,2007,,Point(27.5 56.26666667)
http://www.wikidata.org/entity/Q549411,Greenmount National Park,Австралия,Австралия и Океания,56,1959,210,Point(116.06 -31.9064)
http://www.wikidata.org/entity/Q549411,Greenmount National Park,Австралия,Австралия и Океания,56,1972,210,Point(116.06 -31.9064)
http://www.wikidata.org/entity/Q549411,Greenmount National Park,Австралия,Австралия и Океания,2.02309585571289,1959,210,Point(116.06 -31.9064)
http://www.wikidata.org/entity/Q549411,Greenmount National Park,Австралия,Австралия и Океания,2.02309585571289,1972,210,Point(116.06 -31.9064)
http://www.wikidata.org/entity/Q550389,Реюньон,Франция,Европа,1054.47,2007,,Point(55.5 -21.15)
http://www.wikidata.org/entity/Q550389,Реюньон,Франция,Европа,1055.149038,2007,,Point(55.5 -21.15)
http://www.wikidata.org/entity/Q556596,Nini Suhien National Park,Гана,Африка,343,1976,,Point(-2.56777778 5.27694444)
http://www.wikidata.org/entity/Q559054,Туран,Иран,Азия,14415.23,1972,,Point(56.01 35.61)
http://www.wikidata.org/entity/Q559054,Туран,Иран,Азия,14415.23,1976,,Point(56.01 35.61)
http://www.wikidata.org/entity/Q559054,Туран,Иран,Азия,14415.23,2002,,Point(56.01 35.61)
http://www.wikidata.org/entity/Q559054,Туран,Иран,Азия,3104.87,1972,,Point(56.01 35.61)
http://www.wikidata.org/entity/Q559054,Туран,Иран,Азия,3104.87,1976,,Point(56.01 35.61)
http://www.wikidata.org/entity/Q559054,Туран,Иран,Азия,3104.87,2002,,Point(56.01 35.61)
http://www.wikidata.org/entity/Q559054,Туран,Иран,Азия,1010.73,1972,,Point(56.01 35.61)
http://www.wikidata.org/entity/Q559054,Туран,Иран,Азия,1010.73,1976,,Point(56.01 35.61)
http://www.wikidata.org/entity/Q559054,Туран,Иран,Азия,1010.73,2002,,Point(56.01 35.61)
http://www.wikidata.org/entity/Q559054,Туран,Иран,Азия,1010.73,1972,,Point(56.01 35.61)
http://www.wikidata.org/entity/Q559054,Туран,Иран,Азия,1010.73,1976,,Point(56.01 35.61)
http://www.wikidata.org/entity/Q559054,Туран,Иран,Азия,1010.73,2002,,Point(56.01 35.61)
http://www.wikidata.org/entity/Q559054,Туран,Иран,Азия,14415.23,1972,,Point(56.01 35.61)
http://www.wikidata.org/entity/Q559054,Туран,Иран,Азия,14415.23,1976,,Point(56.01 35.61)
http://www.wikidata.org/entity/Q559054,Туран,Иран,Азия,14415.23,2002,,Point(56.01 35.61)
http://www.wikidata.org/entity/Q559054,Туран,Иран,Азия,14415.23,1972,,Point(56.08888889 35.71805556)
http://www.wikidata.org/entity/Q559054,Туран,Иран,Азия,14415.23,1976,,Point(56.08888889 35.71805556)
http://www.wikidata.org/entity/Q559054,Туран,Иран,Азия,14415.23,2002,,Point(56.08888889 35.71805556)
http://www.wikidata.org/entity/Q559054,Туран,Иран,Азия,3104.87,1972,,Point(56.08888889 35.71805556)
http://www.wikidata.org/entity/Q559054,Туран,Иран,Азия,3104.87,1976,,Point(56.08888889 35.71805556)
http://www.wikidata.org/entity/Q559054,Туран,Иран,Азия,3104.87,2002,,Point(56.08888889 35.71805556)
http://www.wikidata.org/entity/Q559054,Туран,Иран,Азия,1010.73,1972,,Point(56.08888889 35.71805556)
http://www.wikidata.org/entity/Q559054,Туран,Иран,Азия,1010.73,1976,,Point(56.08888889 35.71805556)
http://www.wikidata.org/entity/Q559054,Туран,Иран,Азия,1010.73,2002,,Point(56.08888889 35.71805556)
http://www.wikidata.org/entity/Q559054,Туран,Иран,Азия,1010.73,1972,,Point(56.08888889 35.71805556)
http://www.wikidata.org/entity/Q559054,Туран,Иран,Азия,1010.73,1976,,Point(56.08888889 35.71805556)
http://www.wikidata.org/entity/Q559054,Туран,Иран,Азия,1010.73,2002,,Point(56.08888889 35.71805556)
http://www.wikidata.org/entity/Q559054,Туран,Иран,Азия,14415.23,1972,,Point(56.08888889 35.71805556)
http://www.wikidata.org/entity/Q559054,Туран,Иран,Азия,14415.23,1976,,Point(56.08888889 35.71805556)
http://www.wikidata.org/entity/Q559054,Туран,Иран,Азия,14415.23,2002,,Point(56.08888889 35.71805556)
http://www.wikidata.org/entity/Q564482,Annan River (Yuku Baja-Muliku) National Park,Австралия,Австралия и Океания,883,2006,35,Point(145.2069207 -15.5665902)
http://www.wikidata.org/entity/Q564482,Annan River (Yuku Baja-Muliku) National Park,Австралия,Австралия и Океания,86.856025390625,2006,35,Point(145.2069207 -15.5665902)
http://www.wikidata.org/entity/Q568121,Лейк-Эйлдон,Австралия,Австралия и Океания,277.5,1997,366,Point(145.830138888 -37.151530555)
http://www.wikidata.org/entity/Q568121,Лейк-Эйлдон,Австралия,Австралия и Океания,277.5,1998,366,Point(145.830138888 -37.151530555)
http://www.wikidata.org/entity/Q568121,Лейк-Эйлдон,Австралия,Австралия и Океания,277.5,1997,366,Point(145.830138888 -37.151530555)
http://www.wikidata.org/entity/Q568121,Лейк-Эйлдон,Австралия,Австралия и Океания,277.5,1998,366,Point(145.830138888 -37.151530555)
http://www.wikidata.org/entity/Q568121,Лейк-Эйлдон,Австралия,Австралия и Океания,278.6134765625,1997,366,Point(145.830138888 -37.151530555)
http://www.wikidata.org/entity/Q568121,Лейк-Эйлдон,Австралия,Австралия и Океания,278.6134765625,1998,366,Point(145.830138888 -37.151530555)
http://www.wikidata.org/entity/Q568121,Лейк-Эйлдон,Австралия,Австралия и Океания,277.5,1997,366,Point(145.869 -37.1294)
http://www.wikidata.org/entity/Q568121,Лейк-Эйлдон,Австралия,Австралия и Океания,277.5,1998,366,Point(145.869 -37.1294)
http://www.wikidata.org/entity/Q568121,Лейк-Эйлдон,Австралия,Австралия и Океания,277.5,1997,366,Point(145.869 -37.1294)
http://www.wikidata.org/entity/Q568121,Лейк-Эйлдон,Австралия,Австралия и Океания,277.5,1998,366,Point(145.869 -37.1294)
http://www.wikidata.org/entity/Q568121,Лейк-Эйлдон,Австралия,Австралия и Океания,278.6134765625,1997,366,Point(145.869 -37.1294)
http://www.wikidata.org/entity/Q568121,Лейк-Эйлдон,Австралия,Австралия и Океания,278.6134765625,1998,366,Point(145.869 -37.1294)
http://www.wikidata.org/entity/Q917653,Brisbane Water National Park,Австралия,Австралия и Океания,121.004736328125,1967,110,Point(151.3011111 -33.459444444)
http://www.wikidata.org/entity/Q917653,Brisbane Water National Park,Австралия,Австралия и Океания,121.004736328125,2015,110,Point(151.3011111 -33.459444444)
http://www.wikidata.org/entity/Q917653,Brisbane Water National Park,Австралия,Австралия и Океания,120,1967,110,Point(151.3011111 -33.459444444)
http://www.wikidata.org/entity/Q917653,Brisbane Water National Park,Австралия,Австралия и Океания,120,2015,110,Point(151.3011111 -33.459444444)
http://www.wikidata.org/entity/Q917801,Geikie Gorge National Park,Австралия,Австралия и Океания,27.4781103515625,1967,124,Point(125.714 -18.0772)
http://www.wikidata.org/entity/Q917801,Geikie Gorge National Park,Австралия,Австралия и Океания,27.4781103515625,1972,124,Point(125.714 -18.0772)
http://www.wikidata.org/entity/Q917801,Geikie Gorge National Park,Австралия,Австралия и Океания,122,1967,124,Point(125.714 -18.0772)
http://www.wikidata.org/entity/Q917801,Geikie Gorge National Park,Австралия,Австралия и Океания,122,1972,124,Point(125.714 -18.0772)
http://www.wikidata.org/entity/Q918062,Drysdale River National Park,Австралия,Австралия и Океания,4476.733125,1974,249,Point(126.776 -15.1614)
http://www.wikidata.org/entity/Q918062,Drysdale River National Park,Австралия,Австралия и Океания,4476.733125,1977,249,Point(126.776 -15.1614)
http://www.wikidata.org/entity/Q918062,Drysdale River National Park,Австралия,Австралия и Океания,4.483,1974,249,Point(126.776 -15.1614)
http://www.wikidata.org/entity/Q918062,Drysdale River National Park,Австралия,Австралия и Океания,4.483,1977,249,Point(126.776 -15.1614)
http://www.wikidata.org/entity/Q918064,William Bay National Park,Австралия,Австралия и Океания,17.1604455566406,1971,4,Point(117.235 -35.02638889)
http://www.wikidata.org/entity/Q918064,William Bay National Park,Австралия,Австралия и Океания,17.1604455566406,1981,4,Point(117.235 -35.02638889)
http://www.wikidata.org/entity/Q918064,William Bay National Park,Австралия,Австралия и Океания,17.1604455566406,1987,4,Point(117.235 -35.02638889)
http://www.wikidata.org/entity/Q918064,William Bay National Park,Австралия,Австралия и Океания,17,1971,4,Point(117.235 -35.02638889)
http://www.wikidata.org/entity/Q918064,William Bay National Park,Австралия,Австралия и Океания,17,1981,4,Point(117.235 -35.02638889)
http://www.wikidata.org/entity/Q918064,William Bay National Park,Австралия,Австралия и Океания,17,1987,4,Point(117.235 -35.02638889)
http://www.wikidata.org/entity/Q918064,William Bay National Park,Австралия,Австралия и Океания,0.295355739593506,1971,4,Point(117.235 -35.02638889)
http://www.wikidata.org/entity/Q918064,William Bay National Park,Австралия,Австралия и Океания,0.295355739593506,1981,4,Point(117.235 -35.02638889)
http://www.wikidata.org/entity/Q918064,William Bay National Park,Австралия,Австралия и Океания,0.295355739593506,1987,4,Point(117.235 -35.02638889)
http://www.wikidata.org/entity/Q568264,Buila-Vânturarița National Park,Румыния,Европа,41.86,2005,,Point(24.096 45.24)
http://www.wikidata.org/entity/Q568264,Buila-Vânturarița National Park,Румыния,Европа,44.8027052,2005,,Point(24.096 45.24)
http://www.wikidata.org/entity/Q568693,Какум,Гана,Африка,375,1992,,Point(-1.383333333 5.353611111)
http://www.wikidata.org/entity/Q569069,Маврово,Северная Македония,Европа,722.041,1949,1719,Point(20.666944444 41.637222222)
http://www.wikidata.org/entity/Q569960,Хамра,Швеция,Европа,13.2053,1909,,Point(14.807980747 61.756866112)
http://www.wikidata.org/entity/Q569960,Хамра,Швеция,Европа,0.60171,1909,,Point(14.807980747 61.756866112)
http://www.wikidata.org/entity/Q569960,Хамра,Швеция,Европа,6.92716,1909,,Point(14.807980747 61.756866112)
http://www.wikidata.org/entity/Q569960,Хамра,Швеция,Европа,13.8073,1909,,Point(14.807980747 61.756866112)
http://www.wikidata.org/entity/Q570270,Lake Gairdner National Park,Австралия,Австралия и Океания,5568.94375,1991,121,Point(135.854 -31.6972)
http://www.wikidata.org/entity/Q570270,Lake Gairdner National Park,Австралия,Австралия и Океания,5568.94375,2007,121,Point(135.854 -31.6972)
http://www.wikidata.org/entity/Q570270,Lake Gairdner National Park,Австралия,Австралия и Океания,5.481,1991,121,Point(135.854 -31.6972)
http://www.wikidata.org/entity/Q570270,Lake Gairdner National Park,Австралия,Австралия и Океания,5.481,2007,121,Point(135.854 -31.6972)
http://www.wikidata.org/entity/Q572064,Wadbilliga National Park,Австралия,Австралия и Океания,9853,1979,204,Point(149.583333333 -36.466666666)
http://www.wikidata.org/entity/Q572064,Wadbilliga National Park,Австралия,Австралия и Океания,9853,2004,204,Point(149.583333333 -36.466666666)
http://www.wikidata.org/entity/Q572064,Wadbilliga National Park,Австралия,Австралия и Океания,954.551953125,1979,204,Point(149.583333333 -36.466666666)
http://www.wikidata.org/entity/Q572064,Wadbilliga National Park,Австралия,Австралия и Океания,954.551953125,2004,204,Point(149.583333333 -36.466666666)
http://www.wikidata.org/entity/Q572064,Wadbilliga National Park,Австралия,Австралия и Океания,9853,1979,204,Point(149.7511111 -36.498333333)
http://www.wikidata.org/entity/Q572064,Wadbilliga National Park,Австралия,Австралия и Океания,9853,2004,204,Point(149.7511111 -36.498333333)
http://www.wikidata.org/entity/Q572064,Wadbilliga National Park,Австралия,Австралия и Океания,954.551953125,1979,204,Point(149.7511111 -36.498333333)
http://www.wikidata.org/entity/Q572064,Wadbilliga National Park,Австралия,Австралия и Океания,954.551953125,2004,204,Point(149.7511111 -36.498333333)
http://www.wikidata.org/entity/Q575822,Монтаньяс-ду-Тумукумаке (национальный парк),Бразилия,Южная Америка,38464,2002,279,Point(-54.0 1.83333)
http://www.wikidata.org/entity/Q575822,Монтаньяс-ду-Тумукумаке (национальный парк),Бразилия,Южная Америка,38352.66,2002,279,Point(-54.0 1.83333)
http://www.wikidata.org/entity/Q578202,Monte Roraima National Park,Бразилия,Южная Америка,1151.2,1989,,Point(-60.7369 5.20194)
http://www.wikidata.org/entity/Q578202,Monte Roraima National Park,Бразилия,Южная Америка,1167,1989,,Point(-60.7369 5.20194)
http://www.wikidata.org/entity/Q579632,Sobaeksan National Park,Республика Корея,Азия,322.38,1987,,Point(128.507 36.965)
http://www.wikidata.org/entity/Q580404,Муддус,Швеция,Европа,493.1264,1942,,Point(20.197333508 66.916315609)
http://www.wikidata.org/entity/Q580404,Муддус,Швеция,Европа,18.24216,1942,,Point(20.197333508 66.916315609)
http://www.wikidata.org/entity/Q580404,Муддус,Швеция,Европа,215.05222,1942,,Point(20.197333508 66.916315609)
http://www.wikidata.org/entity/Q580404,Муддус,Швеция,Европа,511.3695,1942,,Point(20.197333508 66.916315609)
http://www.wikidata.org/entity/Q581646,Bladensburg National Park,Австралия,Австралия и Океания,849,1984,232,Point(143.057222222 -22.6525)
http://www.wikidata.org/entity/Q581646,Bladensburg National Park,Австралия,Австралия и Океания,842.54,1984,232,Point(143.057222222 -22.6525)
http://www.wikidata.org/entity/Q581646,Bladensburg National Park,Австралия,Австралия и Океания,842.535859375,1984,232,Point(143.057222222 -22.6525)
http://www.wikidata.org/entity/Q581883,Mummel Gulf National Park,Австралия,Австралия и Океания,140.569365234375,1999,,Point(151.844444444 -31.3125)
http://www.wikidata.org/entity/Q581883,Mummel Gulf National Park,Австралия,Австралия и Океания,140.569365234375,2007,,Point(151.844444444 -31.3125)
http://www.wikidata.org/entity/Q581883,Mummel Gulf National Park,Австралия,Австралия и Океания,14127,1999,,Point(151.844444444 -31.3125)
http://www.wikidata.org/entity/Q581883,Mummel Gulf National Park,Австралия,Австралия и Океания,14127,2007,,Point(151.844444444 -31.3125)
http://www.wikidata.org/entity/Q583518,Джорджиан-Бей-Айлендс,Канада,Северная Америка,25.6,1930,,Point(-79.8747 44.8778)
http://www.wikidata.org/entity/Q586786,Кейп-Рейндж,Австралия,Австралия и Океания,694.88,1965,257,Point(113.921 -22.1233)
http://www.wikidata.org/entity/Q586786,Кейп-Рейндж,Австралия,Австралия и Океания,694.88,1972,257,Point(113.921 -22.1233)
http://www.wikidata.org/entity/Q591775,Янгуди (национальный парк),Эфиопия,Африка,4731,1999,,Point(40.8333 11.0)
http://www.wikidata.org/entity/Q591878,Северный Велебит,Хорватия,Европа,109,1981,,Point(15.00694444 44.69305556)
http://www.wikidata.org/entity/Q591878,Северный Велебит,Хорватия,Европа,109,1999,,Point(15.00694444 44.69305556)
http://www.wikidata.org/entity/Q591878,Северный Велебит,Хорватия,Европа,2035.5112,1981,,Point(15.00694444 44.69305556)
http://www.wikidata.org/entity/Q591878,Северный Велебит,Хорватия,Европа,2035.5112,1999,,Point(15.00694444 44.69305556)
http://www.wikidata.org/entity/Q592741,Toro Toro National Park,Боливия,Южная Америка,165,1989,,Point(-65.7667 -18.1)
http://www.wikidata.org/entity/Q592870,Wild Cattle Island National Park,Австралия,Австралия и Океания,5.32083618164063,1992,14,Point(151.384444444 -23.958333333)
http://www.wikidata.org/entity/Q592870,Wild Cattle Island National Park,Австралия,Австралия и Океания,5.32083618164063,1994,14,Point(151.384444444 -23.958333333)
http://www.wikidata.org/entity/Q592870,Wild Cattle Island National Park,Австралия,Австралия и Океания,58,1992,14,Point(151.384444444 -23.958333333)
http://www.wikidata.org/entity/Q592870,Wild Cattle Island National Park,Австралия,Австралия и Океания,58,1994,14,Point(151.384444444 -23.958333333)
http://www.wikidata.org/entity/Q593274,Гёйгёль,Азербайджан,Азия,127.55,2008,1969,Point(46.3225 40.40583333)
http://www.wikidata.org/entity/Q595121,Гонарежу,Зимбабве,Африка,5053,1975,,Point(31.66666667 -21.66666667)
http://www.wikidata.org/entity/Q597959,Туктут-Ногаит,Канада,Северная Америка,18181,1998,,Point(-121.749 68.8187)
http://www.wikidata.org/entity/Q600250,Garig Gunak Barlu National Park,Австралия,Австралия и Океания,2260.04209742308,1981,7,Point(132.23972222 -11.36555556)
http://www.wikidata.org/entity/Q600250,Garig Gunak Barlu National Park,Австралия,Австралия и Океания,2260.04209742308,2000,7,Point(132.23972222 -11.36555556)
http://www.wikidata.org/entity/Q600250,Garig Gunak Barlu National Park,Австралия,Австралия и Океания,2.207,1981,7,Point(132.23972222 -11.36555556)
http://www.wikidata.org/entity/Q600250,Garig Gunak Barlu National Park,Австралия,Австралия и Океания,2.207,2000,7,Point(132.23972222 -11.36555556)
http://www.wikidata.org/entity/Q602120,Тортугеро,Коста-Рика,Северная Америка,312,1975,8,Point(-83.4967 10.4232)
http://www.wikidata.org/entity/Q605657,Гейтс-оф-те-Арктик,США,Северная Америка,34287,1980,,Point(-153.3 67.7833)
http://www.wikidata.org/entity/Q606749,Villarrica National Park,Чили,Южная Америка,630,1940,1125,Point(-71.7168 -39.4931)
http://www.wikidata.org/entity/Q606749,Villarrica National Park,Чили,Южная Америка,534.6,1940,1125,Point(-71.7168 -39.4931)
http://www.wikidata.org/entity/Q607533,Лейк-Маньяра,Танзания,Африка,644,1960,,Point(35.833333333 -3.5)
http://www.wikidata.org/entity/Q607612,Полонины,Словакия,Европа,298.05,1997,,Point(22.53361111 49.07138889)
http://www.wikidata.org/entity/Q607612,Полонины,Словакия,Европа,307.49806,1997,,Point(22.53361111 49.07138889)
http://www.wikidata.org/entity/Q607612,Полонины,Словакия,Европа,109.73,1997,,Point(22.53361111 49.07138889)
http://www.wikidata.org/entity/Q608315,Yarriabini National Park,Австралия,Австралия и Океания,21.8148608398437,2003,,Point(152.930688888 -30.8052)
http://www.wikidata.org/entity/Q608315,Yarriabini National Park,Австралия,Австралия и Океания,21.8148608398437,2010,,Point(152.930688888 -30.8052)
http://www.wikidata.org/entity/Q608315,Yarriabini National Park,Австралия,Австралия и Океания,2183,2003,,Point(152.930688888 -30.8052)
http://www.wikidata.org/entity/Q608315,Yarriabini National Park,Австралия,Австралия и Океания,2183,2010,,Point(152.930688888 -30.8052)
http://www.wikidata.org/entity/Q608315,Yarriabini National Park,Австралия,Австралия и Океания,21.8148608398437,2003,,Point(152.95 -30.79)
http://www.wikidata.org/entity/Q608315,Yarriabini National Park,Австралия,Австралия и Океания,21.8148608398437,2010,,Point(152.95 -30.79)
http://www.wikidata.org/entity/Q608315,Yarriabini National Park,Австралия,Австралия и Океания,2183,2003,,Point(152.95 -30.79)
http://www.wikidata.org/entity/Q608315,Yarriabini National Park,Австралия,Австралия и Океания,2183,2010,,Point(152.95 -30.79)
http://www.wikidata.org/entity/Q609902,Катмай,США,Северная Америка,16564,1980,,Point(-155.0 58.5)
http://www.wikidata.org/entity/Q611989,Чако,Аргентина,Южная Америка,14.981,1954,74,Point(-59.66667 -26.83333)
http://www.wikidata.org/entity/Q612901,Тайяталь,Австрия,Европа,13.3,1999,,Point(15.8633 48.8522)
http://www.wikidata.org/entity/Q612901,Тайяталь,Австрия,Европа,13.3,2000,,Point(15.8633 48.8522)
http://www.wikidata.org/entity/Q612901,Тайяталь,Австрия,Европа,13.2569857,1999,,Point(15.8633 48.8522)
http://www.wikidata.org/entity/Q612901,Тайяталь,Австрия,Европа,13.2569857,2000,,Point(15.8633 48.8522)
http://www.wikidata.org/entity/Q613251,Банде-Амир,Афганистан,Азия,590,2009,2909,Point(67.230833333 34.839722222)
http://www.wikidata.org/entity/Q614773,Walyunga National Park,Австралия,Австралия и Океания,18,1970,72,Point(116.09 -31.7061)
http://www.wikidata.org/entity/Q614773,Walyunga National Park,Австралия,Австралия и Океания,18,1985,72,Point(116.09 -31.7061)
http://www.wikidata.org/entity/Q614773,Walyunga National Park,Австралия,Австралия и Океания,18.1365856933594,1970,72,Point(116.09 -31.7061)
http://www.wikidata.org/entity/Q614773,Walyunga National Park,Австралия,Австралия и Океания,18.1365856933594,1985,72,Point(116.09 -31.7061)
http://www.wikidata.org/entity/Q617635,Апарадус-да-Серра (национальный парк),Бразилия,Южная Америка,102.5,1959,,Point(-50.09766 -29.19173)
http://www.wikidata.org/entity/Q617635,Апарадус-да-Серра (национальный парк),Бразилия,Южная Америка,131.48,1959,,Point(-50.09766 -29.19173)
http://www.wikidata.org/entity/Q625172,Serra do Itajaí National Park,Бразилия,Южная Америка,569.18,2004,,Point(-49.35 -27.2)
http://www.wikidata.org/entity/Q625172,Serra do Itajaí National Park,Бразилия,Южная Америка,573.74,2004,,Point(-49.35 -27.2)
http://www.wikidata.org/entity/Q625511,Arakwal National Park,Австралия,Австралия и Океания,1.99,2001,,Point(153.621 -28.6603)
http://www.wikidata.org/entity/Q625511,Arakwal National Park,Австралия,Австралия и Океания,1.99,2009,,Point(153.621 -28.6603)
http://www.wikidata.org/entity/Q625511,Arakwal National Park,Австралия,Австралия и Океания,1.99408660888672,2001,,Point(153.621 -28.6603)
http://www.wikidata.org/entity/Q625511,Arakwal National Park,Австралия,Австралия и Океания,1.99408660888672,2009,,Point(153.621 -28.6603)
http://www.wikidata.org/entity/Q629153,West Hill National Park,Австралия,Австралия и Океания,108,1971,9,Point(149.486111111 -21.830277777)
http://www.wikidata.org/entity/Q629153,West Hill National Park,Австралия,Австралия и Океания,108,2003,9,Point(149.486111111 -21.830277777)
http://www.wikidata.org/entity/Q629153,West Hill National Park,Австралия,Австралия и Океания,10.659267578125,1971,9,Point(149.486111111 -21.830277777)
http://www.wikidata.org/entity/Q629153,West Hill National Park,Австралия,Австралия и Океания,10.659267578125,2003,9,Point(149.486111111 -21.830277777)
http://www.wikidata.org/entity/Q629436,Морн-Труа-Питон,Доминика,Северная Америка,68.57,1975,,Point(-61.283333 15.266667)
http://www.wikidata.org/entity/Q631183,Рисняк,Хорватия,Европа,63.4029,1953,,Point(14.651 45.431)
http://www.wikidata.org/entity/Q631183,Рисняк,Хорватия,Европа,63.4029,1959,,Point(14.651 45.431)
http://www.wikidata.org/entity/Q631183,Рисняк,Хорватия,Европа,63.4029,1953,,Point(14.745 45.42833333)
http://www.wikidata.org/entity/Q631183,Рисняк,Хорватия,Европа,63.4029,1959,,Point(14.745 45.42833333)
http://www.wikidata.org/entity/Q949297,Джим Корбетт,Индия,Азия,1288,1936,,Point(78.93333333 29.53333333)
http://www.wikidata.org/entity/Q951837,Татра (национальный парк),Австралия,Австралия и Океания,43,1971,238,Point(115.529 -29.7769)
http://www.wikidata.org/entity/Q951837,Татра (национальный парк),Австралия,Австралия и Океания,43,1972,238,Point(115.529 -29.7769)
http://www.wikidata.org/entity/Q951837,Татра (национальный парк),Австралия,Австралия и Океания,43.2240441894531,1971,238,Point(115.529 -29.7769)
http://www.wikidata.org/entity/Q951837,Татра (национальный парк),Австралия,Австралия и Океания,43.2240441894531,1972,238,Point(115.529 -29.7769)
http://www.wikidata.org/entity/Q953092,Абиску,Швеция,Европа,0,1909,512,Point(18.680730666 68.324299485)
http://www.wikidata.org/entity/Q953092,Абиску,Швеция,Европа,67.6563,1909,512,Point(18.680730666 68.324299485)
http://www.wikidata.org/entity/Q953092,Абиску,Швеция,Европа,77.2055,1909,512,Point(18.680730666 68.324299485)
http://www.wikidata.org/entity/Q953092,Абиску,Швеция,Европа,9.54871,1909,512,Point(18.680730666 68.324299485)
http://www.wikidata.org/entity/Q953920,Weddin Mountains National Park,Австралия,Австралия и Океания,87.183935546875,1971,318,Point(148.0011111 -33.998333333)
http://www.wikidata.org/entity/Q953920,Weddin Mountains National Park,Австралия,Австралия и Океания,87.183935546875,2006,318,Point(148.0011111 -33.998333333)
http://www.wikidata.org/entity/Q953920,Weddin Mountains National Park,Австралия,Австралия и Океания,8361,1971,318,Point(148.0011111 -33.998333333)
http://www.wikidata.org/entity/Q953920,Weddin Mountains National Park,Австралия,Австралия и Океания,8361,2006,318,Point(148.0011111 -33.998333333)
http://www.wikidata.org/entity/Q955861,Рондане,Норвегия,Европа,963.5,1962,,Point(9.833333333 61.833333333)
http://www.wikidata.org/entity/Q956929,Budderoo National Park,Австралия,Австралия и Океания,0,1986,637,Point(150.7011111 -34.648333333)
http://www.wikidata.org/entity/Q956929,Budderoo National Park,Австралия,Австралия и Океания,0,2001,637,Point(150.7011111 -34.648333333)
http://www.wikidata.org/entity/Q956929,Budderoo National Park,Австралия,Австралия и Океания,60,1986,637,Point(150.7011111 -34.648333333)
http://www.wikidata.org/entity/Q956929,Budderoo National Park,Австралия,Австралия и Океания,60,2001,637,Point(150.7011111 -34.648333333)
http://www.wikidata.org/entity/Q957573,Serpentine National Park,Австралия,Австралия и Океания,6.6253564453125,1957,228,Point(116.043333333 -32.357222222)
http://www.wikidata.org/entity/Q957573,Serpentine National Park,Австралия,Австралия и Океания,6.6253564453125,1972,228,Point(116.043333333 -32.357222222)
http://www.wikidata.org/entity/Q957573,Serpentine National Park,Австралия,Австралия и Океания,6.6253564453125,2002,228,Point(116.043333333 -32.357222222)
http://www.wikidata.org/entity/Q957573,Serpentine National Park,Австралия,Австралия и Океания,36.2287890625,1957,228,Point(116.043333333 -32.357222222)
http://www.wikidata.org/entity/Q957573,Serpentine National Park,Австралия,Австралия и Океания,36.2287890625,1972,228,Point(116.043333333 -32.357222222)
http://www.wikidata.org/entity/Q957573,Serpentine National Park,Австралия,Австралия и Океания,36.2287890625,2002,228,Point(116.043333333 -32.357222222)
http://www.wikidata.org/entity/Q957573,Serpentine National Park,Австралия,Австралия и Океания,44,1957,228,Point(116.043333333 -32.357222222)
http://www.wikidata.org/entity/Q957573,Serpentine National Park,Австралия,Австралия и Океания,44,1972,228,Point(116.043333333 -32.357222222)
http://www.wikidata.org/entity/Q957573,Serpentine National Park,Австралия,Австралия и Океания,44,2002,228,Point(116.043333333 -32.357222222)
http://www.wikidata.org/entity/Q958003,Велька-Фатра (национальный парк),Словакия,Европа,403.71,2002,,Point(19.11666667 49.01666667)
http://www.wikidata.org/entity/Q958003,Велька-Фатра (национальный парк),Словакия,Европа,408.7485,2002,,Point(19.11666667 49.01666667)
http://www.wikidata.org/entity/Q958322,Стокс (национальный парк),Австралия,Австралия и Океания,106,1976,14,Point(121.135 -33.8228)
http://www.wikidata.org/entity/Q958322,Стокс (национальный парк),Австралия,Австралия и Океания,106,1989,14,Point(121.135 -33.8228)
http://www.wikidata.org/entity/Q958322,Стокс (национальный парк),Австралия,Австралия и Океания,100.271279296875,1976,14,Point(121.135 -33.8228)
http://www.wikidata.org/entity/Q958322,Стокс (национальный парк),Австралия,Австралия и Океания,100.271279296875,1989,14,Point(121.135 -33.8228)
http://www.wikidata.org/entity/Q958356,Лесьюр (национальный парк),Австралия,Австралия и Океания,2.699,1992,186,Point(115.101 -30.1344)
http://www.wikidata.org/entity/Q958356,Лесьюр (национальный парк),Австралия,Австралия и Океания,272.308359375,1992,186,Point(115.101 -30.1344)
http://www.wikidata.org/entity/Q958356,Лесьюр (национальный парк),Австралия,Австралия и Океания,272.308356511,1992,186,Point(115.101 -30.1344)
http://www.wikidata.org/entity/Q958356,Лесьюр (национальный парк),Австралия,Австралия и Океания,2.699,1992,186,Point(115.1 -30.1)
http://www.wikidata.org/entity/Q958356,Лесьюр (национальный парк),Австралия,Австралия и Океания,272.308359375,1992,186,Point(115.1 -30.1)
http://www.wikidata.org/entity/Q958356,Лесьюр (национальный парк),Австралия,Австралия и Океания,272.308356511,1992,186,Point(115.1 -30.1)
http://www.wikidata.org/entity/Q958913,Goold Island National Park,Австралия,Австралия и Океания,823,1936,347,Point(146.17111111 -18.16694444)
http://www.wikidata.org/entity/Q958913,Goold Island National Park,Австралия,Австралия и Океания,823,2000,347,Point(146.17111111 -18.16694444)
http://www.wikidata.org/entity/Q958913,Goold Island National Park,Австралия,Австралия и Океания,8.07110717773437,1936,347,Point(146.17111111 -18.16694444)
http://www.wikidata.org/entity/Q958913,Goold Island National Park,Австралия,Австралия и Океания,8.07110717773437,2000,347,Point(146.17111111 -18.16694444)
http://www.wikidata.org/entity/Q962373,Дальбю Сёдерскуг,Швеция,Европа,0,1918,,Point(13.330555555 55.675)
http://www.wikidata.org/entity/Q962373,Дальбю Сёдерскуг,Швеция,Европа,0.3656,1918,,Point(13.330555555 55.675)
http://www.wikidata.org/entity/Q962373,Дальбю Сёдерскуг,Швеция,Европа,0.3656,1918,,Point(13.330555555 55.675)
http://www.wikidata.org/entity/Q962373,Дальбю Сёдерскуг,Швеция,Европа,0.35766,1918,,Point(13.330555555 55.675)
http://www.wikidata.org/entity/Q964013,Макалу-Барун,Непал,Азия,2330,1992,,Point(87.11362679 27.75693134)
http://www.wikidata.org/entity/Q964116,Масуала (национальный парк),Мадагаскар,Африка,2128.889,1997,,Point(50.18333333 -15.65)
http://www.wikidata.org/entity/Q964116,Масуала (национальный парк),Мадагаскар,Африка,2400,1997,,Point(50.18333333 -15.65)
http://www.wikidata.org/entity/Q964116,Масуала (национальный парк),Мадагаскар,Африка,2128.889,1997,,Point(50.183333333 -15.65)
http://www.wikidata.org/entity/Q964116,Масуала (национальный парк),Мадагаскар,Африка,2400,1997,,Point(50.183333333 -15.65)
http://www.wikidata.org/entity/Q965639,Terrick Terrick National Park,Австралия,Австралия и Океания,36.86,1999,145,Point(144.2282 -36.1429)
http://www.wikidata.org/entity/Q965639,Terrick Terrick National Park,Австралия,Австралия и Океания,36.86,2006,145,Point(144.2282 -36.1429)
http://www.wikidata.org/entity/Q965639,Terrick Terrick National Park,Австралия,Австралия и Океания,63.8825341796875,1999,145,Point(144.2282 -36.1429)
http://www.wikidata.org/entity/Q965639,Terrick Terrick National Park,Австралия,Австралия и Океания,63.8825341796875,2006,145,Point(144.2282 -36.1429)
http://www.wikidata.org/entity/Q965639,Terrick Terrick National Park,Австралия,Австралия и Океания,63.9,1999,145,Point(144.2282 -36.1429)
http://www.wikidata.org/entity/Q965639,Terrick Terrick National Park,Австралия,Австралия и Океания,63.9,2006,145,Point(144.2282 -36.1429)
http://www.wikidata.org/entity/Q965639,Terrick Terrick National Park,Австралия,Австралия и Океания,37.7,1999,145,Point(144.2282 -36.1429)
http://www.wikidata.org/entity/Q965639,Terrick Terrick National Park,Австралия,Австралия и Океания,37.7,2006,145,Point(144.2282 -36.1429)
http://www.wikidata.org/entity/Q965672,Сент-Анн (национальный парк),Сейшельские Острова,Африка,3.887,1973,10,Point(55.500277777 -4.621111111)
http://www.wikidata.org/entity/Q967541,Юго-Западный национальный парк,Австралия,Австралия и Океания,6.052,1955,304,Point(146.133330555 -42.933330555)
http://www.wikidata.org/entity/Q967541,Юго-Западный национальный парк,Австралия,Австралия и Океания,6.052,2013,304,Point(146.133330555 -42.933330555)
http://www.wikidata.org/entity/Q967541,Юго-Западный национальный парк,Австралия,Австралия и Океания,6417.62545780132,1955,304,Point(146.133330555 -42.933330555)
http://www.wikidata.org/entity/Q967541,Юго-Западный национальный парк,Австралия,Австралия и Океания,6417.62545780132,2013,304,Point(146.133330555 -42.933330555)
http://www.wikidata.org/entity/Q967541,Юго-Западный национальный парк,Австралия,Австралия и Океания,6.052,1955,304,Point(146.149 -42.8336)
http://www.wikidata.org/entity/Q967541,Юго-Западный национальный парк,Австралия,Австралия и Океания,6.052,2013,304,Point(146.149 -42.8336)
http://www.wikidata.org/entity/Q967541,Юго-Западный национальный парк,Австралия,Австралия и Океания,6417.62545780132,1955,304,Point(146.149 -42.8336)
http://www.wikidata.org/entity/Q967541,Юго-Западный национальный парк,Австралия,Австралия и Океания,6417.62545780132,2013,304,Point(146.149 -42.8336)
http://www.wikidata.org/entity/Q972962,Sturt National Park,Австралия,Австралия и Океания,3251.9765625,1972,143,Point(141.9677778 -29.215)
http://www.wikidata.org/entity/Q972962,Sturt National Park,Австралия,Австралия и Океания,3251.9765625,2003,143,Point(141.9677778 -29.215)
http://www.wikidata.org/entity/Q972962,Sturt National Park,Австралия,Австралия и Океания,3.10634,1972,143,Point(141.9677778 -29.215)
http://www.wikidata.org/entity/Q972962,Sturt National Park,Австралия,Австралия и Океания,3.10634,2003,143,Point(141.9677778 -29.215)
http://www.wikidata.org/entity/Q973934,Guanacaste National Park,Белиз,Северная Америка,0.23,1994,,Point(-88.786 17.2644)
http://www.wikidata.org/entity/Q974898,Toonumbar National Park,Австралия,Австралия и Океания,1491,1995,549,Point(152.7261111 -28.49)
http://www.wikidata.org/entity/Q974898,Toonumbar National Park,Австралия,Австралия и Океания,1491,1999,549,Point(152.7261111 -28.49)
http://www.wikidata.org/entity/Q974898,Toonumbar National Park,Австралия,Австралия и Океания,149.387021484375,1995,549,Point(152.7261111 -28.49)
http://www.wikidata.org/entity/Q974898,Toonumbar National Park,Австралия,Австралия и Океания,149.387021484375,1999,549,Point(152.7261111 -28.49)
http://www.wikidata.org/entity/Q974898,Toonumbar National Park,Австралия,Австралия и Океания,1491,1995,549,Point(152.725833333 -28.487777777)
http://www.wikidata.org/entity/Q974898,Toonumbar National Park,Австралия,Австралия и Океания,1491,1999,549,Point(152.725833333 -28.487777777)
http://www.wikidata.org/entity/Q974898,Toonumbar National Park,Австралия,Австралия и Океания,149.387021484375,1995,549,Point(152.725833333 -28.487777777)
http://www.wikidata.org/entity/Q974898,Toonumbar National Park,Австралия,Австралия и Океания,149.387021484375,1999,549,Point(152.725833333 -28.487777777)
http://www.wikidata.org/entity/Q975250,Бутринти (национальный парк),Албания,Европа,94.244,2000,,Point(20.020278 39.746111)
http://www.wikidata.org/entity/Q975250,Бутринти (национальный парк),Албания,Европа,94.244,2013,,Point(20.020278 39.746111)
http://www.wikidata.org/entity/Q975250,Бутринти (национальный парк),Албания,Европа,94.244,2000,,Point(20.020278 39.746111)
http://www.wikidata.org/entity/Q975250,Бутринти (национальный парк),Албания,Европа,94.244,2013,,Point(20.020278 39.746111)
http://www.wikidata.org/entity/Q977310,Mount Cook National Park,Австралия,Австралия и Океания,502,1970,244,Point(145.259166666 -15.492777777)
http://www.wikidata.org/entity/Q977310,Mount Cook National Park,Австралия,Австралия и Океания,502,1994,244,Point(145.259166666 -15.492777777)
http://www.wikidata.org/entity/Q977310,Mount Cook National Park,Австралия,Австралия и Океания,4.93294097900391,1970,244,Point(145.259166666 -15.492777777)
http://www.wikidata.org/entity/Q977310,Mount Cook National Park,Австралия,Австралия и Океания,4.93294097900391,1994,244,Point(145.259166666 -15.492777777)
http://www.wikidata.org/entity/Q977310,Mount Cook National Park,Австралия,Австралия и Океания,502,1970,244,Point(145.260277777 -15.491111111)
http://www.wikidata.org/entity/Q977310,Mount Cook National Park,Австралия,Австралия и Океания,502,1994,244,Point(145.260277777 -15.491111111)
http://www.wikidata.org/entity/Q977310,Mount Cook National Park,Австралия,Австралия и Океания,4.93294097900391,1970,244,Point(145.260277777 -15.491111111)
http://www.wikidata.org/entity/Q977310,Mount Cook National Park,Австралия,Австралия и Океания,4.93294097900391,1994,244,Point(145.260277777 -15.491111111)
http://www.wikidata.org/entity/Q977942,Girramay National Park,Австралия,Австралия и Океания,337.7438671875,1977,15,Point(146.028 -18.0447)
http://www.wikidata.org/entity/Q977942,Girramay National Park,Австралия,Австралия и Океания,337.7438671875,2009,15,Point(146.028 -18.0447)
http://www.wikidata.org/entity/Q977942,Girramay National Park,Австралия,Австралия и Океания,33730,1977,15,Point(146.028 -18.0447)
http://www.wikidata.org/entity/Q977942,Girramay National Park,Австралия,Австралия и Океания,33730,2009,15,Point(146.028 -18.0447)
http://www.wikidata.org/entity/Q980061,Д’Антркасто (национальный парк),Австралия,Австралия и Океания,1190.078671875,1980,74,Point(116.115 -34.7469)
http://www.wikidata.org/entity/Q980061,Д’Антркасто (национальный парк),Австралия,Австралия и Океания,1.167,1980,74,Point(116.115 -34.7469)
http://www.wikidata.org/entity/Q637968,Маунт-Ричмонд,Австралия,Австралия и Океания,17.33,1960,140,Point(141.425 -38.2703)
http://www.wikidata.org/entity/Q637968,Маунт-Ричмонд,Австралия,Австралия и Океания,17.33,1987,140,Point(141.425 -38.2703)
http://www.wikidata.org/entity/Q640485,Юрё,Швеция,Европа,2.2666,1991,,Point(13.465248392 58.846795728)
http://www.wikidata.org/entity/Q640485,Юрё,Швеция,Европа,23.2329,1991,,Point(13.465248392 58.846795728)
http://www.wikidata.org/entity/Q640485,Юрё,Швеция,Европа,20.07162,1991,,Point(13.465248392 58.846795728)
http://www.wikidata.org/entity/Q640485,Юрё,Швеция,Европа,3.1611,1991,,Point(13.465248392 58.846795728)
http://www.wikidata.org/entity/Q643478,Гай-Фокс-Ривер (национальный парк),Австралия,Австралия и Океания,1.05937,1972,675,Point(152.3011111 -30.031666666)
http://www.wikidata.org/entity/Q643478,Гай-Фокс-Ривер (национальный парк),Австралия,Австралия и Океания,1.05937,2010,675,Point(152.3011111 -30.031666666)
http://www.wikidata.org/entity/Q643478,Гай-Фокс-Ривер (национальный парк),Австралия,Австралия и Океания,1082.349453125,1972,675,Point(152.3011111 -30.031666666)
http://www.wikidata.org/entity/Q643478,Гай-Фокс-Ривер (национальный парк),Австралия,Австралия и Океания,1082.349453125,2010,675,Point(152.3011111 -30.031666666)
http://www.wikidata.org/entity/Q643667,Национальный парк Аревик,Армения,Азия,344,2009,,Point(46.15 39.0)
http://www.wikidata.org/entity/Q643818,Belair National Park,Австралия,Австралия и Океания,8.37261108398437,1891,304,Point(138.655833333 -35.013055555)
http://www.wikidata.org/entity/Q643818,Belair National Park,Австралия,Австралия и Океания,8.37261108398437,1999,304,Point(138.655833333 -35.013055555)
http://www.wikidata.org/entity/Q643818,Belair National Park,Австралия,Австралия и Океания,839,1891,304,Point(138.655833333 -35.013055555)
http://www.wikidata.org/entity/Q643818,Belair National Park,Австралия,Австралия и Океания,839,1999,304,Point(138.655833333 -35.013055555)
http://www.wikidata.org/entity/Q647206,Мадиди (национальный парк),Боливия,Южная Америка,18958,1995,247,Point(-68.333333333 -14.333333333)
http://www.wikidata.org/entity/Q647777,Ленсойс-Мараньенсис,Бразилия,Южная Америка,73.03,1981,,Point(-43.128333333 -2.485833333)
http://www.wikidata.org/entity/Q647777,Ленсойс-Мараньенсис,Бразилия,Южная Америка,1492.59,1981,,Point(-43.128333333 -2.485833333)
http://www.wikidata.org/entity/Q647777,Ленсойс-Мараньенсис,Бразилия,Южная Америка,1565.62,1981,,Point(-43.128333333 -2.485833333)
http://www.wikidata.org/entity/Q647777,Ленсойс-Мараньенсис,Бразилия,Южная Америка,1566,1981,,Point(-43.128333333 -2.485833333)
http://www.wikidata.org/entity/Q648548,Гуинди,Индия,Азия,2.8,1977,,Point(80.23079 13.00259)
http://www.wikidata.org/entity/Q648907,Sanjay Gandhi National Park,Индия,Азия,104,1942,,Point(72.9167 19.25)
http://www.wikidata.org/entity/Q649680,Батьма,Вьетнам,Азия,220,1986,,Point(107.86666667 16.2)
http://www.wikidata.org/entity/Q650710,Ноэль-Кемпфф-Меркадо,Боливия,Южная Америка,15234.46,1979,252,Point(-60.84667 -14.23028)
http://www.wikidata.org/entity/Q650710,Ноэль-Кемпфф-Меркадо,Боливия,Южная Америка,7500,1979,252,Point(-60.84667 -14.23028)
http://www.wikidata.org/entity/Q650992,Эль-Кала,Алжир,Африка,800,1993,,Point(8.41666667 36.81666667)
http://www.wikidata.org/entity/Q655191,Rocky Cape National Park,Австралия,Австралия и Океания,30.9763364377618,1967,5,Point(145.535833 -40.899722)
http://www.wikidata.org/entity/Q655191,Rocky Cape National Park,Австралия,Австралия и Океания,30.9763364377618,2002,5,Point(145.535833 -40.899722)
http://www.wikidata.org/entity/Q655191,Rocky Cape National Park,Австралия,Австралия и Океания,3064,1967,5,Point(145.535833 -40.899722)
http://www.wikidata.org/entity/Q655191,Rocky Cape National Park,Австралия,Австралия и Океания,3064,2002,5,Point(145.535833 -40.899722)
http://www.wikidata.org/entity/Q656363,Руаха,Танзания,Африка,20.226,1964,,Point(34.63694444 -7.53111111)
http://www.wikidata.org/entity/Q663484,Национальный парк Родна,Румыния,Европа,465.99,1990,,Point(24.735 47.54)
http://www.wikidata.org/entity/Q663484,Национальный парк Родна,Румыния,Европа,472.0857291,1990,,Point(24.735 47.54)
http://www.wikidata.org/entity/Q663484,Национальный парк Родна,Румыния,Европа,465.99,2000,,Point(24.735 47.54)
http://www.wikidata.org/entity/Q663484,Национальный парк Родна,Румыния,Европа,472.0857291,2000,,Point(24.735 47.54)
http://www.wikidata.org/entity/Q665110,Бандипур,Индия,Азия,874,1941,,Point(76.627222 11.664444)
http://www.wikidata.org/entity/Q665459,Гвианская Амазония,Франция,Европа,33900,2007,,Point(-53.77222222 2.83833333)
http://www.wikidata.org/entity/Q665459,Гвианская Амазония,Франция,Европа,20235.695059,2007,,Point(-53.77222222 2.83833333)
http://www.wikidata.org/entity/Q666044,Пиельекайсе,Швеция,Европа,140.8346,1909,,Point(16.768257591 66.354300785)
http://www.wikidata.org/entity/Q666044,Пиельекайсе,Швеция,Европа,154.8465,1909,,Point(16.768257591 66.354300785)
http://www.wikidata.org/entity/Q666044,Пиельекайсе,Швеция,Европа,14.01122,1909,,Point(16.768257591 66.354300785)
http://www.wikidata.org/entity/Q666044,Пиельекайсе,Швеция,Европа,0.00062,1909,,Point(16.768257591 66.354300785)
http://www.wikidata.org/entity/Q667469,Шэннон (национальный парк),Австралия,Австралия и Океания,526.2223046875,1988,192,Point(116.365 -34.6031)
http://www.wikidata.org/entity/Q667469,Шэннон (национальный парк),Австралия,Австралия и Океания,535,1988,192,Point(116.365 -34.6031)
http://www.wikidata.org/entity/Q674231,Auburn River National Park,Австралия,Австралия и Океания,4.0949755859375,1964,218,Point(151.051944444 -25.721666666)
http://www.wikidata.org/entity/Q674231,Auburn River National Park,Австралия,Австралия и Океания,4.0949755859375,2001,218,Point(151.051944444 -25.721666666)
http://www.wikidata.org/entity/Q674231,Auburn River National Park,Австралия,Австралия и Океания,405,1964,218,Point(151.051944444 -25.721666666)
http://www.wikidata.org/entity/Q674231,Auburn River National Park,Австралия,Австралия и Океания,405,2001,218,Point(151.051944444 -25.721666666)
http://www.wikidata.org/entity/Q675633,Этоша,Намибия,Африка,22270,1907,,Point(16.263889 -18.785278)
http://www.wikidata.org/entity/Q679568,Пурнулулу,Австралия,Австралия и Океания,796.02,1987,287,Point(128.546055 -17.448789)
http://www.wikidata.org/entity/Q679568,Пурнулулу,Австралия,Австралия и Океания,2438.30875,1987,287,Point(128.546055 -17.448789)
http://www.wikidata.org/entity/Q679568,Пурнулулу,Австралия,Австралия и Океания,2438.3087982283,1987,287,Point(128.546055 -17.448789)
http://www.wikidata.org/entity/Q679568,Пурнулулу,Австралия,Австралия и Океания,2397.23,1987,287,Point(128.546055 -17.448789)
http://www.wikidata.org/entity/Q679568,Пурнулулу,Австралия,Австралия и Океания,2397,1987,287,Point(128.546055 -17.448789)
http://www.wikidata.org/entity/Q679891,Ниоколо-Коба,Сенегал,Африка,9130,1954,,Point(-12.722222222 13.074166666)
http://www.wikidata.org/entity/Q679891,Ниоколо-Коба,Сенегал,Африка,9130,1954,,Point(-12.722222222 13.074166666)
http://www.wikidata.org/entity/Q680312,Конгильио,Чили,Южная Америка,608.32,1950,1941,Point(-71.65 -38.66666667)
http://www.wikidata.org/entity/Q680312,Конгильио,Чили,Южная Америка,608,1950,1941,Point(-71.65 -38.66666667)
http://www.wikidata.org/entity/Q680313,Alta Murgia National Park,Италия,Европа,680.33,2004,,Point(16.37 40.99)
http://www.wikidata.org/entity/Q680313,Alta Murgia National Park,Италия,Европа,680.3,2004,,Point(16.37 40.99)
http://www.wikidata.org/entity/Q682401,Eudlo Creek National Park,Австралия,Австралия и Океания,0.421891555786133,1951,48,Point(152.961944444 -26.706944444)
http://www.wikidata.org/entity/Q682401,Eudlo Creek National Park,Австралия,Австралия и Океания,0.421891555786133,1997,48,Point(152.961944444 -26.706944444)
http://www.wikidata.org/entity/Q684121,Ytre Hvaler National Park,Норвегия,Европа,354.8025611,2009,,Point(10.8 59.01666667)
http://www.wikidata.org/entity/Q684121,Ytre Hvaler National Park,Норвегия,Европа,354.84,2009,,Point(10.8 59.01666667)
http://www.wikidata.org/entity/Q686088,Ллогара,Албания,Европа,10.1,1966,,Point(19.57027778 40.21638889)
http://www.wikidata.org/entity/Q686088,Ллогара,Албания,Европа,10.1,1966,,Point(19.57027778 40.21638889)
http://www.wikidata.org/entity/Q691597,Сонфьеллет,Швеция,Европа,37.33467,1909,1276,Point(13.551749514 62.277494331)
http://www.wikidata.org/entity/Q691597,Сонфьеллет,Швеция,Европа,103.5685,1909,1276,Point(13.551749514 62.277494331)
http://www.wikidata.org/entity/Q691597,Сонфьеллет,Швеция,Европа,103.7802,1909,1276,Point(13.551749514 62.277494331)
http://www.wikidata.org/entity/Q691597,Сонфьеллет,Швеция,Европа,0.21116,1909,1276,Point(13.551749514 62.277494331)
http://www.wikidata.org/entity/Q692011,Падьеланта,Швеция,Европа,338.3132,1962,,Point(16.721859465 67.410021653)
http://www.wikidata.org/entity/Q692011,Падьеланта,Швеция,Европа,1998.9757,1962,,Point(16.721859465 67.410021653)
http://www.wikidata.org/entity/Q692011,Падьеланта,Швеция,Европа,1660.6596,1962,,Point(16.721859465 67.410021653)
http://www.wikidata.org/entity/Q692011,Падьеланта,Швеция,Европа,0.15703,1962,,Point(16.721859465 67.410021653)
http://www.wikidata.org/entity/Q693254,Мана-Пулс,Зимбабве,Африка,2196,1975,,Point(29.333333 -15.75)
http://www.wikidata.org/entity/Q696014,Высокий Тауэрн,Австрия,Европа,1856,1981,2944,Point(12.32529 47.13556)
http://www.wikidata.org/entity/Q696959,Snowy River National Park,Австралия,Австралия и Океания,1147.059140625,1979,993,Point(148.553 -37.275)
http://www.wikidata.org/entity/Q696959,Snowy River National Park,Австралия,Австралия и Океания,1146,1979,993,Point(148.553 -37.275)
http://www.wikidata.org/entity/Q700204,Нокберге,Австрия,Европа,183,1987,,Point(13.7256 46.9692)
http://www.wikidata.org/entity/Q702566,Саксонская Швейцария,Германия,Европа,93.5,1990,,Point(14.2784 50.9142)
http://www.wikidata.org/entity/Q702566,Саксонская Швейцария,Германия,Европа,93.5,1990,,Point(14.2784 50.9142)
http://www.wikidata.org/entity/Q702566,Саксонская Швейцария,Германия,Европа,93.5,1990,,Point(14.2784 50.9142)
http://www.wikidata.org/entity/Q702566,Саксонская Швейцария,Германия,Европа,93.5,1990,,Point(14.2784 50.9142)
http://www.wikidata.org/entity/Q706301,Wolchulsan National Park,Республика Корея,Азия,56.22,1988,,Point(126.675 34.744)
http://www.wikidata.org/entity/Q706310,Сораксан,Республика Корея,Азия,173.69,1965,,Point(128.416 38.125)
http://www.wikidata.org/entity/Q706310,Сораксан,Республика Корея,Азия,173.69,1970,,Point(128.416 38.125)
http://www.wikidata.org/entity/Q706310,Сораксан,Республика Корея,Азия,398.24,1965,,Point(128.416 38.125)
http://www.wikidata.org/entity/Q706310,Сораксан,Республика Корея,Азия,398.24,1970,,Point(128.416 38.125)
http://www.wikidata.org/entity/Q706310,Сораксан,Республика Корея,Азия,39822,1965,,Point(128.416 38.125)
http://www.wikidata.org/entity/Q706310,Сораксан,Республика Корея,Азия,39822,1970,,Point(128.416 38.125)
http://www.wikidata.org/entity/Q945780,Сарек,Швеция,Европа,47.90006,1909,,Point(17.669138525 67.288339383)
http://www.wikidata.org/entity/Q945780,Сарек,Швеция,Европа,1936.7533,1909,,Point(17.669138525 67.288339383)
http://www.wikidata.org/entity/Q945780,Сарек,Швеция,Европа,10.62155,1909,,Point(17.669138525 67.288339383)
http://www.wikidata.org/entity/Q945780,Сарек,Швеция,Европа,1984.6557,1909,,Point(17.669138525 67.288339383)
http://www.wikidata.org/entity/Q946244,São Joaquim National Park,Бразилия,Южная Америка,496.72,1961,,Point(-49.5193 -28.1798)
http://www.wikidata.org/entity/Q946244,São Joaquim National Park,Бразилия,Южная Америка,493,1961,,Point(-49.5193 -28.1798)
http://www.wikidata.org/entity/Q948585,Heathcote National Park,Австралия,Австралия и Океания,23,1967,93,Point(150.9761111 -34.098333333)
http://www.wikidata.org/entity/Q948585,Heathcote National Park,Австралия,Австралия и Океания,23,2016,93,Point(150.9761111 -34.098333333)
http://www.wikidata.org/entity/Q948585,Heathcote National Park,Австралия,Австралия и Океания,27.3594799804687,1967,93,Point(150.9761111 -34.098333333)
http://www.wikidata.org/entity/Q948585,Heathcote National Park,Австралия,Австралия и Океания,27.3594799804687,2016,93,Point(150.9761111 -34.098333333)
http://www.wikidata.org/entity/Q999301,Dryander National Park,Австралия,Австралия и Океания,132.12587890625,2015,57,Point(148.565833333 -20.218055555)
http://www.wikidata.org/entity/Q999301,Dryander National Park,Австралия,Австралия и Океания,11964,1938,57,Point(148.565833333 -20.218055555)
http://www.wikidata.org/entity/Q999301,Dryander National Park,Австралия,Австралия и Океания,11964,2015,57,Point(148.565833333 -20.218055555)
http://www.wikidata.org/entity/Q1000715,Budawang National Park,Австралия,Австралия и Океания,237.97767578125,1977,580,Point(150.0011111 -35.498333333)
http://www.wikidata.org/entity/Q1000715,Budawang National Park,Австралия,Австралия и Океания,237.32,1977,580,Point(150.0011111 -35.498333333)
http://www.wikidata.org/entity/Q1000715,Budawang National Park,Австралия,Австралия и Океания,237,1977,580,Point(150.0011111 -35.498333333)
http://www.wikidata.org/entity/Q1001903,Буффало-Спрингс (национальный заповедник),Кения,Африка,131,1985,,Point(37.595 0.548333333)
http://www.wikidata.org/entity/Q1001903,Буффало-Спрингс (национальный заповедник),Кения,Африка,131,1985,,Point(37.6 0.55)
http://www.wikidata.org/entity/Q1002547,Bugong National Park,Австралия,Австралия и Океания,1022,2001,,Point(150.44306 -34.825)
http://www.wikidata.org/entity/Q1002547,Bugong National Park,Австралия,Австралия и Океания,10.0348291015625,2001,,Point(150.44306 -34.825)
http://www.wikidata.org/entity/Q1002547,Bugong National Park,Австралия,Австралия и Океания,1022,2001,,Point(150.44686317 -34.82247042)
http://www.wikidata.org/entity/Q1002547,Bugong National Park,Австралия,Австралия и Океания,10.0348291015625,2001,,Point(150.44686317 -34.82247042)
http://www.wikidata.org/entity/Q1003457,Bulabog Putian National Park,Филиппины,Азия,854,1961,,Point(122.661 11.0399)
http://www.wikidata.org/entity/Q1003529,Bulburin National Park,Австралия,Австралия и Океания,342.9652734375,2006,594,Point(151.5079648 -24.6490873)
http://www.wikidata.org/entity/Q1003529,Bulburin National Park,Австралия,Австралия и Океания,342.9652734375,2015,594,Point(151.5079648 -24.6490873)
http://www.wikidata.org/entity/Q1003529,Bulburin National Park,Австралия,Австралия и Океания,3266,2006,594,Point(151.5079648 -24.6490873)
http://www.wikidata.org/entity/Q1003529,Bulburin National Park,Австралия,Австралия и Океания,3266,2015,594,Point(151.5079648 -24.6490873)
http://www.wikidata.org/entity/Q1004326,Bulleringa National Park,Австралия,Австралия и Океания,544,1992,361,Point(143.829 -17.5803)
http://www.wikidata.org/entity/Q1004326,Bulleringa National Park,Австралия,Австралия и Океания,544,1994,361,Point(143.829 -17.5803)
http://www.wikidata.org/entity/Q1004326,Bulleringa National Park,Австралия,Австралия и Океания,537.8742578125,1992,361,Point(143.829 -17.5803)
http://www.wikidata.org/entity/Q1004326,Bulleringa National Park,Австралия,Австралия и Океания,537.8742578125,1994,361,Point(143.829 -17.5803)
http://www.wikidata.org/entity/Q1009360,Bundjalung National Park,Австралия,Австралия и Океания,212.1344921875,1980,7,Point(153.3344444 -29.331666666)
http://www.wikidata.org/entity/Q1009360,Bundjalung National Park,Австралия,Австралия и Океания,212.1344921875,2011,7,Point(153.3344444 -29.331666666)
http://www.wikidata.org/entity/Q1009360,Bundjalung National Park,Австралия,Австралия и Океания,210,1980,7,Point(153.3344444 -29.331666666)
http://www.wikidata.org/entity/Q1009360,Bundjalung National Park,Австралия,Австралия и Океания,210,2011,7,Point(153.3344444 -29.331666666)
http://www.wikidata.org/entity/Q1009440,Bungawalbin National Park,Австралия,Австралия и Океания,373,1999,,Point(153.143888888 -29.098055555)
http://www.wikidata.org/entity/Q1009440,Bungawalbin National Park,Австралия,Австралия и Океания,37.111953125,1999,,Point(153.143888888 -29.098055555)
http://www.wikidata.org/entity/Q1009486,Bungonia National Park,Австралия,Австралия и Океания,7.68986877441406,2010,,Point(150.01638889 -34.79722222)
http://www.wikidata.org/entity/Q1009486,Bungonia National Park,Австралия,Австралия и Океания,7.68986877441406,2010,,Point(150.01638889 -34.79722222)
http://www.wikidata.org/entity/Q1009486,Bungonia National Park,Австралия,Австралия и Океания,77,2010,,Point(150.01638889 -34.79722222)
http://www.wikidata.org/entity/Q1009486,Bungonia National Park,Австралия,Австралия и Океания,77,2010,,Point(150.01638889 -34.79722222)
http://www.wikidata.org/entity/Q1010032,Bunya Mountains National Park,Австралия,Австралия и Океания,1923,1908,716,Point(151.536944444 -26.799444444)
http://www.wikidata.org/entity/Q1010032,Bunya Mountains National Park,Австралия,Австралия и Океания,1923,2017,716,Point(151.536944444 -26.799444444)
http://www.wikidata.org/entity/Q1010032,Bunya Mountains National Park,Австралия,Австралия и Океания,193.85994140625,1908,716,Point(151.536944444 -26.799444444)
http://www.wikidata.org/entity/Q1010032,Bunya Mountains National Park,Австралия,Австралия и Океания,193.85994140625,2017,716,Point(151.536944444 -26.799444444)
http://www.wikidata.org/entity/Q1010032,Bunya Mountains National Park,Австралия,Австралия и Океания,1923,1908,727,Point(151.536944444 -26.799444444)
http://www.wikidata.org/entity/Q1010032,Bunya Mountains National Park,Австралия,Австралия и Океания,1923,2017,727,Point(151.536944444 -26.799444444)
http://www.wikidata.org/entity/Q1010032,Bunya Mountains National Park,Австралия,Австралия и Океания,193.85994140625,1908,727,Point(151.536944444 -26.799444444)
http://www.wikidata.org/entity/Q1010032,Bunya Mountains National Park,Австралия,Австралия и Океания,193.85994140625,2017,727,Point(151.536944444 -26.799444444)
http://www.wikidata.org/entity/Q1016604,Burleigh Head National Park,Австралия,Австралия и Океания,0.273164768218994,1994,74,Point(153.457222222 -28.095277777)
http://www.wikidata.org/entity/Q1016604,Burleigh Head National Park,Австралия,Австралия и Океания,276,1994,74,Point(153.457222222 -28.095277777)
http://www.wikidata.org/entity/Q1016934,Бурроуа-Пайн-Маунтин,Австралия,Австралия и Океания,184,1978,923,Point(147.758 -36.09)
http://www.wikidata.org/entity/Q1016934,Бурроуа-Пайн-Маунтин,Австралия,Австралия и Океания,189.6378125,1978,923,Point(147.758 -36.09)
http://www.wikidata.org/entity/Q1016934,Бурроуа-Пайн-Маунтин,Австралия,Австралия и Океания,1.84,1978,923,Point(147.758 -36.09)
http://www.wikidata.org/entity/Q1016942,Burrum Coast National Park,Австралия,Австралия и Океания,259.22224609375,1994,5,Point(152.4675 -24.999166666)
http://www.wikidata.org/entity/Q1016942,Burrum Coast National Park,Австралия,Австралия и Океания,259.22224609375,2008,5,Point(152.4675 -24.999166666)
http://www.wikidata.org/entity/Q1016942,Burrum Coast National Park,Австралия,Австралия и Океания,261,1994,5,Point(152.4675 -24.999166666)
http://www.wikidata.org/entity/Q1016942,Burrum Coast National Park,Австралия,Австралия и Океания,261,2008,5,Point(152.4675 -24.999166666)
http://www.wikidata.org/entity/Q1018112,Butterleaf National Park,Австралия,Австралия и Океания,30,1999,,Point(152.011944444 -29.518888888)
http://www.wikidata.org/entity/Q1018112,Butterleaf National Park,Австралия,Австралия и Океания,30.0483471679687,1999,,Point(152.011944444 -29.518888888)
http://www.wikidata.org/entity/Q1018500,Byfield National Park,Австралия,Австралия и Океания,148.86294921875,1988,85,Point(150.731666666 -22.783888888)
http://www.wikidata.org/entity/Q1018500,Byfield National Park,Австралия,Австралия и Океания,148.86294921875,2004,85,Point(150.731666666 -22.783888888)
http://www.wikidata.org/entity/Q1018500,Byfield National Park,Австралия,Австралия и Океания,146.45,1988,85,Point(150.731666666 -22.783888888)
http://www.wikidata.org/entity/Q1018500,Byfield National Park,Австралия,Австралия и Океания,146.45,2004,85,Point(150.731666666 -22.783888888)
http://www.wikidata.org/entity/Q1019469,Бенуэ (национальный парк),Камерун,Африка,1800,1968,365,Point(13.83333333 8.33333333)
http://www.wikidata.org/entity/Q1020241,Бёргефьель (национальный парк),Норвегия,Европа,1447,1963,,Point(13.9 65.1833)
http://www.wikidata.org/entity/Q1020241,Бёргефьель (национальный парк),Норвегия,Европа,1450.7342984,1963,,Point(13.9 65.1833)
http://www.wikidata.org/entity/Q1025953,Кернгормс,Великобритания,Европа,4528.0988,2003,,Point(-3.66667 57.0833)
http://www.wikidata.org/entity/Q1027914,Гран-Сассо и Монти-делла-Лага,Италия,Европа,1489.35,1991,,Point(13.4952371 42.4906519)
http://www.wikidata.org/entity/Q1028367,Рас-Мохаммед,Египет,Африка,850,1983,14,Point(34.209722222 27.769444444)
http://www.wikidata.org/entity/Q1028479,Guadeloupe National Park,Франция,Европа,2124.632809,1989,,Point(-61.683333333 16.083333333)
http://www.wikidata.org/entity/Q1028479,Guadeloupe National Park,Франция,Европа,17.3,1989,,Point(-61.683333333 16.083333333)
http://www.wikidata.org/entity/Q1028479,Guadeloupe National Park,Франция,Европа,220.617695,1989,,Point(-61.683333333 16.083333333)
http://www.wikidata.org/entity/Q1029674,Camooweal Caves National Park,Австралия,Австралия и Океания,138,1988,242,Point(138.19 -20.01916667)
http://www.wikidata.org/entity/Q1029674,Camooweal Caves National Park,Австралия,Австралия и Океания,138,1994,242,Point(138.19 -20.01916667)
http://www.wikidata.org/entity/Q1029674,Camooweal Caves National Park,Австралия,Австралия и Океания,137.5655078125,1988,242,Point(138.19 -20.01916667)
http://www.wikidata.org/entity/Q1029674,Camooweal Caves National Park,Австралия,Австралия и Океания,137.5655078125,1994,242,Point(138.19 -20.01916667)
http://www.wikidata.org/entity/Q1029674,Camooweal Caves National Park,Австралия,Австралия и Океания,138,1988,242,Point(138.191211111 -20.017669444)
http://www.wikidata.org/entity/Q1029674,Camooweal Caves National Park,Австралия,Австралия и Океания,138,1994,242,Point(138.191211111 -20.017669444)
http://www.wikidata.org/entity/Q1029674,Camooweal Caves National Park,Австралия,Австралия и Океания,137.5655078125,1988,242,Point(138.191211111 -20.017669444)
http://www.wikidata.org/entity/Q1029674,Camooweal Caves National Park,Австралия,Австралия и Океания,137.5655078125,1994,242,Point(138.191211111 -20.017669444)
http://www.wikidata.org/entity/Q1030926,Macquarie Pass National Park,Австралия,Австралия и Океания,10.6407885742187,1969,298,Point(150.6511111 -34.565)
http://www.wikidata.org/entity/Q1030926,Macquarie Pass National Park,Австралия,Австралия и Океания,10.6407885742187,1974,298,Point(150.6511111 -34.565)
http://www.wikidata.org/entity/Q1030926,Macquarie Pass National Park,Австралия,Австралия и Океания,106,1969,298,Point(150.6511111 -34.565)
http://www.wikidata.org/entity/Q1030926,Macquarie Pass National Park,Австралия,Австралия и Океания,106,1974,298,Point(150.6511111 -34.565)
http://www.wikidata.org/entity/Q1031366,Кампо-Маан (национальный парк),Камерун,Африка,2640,1932,,Point(9.991230555 2.345288888)
http://www.wikidata.org/entity/Q1033936,Canunda National Park,Австралия,Австралия и Океания,93,1959,19,Point(140.283 -37.7156)
http://www.wikidata.org/entity/Q1033936,Canunda National Park,Австралия,Австралия и Океания,93,1997,19,Point(140.283 -37.7156)
http://www.wikidata.org/entity/Q1033936,Canunda National Park,Австралия,Австралия и Океания,95.752939453125,1959,19,Point(140.283 -37.7156)
http://www.wikidata.org/entity/Q1033936,Canunda National Park,Австралия,Австралия и Океания,95.752939453125,1997,19,Point(140.283 -37.7156)
http://www.wikidata.org/entity/Q1034237,Cape Hillsborough National Park,Австралия,Австралия и Океания,10.74,1985,249,Point(148.994 -20.8989)
http://www.wikidata.org/entity/Q1034237,Cape Hillsborough National Park,Австралия,Австралия и Океания,10.74,2018,249,Point(148.994 -20.8989)
http://www.wikidata.org/entity/Q1034237,Cape Hillsborough National Park,Австралия,Австралия и Океания,10.7437902832031,1985,249,Point(148.994 -20.8989)
http://www.wikidata.org/entity/Q1034237,Cape Hillsborough National Park,Австралия,Австралия и Океания,10.7437902832031,2018,249,Point(148.994 -20.8989)
http://www.wikidata.org/entity/Q1034246,Cape Palmerston National Park,Австралия,Австралия и Океания,71.91876953125,1976,3,Point(149.4275 -21.590277777)
http://www.wikidata.org/entity/Q1034246,Cape Palmerston National Park,Австралия,Австралия и Океания,71.91876953125,1994,3,Point(149.4275 -21.590277777)
http://www.wikidata.org/entity/Q1034246,Cape Palmerston National Park,Австралия,Австралия и Океания,720,1976,3,Point(149.4275 -21.590277777)
http://www.wikidata.org/entity/Q1034246,Cape Palmerston National Park,Австралия,Австралия и Океания,720,1994,3,Point(149.4275 -21.590277777)
http://www.wikidata.org/entity/Q1034249,Cape Upstart National Park,Австралия,Австралия и Океания,85.979462890625,1969,404,Point(147.760833333 -19.713333333)
http://www.wikidata.org/entity/Q1034249,Cape Upstart National Park,Австралия,Австралия и Океания,848,1969,404,Point(147.760833333 -19.713333333)
http://www.wikidata.org/entity/Q1034253,Кейп-Ле-Гранд,Австралия,Австралия и Океания,308.9,1966,26,Point(122.156 -33.9469)
http://www.wikidata.org/entity/Q1034253,Кейп-Ле-Гранд,Австралия,Австралия и Океания,308.9,1990,26,Point(122.156 -33.9469)
http://www.wikidata.org/entity/Q1034253,Кейп-Ле-Гранд,Австралия,Австралия и Океания,308.9,1997,26,Point(122.156 -33.9469)
http://www.wikidata.org/entity/Q1034802,Capoompeta National Park,Австралия,Австралия и Океания,4297,1999,,Point(152.008888888 -29.392777777)
http://www.wikidata.org/entity/Q1034802,Capoompeta National Park,Австралия,Австралия и Океания,4297,2003,,Point(152.008888888 -29.392777777)
http://www.wikidata.org/entity/Q1034802,Capoompeta National Park,Австралия,Австралия и Океания,42.7891455078125,1999,,Point(152.008888888 -29.392777777)
http://www.wikidata.org/entity/Q1034802,Capoompeta National Park,Австралия,Австралия и Океания,42.7891455078125,2003,,Point(152.008888888 -29.392777777)
http://www.wikidata.org/entity/Q1034936,Capricorn Coast National Park,Австралия,Австралия и Океания,1.79952606201172,1992,84,Point(150.743888888 -23.122222222)
http://www.wikidata.org/entity/Q1034936,Capricorn Coast National Park,Австралия,Австралия и Океания,1.79952606201172,2006,84,Point(150.743888888 -23.122222222)
http://www.wikidata.org/entity/Q1034936,Capricorn Coast National Park,Австралия,Австралия и Океания,175,1992,84,Point(150.743888888 -23.122222222)
http://www.wikidata.org/entity/Q1200164,Уайт-Сандс,США,Северная Америка,581.67,1933,,Point(-106.171667 32.779722)
http://www.wikidata.org/entity/Q1200164,Уайт-Сандс,США,Северная Америка,581.67,2019,,Point(-106.171667 32.779722)
http://www.wikidata.org/entity/Q1207569,Dharawal National Park,Австралия,Австралия и Океания,6508,2012,,Point(150.851526 -34.203852)
http://www.wikidata.org/entity/Q1207569,Dharawal National Park,Австралия,Австралия и Океания,66.0616455078125,2012,,Point(150.851526 -34.203852)
http://www.wikidata.org/entity/Q1207619,Dharug National Park,Австралия,Австралия и Океания,153.320009765625,1967,230,Point(151.0844444 -33.365)
http://www.wikidata.org/entity/Q1207619,Dharug National Park,Австралия,Австралия и Океания,153.320009765625,2008,230,Point(151.0844444 -33.365)
http://www.wikidata.org/entity/Q1207619,Dharug National Park,Австралия,Австралия и Океания,152,1967,230,Point(151.0844444 -33.365)
http://www.wikidata.org/entity/Q1207619,Dharug National Park,Австралия,Австралия и Океания,152,2008,230,Point(151.0844444 -33.365)
http://www.wikidata.org/entity/Q1209241,Diawling National Park,Мавритания,Африка,130,1990,5,Point(-16.35 16.4167)
http://www.wikidata.org/entity/Q1225209,Тайрона,Колумбия,Южная Америка,225,1969,20,Point(-74.18333333 11.28333333)
http://www.wikidata.org/entity/Q1226283,Dinden National Park,Австралия,Австралия и Океания,210.7335546875,2005,573,Point(145.61666667 -17.00972222)
http://www.wikidata.org/entity/Q1226283,Dinden National Park,Австралия,Австралия и Океания,210.7335546875,2014,573,Point(145.61666667 -17.00972222)
http://www.wikidata.org/entity/Q1226283,Dinden National Park,Австралия,Австралия и Океания,19706,2005,573,Point(145.61666667 -17.00972222)
http://www.wikidata.org/entity/Q1226283,Dinden National Park,Австралия,Австралия и Океания,19706,2014,573,Point(145.61666667 -17.00972222)
http://www.wikidata.org/entity/Q1226283,Dinden National Park,Австралия,Австралия и Океания,210.7335546875,2005,573,Point(145.647488888 -16.991388888)
http://www.wikidata.org/entity/Q1226283,Dinden National Park,Австралия,Австралия и Океания,210.7335546875,2014,573,Point(145.647488888 -16.991388888)
http://www.wikidata.org/entity/Q1226283,Dinden National Park,Австралия,Австралия и Океания,19706,2005,573,Point(145.647488888 -16.991388888)
http://www.wikidata.org/entity/Q1226283,Dinden National Park,Австралия,Австралия и Океания,19706,2014,573,Point(145.647488888 -16.991388888)
http://www.wikidata.org/entity/Q1226290,Диндер (биосферный резерват),Судан,Африка,10000,1935,,Point(35.2333 12.0)
http://www.wikidata.org/entity/Q1226290,Диндер (биосферный резерват),Судан,Африка,10000,1935,,Point(35.0 12.29)
http://www.wikidata.org/entity/Q1229653,Judbarra / Gregory National Park,Австралия,Австралия и Океания,12.882,1990,130,Point(130.306897 -15.88815)
http://www.wikidata.org/entity/Q1229653,Judbarra / Gregory National Park,Австралия,Австралия и Океания,12.882,2009,130,Point(130.306897 -15.88815)
http://www.wikidata.org/entity/Q1229653,Judbarra / Gregory National Park,Австралия,Австралия и Океания,12.882,2011,130,Point(130.306897 -15.88815)
http://www.wikidata.org/entity/Q1360023,Mount Aberdeen National Park,Австралия,Австралия и Океания,298,1967,791,Point(147.921111111 -20.198611111)
http://www.wikidata.org/entity/Q1360023,Mount Aberdeen National Park,Австралия,Австралия и Океания,298,2010,791,Point(147.921111111 -20.198611111)
http://www.wikidata.org/entity/Q1360116,Noosa National Park,Австралия,Австралия и Океания,28.942822265625,1939,15,Point(153.112777777 -26.384444444)
http://www.wikidata.org/entity/Q1360116,Noosa National Park,Австралия,Австралия и Океания,28.942822265625,2007,15,Point(153.112777777 -26.384444444)
http://www.wikidata.org/entity/Q1360116,Noosa National Park,Австралия,Австралия и Океания,2883,1939,15,Point(153.112777777 -26.384444444)
http://www.wikidata.org/entity/Q1360116,Noosa National Park,Австралия,Австралия и Океания,2883,2007,15,Point(153.112777777 -26.384444444)
http://www.wikidata.org/entity/Q1360751,Mount Chinghee National Park,Австралия,Австралия и Океания,11.1,1975,511,Point(152.946666666 -28.3025)
http://www.wikidata.org/entity/Q1360751,Mount Chinghee National Park,Австралия,Австралия и Океания,11.1,1994,511,Point(152.946666666 -28.3025)
http://www.wikidata.org/entity/Q1360751,Mount Chinghee National Park,Австралия,Австралия и Океания,126,1975,511,Point(152.946666666 -28.3025)
http://www.wikidata.org/entity/Q1360751,Mount Chinghee National Park,Австралия,Австралия и Океания,126,1994,511,Point(152.946666666 -28.3025)
http://www.wikidata.org/entity/Q1360751,Mount Chinghee National Park,Австралия,Австралия и Океания,12.586337890625,1975,511,Point(152.946666666 -28.3025)
http://www.wikidata.org/entity/Q1360751,Mount Chinghee National Park,Австралия,Австралия и Океания,12.586337890625,1994,511,Point(152.946666666 -28.3025)
http://www.wikidata.org/entity/Q1360760,Tregole National Park,Австралия,Австралия и Океания,7579,1995,456,Point(147.0675 -26.489722222)
http://www.wikidata.org/entity/Q1360760,Tregole National Park,Австралия,Австралия и Океания,75.759931640625,1995,456,Point(147.0675 -26.489722222)
http://www.wikidata.org/entity/Q1361043,Eurimbula National Park,Австралия,Австралия и Океания,2367,1977,10,Point(151.7825 -24.176111111)
http://www.wikidata.org/entity/Q1361043,Eurimbula National Park,Австралия,Австралия и Океания,2367,2009,10,Point(151.7825 -24.176111111)
http://www.wikidata.org/entity/Q1361043,Eurimbula National Park,Австралия,Австралия и Океания,232.909375,1977,10,Point(151.7825 -24.176111111)
http://www.wikidata.org/entity/Q1361043,Eurimbula National Park,Австралия,Австралия и Океания,232.909375,2009,10,Point(151.7825 -24.176111111)
http://www.wikidata.org/entity/Q1361587,Erringibba National Park,Австралия,Австралия и Океания,8.63898132324219,1994,297,Point(149.704166666 -27.290277777)
http://www.wikidata.org/entity/Q1361587,Erringibba National Park,Австралия,Австралия и Океания,8.63898132324219,1999,297,Point(149.704166666 -27.290277777)
http://www.wikidata.org/entity/Q1361587,Erringibba National Park,Австралия,Австралия и Океания,877,1994,297,Point(149.704166666 -27.290277777)
http://www.wikidata.org/entity/Q1361587,Erringibba National Park,Австралия,Австралия и Океания,877,1999,297,Point(149.704166666 -27.290277777)
http://www.wikidata.org/entity/Q1362815,Намбунг,Австралия,Австралия и Океания,0.321942024230957,1968,82,Point(115.17 -30.576111111)
http://www.wikidata.org/entity/Q1362815,Намбунг,Австралия,Австралия и Океания,0.321942024230957,1979,82,Point(115.17 -30.576111111)
http://www.wikidata.org/entity/Q1362815,Намбунг,Австралия,Австралия и Океания,0.321942024230957,1995,82,Point(115.17 -30.576111111)
http://www.wikidata.org/entity/Q1362815,Намбунг,Австралия,Австралия и Океания,193.57865234375,1968,82,Point(115.17 -30.576111111)
http://www.wikidata.org/entity/Q1362815,Намбунг,Австралия,Австралия и Океания,193.57865234375,1979,82,Point(115.17 -30.576111111)
http://www.wikidata.org/entity/Q1362815,Намбунг,Австралия,Австралия и Океания,193.57865234375,1995,82,Point(115.17 -30.576111111)
http://www.wikidata.org/entity/Q1362815,Намбунг,Австралия,Австралия и Океания,184,1968,82,Point(115.17 -30.576111111)
http://www.wikidata.org/entity/Q1362815,Намбунг,Австралия,Австралия и Океания,184,1979,82,Point(115.17 -30.576111111)
http://www.wikidata.org/entity/Q1362815,Намбунг,Австралия,Австралия и Океания,184,1995,82,Point(115.17 -30.576111111)
http://www.wikidata.org/entity/Q1364191,Mount Walsh National Park,Австралия,Австралия и Океания,107.8659765625,1947,546,Point(152.051944444 -25.597777777)
http://www.wikidata.org/entity/Q1364191,Mount Walsh National Park,Австралия,Австралия и Океания,107.8659765625,2009,546,Point(152.051944444 -25.597777777)
http://www.wikidata.org/entity/Q1364191,Mount Walsh National Park,Австралия,Австралия и Океания,10727,1947,546,Point(152.051944444 -25.597777777)
http://www.wikidata.org/entity/Q1364191,Mount Walsh National Park,Австралия,Австралия и Океания,10727,2009,546,Point(152.051944444 -25.597777777)
http://www.wikidata.org/entity/Q1367137,Pali-Aike National Park,Чили,Южная Америка,50.3,1970,,Point(-69.7333 -52.1)
http://www.wikidata.org/entity/Q1368788,Вояджерс,США,Северная Америка,883,1975,,Point(-92.883333333 48.5)
http://www.wikidata.org/entity/Q1368807,Севенны,Франция,Европа,935,1970,,Point(3.4 44.2)
http://www.wikidata.org/entity/Q1368807,Севенны,Франция,Европа,935,1970,,Point(3.4 44.2)
http://www.wikidata.org/entity/Q1368807,Севенны,Франция,Европа,912.79,1970,,Point(3.4 44.2)
http://www.wikidata.org/entity/Q1368807,Севенны,Франция,Европа,912.79,1970,,Point(3.4 44.2)
http://www.wikidata.org/entity/Q1368818,Восточный Цаво,Кения,Африка,11747,1948,,Point(38.771666666 -2.778611111)
http://www.wikidata.org/entity/Q1372107,Eubenangee Swamp National Park,Австралия,Австралия и Океания,19.3090502929687,1968,14,Point(145.957 -17.4233)
http://www.wikidata.org/entity/Q1372107,Eubenangee Swamp National Park,Австралия,Австралия и Океания,19.3090502929687,2003,14,Point(145.957 -17.4233)
http://www.wikidata.org/entity/Q1372107,Eubenangee Swamp National Park,Австралия,Австралия и Океания,19,1968,14,Point(145.957 -17.4233)
http://www.wikidata.org/entity/Q1372107,Eubenangee Swamp National Park,Австралия,Австралия и Океания,19,2003,14,Point(145.957 -17.4233)
http://www.wikidata.org/entity/Q1374779,Eurobodalla National Park,Австралия,Австралия и Океания,30.3084741210937,1995,2,Point(150.1247222 -36.121944444)
http://www.wikidata.org/entity/Q1374779,Eurobodalla National Park,Австралия,Австралия и Океания,30.3084741210937,2015,2,Point(150.1247222 -36.121944444)
http://www.wikidata.org/entity/Q1374779,Eurobodalla National Park,Австралия,Австралия и Океания,2913,1995,2,Point(150.1247222 -36.121944444)
http://www.wikidata.org/entity/Q1374779,Eurobodalla National Park,Австралия,Австралия и Океания,2913,2015,2,Point(150.1247222 -36.121944444)
http://www.wikidata.org/entity/Q1380559,Сибилои,Кения,Африка,1570.85,1973,,Point(36.3425 3.960555555)
http://www.wikidata.org/entity/Q1380559,Сибилои,Кения,Африка,1570.85,1973,,Point(36.3425 3.960555555)
http://www.wikidata.org/entity/Q1384276,Expedition National Park,Австралия,Австралия и Океания,194.01671875,1991,,Point(148.865555555 -25.128888888)
http://www.wikidata.org/entity/Q1384276,Expedition National Park,Австралия,Австралия и Океания,194.01671875,2015,,Point(148.865555555 -25.128888888)
http://www.wikidata.org/entity/Q1384276,Expedition National Park,Австралия,Австралия и Океания,1099,1991,,Point(148.865555555 -25.128888888)
http://www.wikidata.org/entity/Q1384276,Expedition National Park,Австралия,Австралия и Океания,1099,2015,,Point(148.865555555 -25.128888888)
http://www.wikidata.org/entity/Q1386661,Kirindy Mitea National Park,Мадагаскар,Африка,722,1997,,Point(44.1422 -20.8103)
http://www.wikidata.org/entity/Q1391076,Saltfjellet–Svartisen National Park,Норвегия,Европа,2191.7796,1989,,Point(14.183333333 66.6)
http://www.wikidata.org/entity/Q1391076,Saltfjellet–Svartisen National Park,Норвегия,Европа,2192,1989,,Point(14.183333333 66.6)
http://www.wikidata.org/entity/Q1391076,Saltfjellet–Svartisen National Park,Норвегия,Европа,2191.779609,1989,,Point(14.183333333 66.6)
http://www.wikidata.org/entity/Q1392095,Southern Moreton Bay Islands National Park,Австралия,Австралия и Океания,16.5572863769531,2000,5,Point(153.384444444 -27.718055555)
http://www.wikidata.org/entity/Q1392095,Southern Moreton Bay Islands National Park,Австралия,Австралия и Океания,16.5572863769531,2008,5,Point(153.384444444 -27.718055555)
http://www.wikidata.org/entity/Q1392095,Southern Moreton Bay Islands National Park,Австралия,Австралия и Океания,1646,2000,5,Point(153.384444444 -27.718055555)
http://www.wikidata.org/entity/Q1392095,Southern Moreton Bay Islands National Park,Австралия,Австралия и Океания,1646,2008,5,Point(153.384444444 -27.718055555)
http://www.wikidata.org/entity/Q1393302,Fairlies Knob National Park,Австралия,Австралия и Океания,3.06086059570312,1910,219,Point(152.293055555 -25.505)
http://www.wikidata.org/entity/Q1393302,Fairlies Knob National Park,Австралия,Австралия и Океания,3.06086059570312,2010,219,Point(152.293055555 -25.505)
http://www.wikidata.org/entity/Q1393302,Fairlies Knob National Park,Австралия,Австралия и Океания,29947,1910,219,Point(152.293055555 -25.505)
http://www.wikidata.org/entity/Q1393302,Fairlies Knob National Park,Австралия,Австралия и Океания,29947,2010,219,Point(152.293055555 -25.505)
http://www.wikidata.org/entity/Q1394145,Wietalaba National Park,Австралия,Австралия и Океания,18.29,2006,566,Point(151.209933 -24.284832)
http://www.wikidata.org/entity/Q1394145,Wietalaba National Park,Австралия,Австралия и Океания,18.29,2014,566,Point(151.209933 -24.284832)
http://www.wikidata.org/entity/Q1394145,Wietalaba National Park,Австралия,Австралия и Океания,18.3123876953125,2006,566,Point(151.209933 -24.284832)
http://www.wikidata.org/entity/Q1394145,Wietalaba National Park,Австралия,Австралия и Океания,18.3123876953125,2014,566,Point(151.209933 -24.284832)
http://www.wikidata.org/entity/Q1394145,Wietalaba National Park,Австралия,Австралия и Океания,18.29,2006,566,Point(151.210277777 -24.284722222)
http://www.wikidata.org/entity/Q1394145,Wietalaba National Park,Австралия,Австралия и Океания,18.29,2014,566,Point(151.210277777 -24.284722222)
http://www.wikidata.org/entity/Q1394145,Wietalaba National Park,Австралия,Австралия и Океания,18.3123876953125,2006,566,Point(151.210277777 -24.284722222)
http://www.wikidata.org/entity/Q1394145,Wietalaba National Park,Австралия,Австралия и Океания,18.3123876953125,2014,566,Point(151.210277777 -24.284722222)
http://www.wikidata.org/entity/Q1394640,Family Islands National Park,Австралия,Австралия и Океания,6.279013671875,1994,37,Point(146.135277777 -17.925833333)
http://www.wikidata.org/entity/Q1321758,National Park - Fir of Hotova,Албания,Европа,34.3611,1996,,Point(20.41111111 40.30361111)
http://www.wikidata.org/entity/Q1321758,National Park - Fir of Hotova,Албания,Европа,343.611,1996,,Point(20.41111111 40.30361111)
http://www.wikidata.org/entity/Q1322496,Ku-ring-gai Chase National Park,Австралия,Австралия и Океания,155.330859375,1894,1,Point(151.2011111 -33.615)
http://www.wikidata.org/entity/Q1322496,Ku-ring-gai Chase National Park,Австралия,Австралия и Океания,155.330859375,2016,1,Point(151.2011111 -33.615)
http://www.wikidata.org/entity/Q1322496,Ku-ring-gai Chase National Park,Австралия,Австралия и Океания,154,1894,1,Point(151.2011111 -33.615)
http://www.wikidata.org/entity/Q1322496,Ku-ring-gai Chase National Park,Австралия,Австралия и Океания,154,2016,1,Point(151.2011111 -33.615)
http://www.wikidata.org/entity/Q1323548,Моси-Оа-Тунья (национальный парк),Зимбабве,Африка,68.6,1971,898,Point(25.833333333 -17.866666666)
http://www.wikidata.org/entity/Q1325310,Appennino Lucano - Val d'Agri - Lagonegrese National Park,Италия,Европа,689.96,2007,,Point(15.9 40.34)
http://www.wikidata.org/entity/Q1325310,Appennino Lucano - Val d'Agri - Lagonegrese National Park,Италия,Европа,689.96,2007,,Point(15.9 40.34)
http://www.wikidata.org/entity/Q1327341,Куттинирпаак,Канада,Северная Америка,37775,1988,,Point(-72.216666666 82.216666666)
http://www.wikidata.org/entity/Q1331433,Элк-Айленд (национальный парк),Канада,Северная Америка,194,1913,,Point(-112.866 53.6144)
http://www.wikidata.org/entity/Q1331672,Ella Bay National Park,Австралия,Австралия и Океания,37.268486328125,1952,17,Point(146.056666666 -17.395555555)
http://www.wikidata.org/entity/Q1331672,Ella Bay National Park,Австралия,Австралия и Океания,37.268486328125,1994,17,Point(146.056666666 -17.395555555)
http://www.wikidata.org/entity/Q1333457,Eungella National Park,Австралия,Австралия и Океания,600.238984375,1936,881,Point(148.627780555 -21.04305)
http://www.wikidata.org/entity/Q1333457,Eungella National Park,Австралия,Австралия и Океания,600.238984375,2016,881,Point(148.627780555 -21.04305)
http://www.wikidata.org/entity/Q1333457,Eungella National Park,Австралия,Австралия и Океания,59865,1936,881,Point(148.627780555 -21.04305)
http://www.wikidata.org/entity/Q1333457,Eungella National Park,Австралия,Австралия и Океания,59865,2016,881,Point(148.627780555 -21.04305)
http://www.wikidata.org/entity/Q1333457,Eungella National Park,Австралия,Австралия и Океания,600.238984375,1936,881,Point(148.664444444 -20.861388888)
http://www.wikidata.org/entity/Q1333457,Eungella National Park,Австралия,Австралия и Океания,600.238984375,2016,881,Point(148.664444444 -20.861388888)
http://www.wikidata.org/entity/Q1333457,Eungella National Park,Австралия,Австралия и Океания,59865,1936,881,Point(148.664444444 -20.861388888)
http://www.wikidata.org/entity/Q1333457,Eungella National Park,Австралия,Австралия и Океания,59865,2016,881,Point(148.664444444 -20.861388888)
http://www.wikidata.org/entity/Q1333816,Elsey National Park,Австралия,Австралия и Океания,0.839557609558105,1991,134,Point(133.193 -14.9531)
http://www.wikidata.org/entity/Q1333816,Elsey National Park,Австралия,Австралия и Океания,0.839557609558105,2002,134,Point(133.193 -14.9531)
http://www.wikidata.org/entity/Q1333816,Elsey National Park,Австралия,Австралия и Океания,0.839557609558105,2010,134,Point(133.193 -14.9531)
http://www.wikidata.org/entity/Q1333816,Elsey National Park,Австралия,Австралия и Океания,138,1991,134,Point(133.193 -14.9531)
http://www.wikidata.org/entity/Q1333816,Elsey National Park,Австралия,Австралия и Океания,138,2002,134,Point(133.193 -14.9531)
http://www.wikidata.org/entity/Q1333816,Elsey National Park,Австралия,Австралия и Океания,138,2010,134,Point(133.193 -14.9531)
http://www.wikidata.org/entity/Q1333816,Elsey National Park,Австралия,Австралия и Океания,138.144728893042,1991,134,Point(133.193 -14.9531)
http://www.wikidata.org/entity/Q1333816,Elsey National Park,Австралия,Австралия и Океания,138.144728893042,2002,134,Point(133.193 -14.9531)
http://www.wikidata.org/entity/Q1333816,Elsey National Park,Австралия,Австралия и Океания,138.144728893042,2010,134,Point(133.193 -14.9531)
http://www.wikidata.org/entity/Q1334313,Уинд,США,Северная Америка,114,1903,,Point(-103.47865 43.55635)
http://www.wikidata.org/entity/Q1335667,Beeron National Park,Австралия,Австралия и Океания,70.45828125,2009,,Point(151.3145182 -26.0064342)
http://www.wikidata.org/entity/Q1335667,Beeron National Park,Австралия,Австралия и Океания,7003,2009,,Point(151.3145182 -26.0064342)
http://www.wikidata.org/entity/Q1340299,Endeavour River National Park,Австралия,Австралия и Океания,21.2176342773437,1975,11,Point(145.217 -15.4419)
http://www.wikidata.org/entity/Q1340299,Endeavour River National Park,Австралия,Австралия и Океания,21.2176342773437,2009,11,Point(145.217 -15.4419)
http://www.wikidata.org/entity/Q1340299,Endeavour River National Park,Австралия,Австралия и Океания,2199,1975,11,Point(145.217 -15.4419)
http://www.wikidata.org/entity/Q1340299,Endeavour River National Park,Австралия,Австралия и Океания,2199,2009,11,Point(145.217 -15.4419)
http://www.wikidata.org/entity/Q1341496,Pidna National Park,Австралия,Австралия и Океания,1.53197296142578,2006,440,Point(151.971111111 -26.891388888)
http://www.wikidata.org/entity/Q1341496,Pidna National Park,Австралия,Австралия и Океания,160,2006,440,Point(151.971111111 -26.891388888)
http://www.wikidata.org/entity/Q1341496,Pidna National Park,Австралия,Австралия и Океания,1.53,2006,440,Point(151.971111111 -26.891388888)
http://www.wikidata.org/entity/Q1341496,Pidna National Park,Австралия,Австралия и Океания,1.53197296142578,2006,440,Point(151.9737055 -26.8938006)
http://www.wikidata.org/entity/Q1341496,Pidna National Park,Австралия,Австралия и Океания,160,2006,440,Point(151.9737055 -26.8938006)
http://www.wikidata.org/entity/Q1341496,Pidna National Park,Австралия,Австралия и Океания,1.53,2006,440,Point(151.9737055 -26.8938006)
http://www.wikidata.org/entity/Q1342385,Уотеру (национальный парк),Австралия,Австралия и Океания,399.4461328125,1969,247,Point(115.879 -30.24)
http://www.wikidata.org/entity/Q1342385,Уотеру (национальный парк),Австралия,Австралия и Океания,399.4461328125,1972,247,Point(115.879 -30.24)
http://www.wikidata.org/entity/Q1342385,Уотеру (национальный парк),Австралия,Австралия и Океания,399.4461328125,1973,247,Point(115.879 -30.24)
http://www.wikidata.org/entity/Q1342385,Уотеру (национальный парк),Австралия,Австралия и Океания,399.4461328125,1977,247,Point(115.879 -30.24)
http://www.wikidata.org/entity/Q1342385,Уотеру (национальный парк),Австралия,Австралия и Океания,29.029775390625,1969,247,Point(115.879 -30.24)
http://www.wikidata.org/entity/Q1342385,Уотеру (национальный парк),Австралия,Австралия и Океания,29.029775390625,1972,247,Point(115.879 -30.24)
http://www.wikidata.org/entity/Q1342385,Уотеру (национальный парк),Австралия,Австралия и Океания,29.029775390625,1973,247,Point(115.879 -30.24)
http://www.wikidata.org/entity/Q1342385,Уотеру (национальный парк),Австралия,Австралия и Океания,29.029775390625,1977,247,Point(115.879 -30.24)
http://www.wikidata.org/entity/Q1342385,Уотеру (национальный парк),Австралия,Австралия и Океания,443,1969,247,Point(115.879 -30.24)
http://www.wikidata.org/entity/Q1342385,Уотеру (национальный парк),Австралия,Австралия и Океания,443,1972,247,Point(115.879 -30.24)
http://www.wikidata.org/entity/Q1342385,Уотеру (национальный парк),Австралия,Австралия и Океания,443,1973,247,Point(115.879 -30.24)
http://www.wikidata.org/entity/Q1342385,Уотеру (национальный парк),Австралия,Австралия и Океания,443,1977,247,Point(115.879 -30.24)
http://www.wikidata.org/entity/Q1342385,Уотеру (национальный парк),Австралия,Австралия и Океания,16.3405834960937,1969,247,Point(115.879 -30.24)
http://www.wikidata.org/entity/Q1342385,Уотеру (национальный парк),Австралия,Австралия и Океания,16.3405834960937,1972,247,Point(115.879 -30.24)
http://www.wikidata.org/entity/Q1342385,Уотеру (национальный парк),Австралия,Австралия и Океания,16.3405834960937,1973,247,Point(115.879 -30.24)
http://www.wikidata.org/entity/Q1342385,Уотеру (национальный парк),Австралия,Австралия и Океания,16.3405834960937,1977,247,Point(115.879 -30.24)
http://www.wikidata.org/entity/Q1350499,Langsua National Park,Норвегия,Европа,537,2011,,Point(9.51333333 61.27833333)
http://www.wikidata.org/entity/Q1350499,Langsua National Park,Норвегия,Европа,538.3294368,2011,,Point(9.51333333 61.27833333)
http://www.wikidata.org/entity/Q1351150,Slovak Karst National Park,Словакия,Европа,343.48094,2002,,Point(20.544 48.579)
http://www.wikidata.org/entity/Q1351150,Slovak Karst National Park,Словакия,Европа,346.11,2002,,Point(20.544 48.579)
http://www.wikidata.org/entity/Q1351221,Tsingy de Namoroka National Park,Мадагаскар,Африка,222.27,1927,,Point(45.3333 -16.4667)
http://www.wikidata.org/entity/Q1356828,Ньюнгве,Руанда,Африка,1010,2004,,Point(29.2758463 -2.5282157)
http://www.wikidata.org/entity/Q1357029,Национальный парк Джигме Сингье Вангчука,Бутан,Азия,1730,1995,,Point(90.43333333 27.16666667)
http://www.wikidata.org/entity/Q1358069,Tully Gorge National Park,Австралия,Австралия и Океания,603.4829296875,1923,287,Point(145.653880555 -17.757780555)
http://www.wikidata.org/entity/Q1358069,Tully Gorge National Park,Австралия,Австралия и Океания,603.4829296875,2014,287,Point(145.653880555 -17.757780555)
http://www.wikidata.org/entity/Q1358069,Tully Gorge National Park,Австралия,Австралия и Океания,5986,1923,287,Point(145.653880555 -17.757780555)
http://www.wikidata.org/entity/Q1358069,Tully Gorge National Park,Австралия,Австралия и Океания,5986,2014,287,Point(145.653880555 -17.757780555)
http://www.wikidata.org/entity/Q1358069,Tully Gorge National Park,Австралия,Австралия и Океания,603.4829296875,1923,287,Point(145.568055555 -17.591666666)
http://www.wikidata.org/entity/Q1358069,Tully Gorge National Park,Австралия,Австралия и Океания,603.4829296875,2014,287,Point(145.568055555 -17.591666666)
http://www.wikidata.org/entity/Q1358069,Tully Gorge National Park,Австралия,Австралия и Океания,5986,1923,287,Point(145.568055555 -17.591666666)
http://www.wikidata.org/entity/Q1358069,Tully Gorge National Park,Австралия,Австралия и Океания,5986,2014,287,Point(145.568055555 -17.591666666)
http://www.wikidata.org/entity/Q1359259,Forty Mile Scrub National Park,Австралия,Австралия и Океания,63.0705224609375,1970,759,Point(144.862 -18.0894)
http://www.wikidata.org/entity/Q1359259,Forty Mile Scrub National Park,Австралия,Австралия и Океания,63.0705224609375,1997,759,Point(144.862 -18.0894)
http://www.wikidata.org/entity/Q1359259,Forty Mile Scrub National Park,Австралия,Австралия и Океания,633,1970,759,Point(144.862 -18.0894)
http://www.wikidata.org/entity/Q1359259,Forty Mile Scrub National Park,Австралия,Австралия и Океания,633,1997,759,Point(144.862 -18.0894)
http://www.wikidata.org/entity/Q1359259,Forty Mile Scrub National Park,Австралия,Австралия и Океания,63.0705224609375,1970,759,Point(144.8419444 -18.03555556)
http://www.wikidata.org/entity/Q1359259,Forty Mile Scrub National Park,Австралия,Австралия и Океания,63.0705224609375,1997,759,Point(144.8419444 -18.03555556)
http://www.wikidata.org/entity/Q1359259,Forty Mile Scrub National Park,Австралия,Австралия и Океания,633,1970,759,Point(144.8419444 -18.03555556)
http://www.wikidata.org/entity/Q1359259,Forty Mile Scrub National Park,Австралия,Австралия и Океания,633,1997,759,Point(144.8419444 -18.03555556)
http://www.wikidata.org/entity/Q1359282,Hull River National Park,Австралия,Австралия и Океания,36.5363549804688,1968,27,Point(146.07 -17.9561)
http://www.wikidata.org/entity/Q1359282,Hull River National Park,Австралия,Австралия и Океания,3695,1968,27,Point(146.07 -17.9561)
http://www.wikidata.org/entity/Q1229653,Judbarra / Gregory National Park,Австралия,Австралия и Океания,12856.8836813575,1990,130,Point(130.306897 -15.88815)
http://www.wikidata.org/entity/Q1229653,Judbarra / Gregory National Park,Австралия,Австралия и Океания,12856.8836813575,2009,130,Point(130.306897 -15.88815)
http://www.wikidata.org/entity/Q1229653,Judbarra / Gregory National Park,Австралия,Австралия и Океания,12856.8836813575,2011,130,Point(130.306897 -15.88815)
http://www.wikidata.org/entity/Q1229653,Judbarra / Gregory National Park,Австралия,Австралия и Океания,148.854228515625,1990,130,Point(130.306897 -15.88815)
http://www.wikidata.org/entity/Q1229653,Judbarra / Gregory National Park,Австралия,Австралия и Океания,148.854228515625,2009,130,Point(130.306897 -15.88815)
http://www.wikidata.org/entity/Q1229653,Judbarra / Gregory National Park,Австралия,Австралия и Океания,148.854228515625,2011,130,Point(130.306897 -15.88815)
http://www.wikidata.org/entity/Q1231952,Дивьяка — Караваста,Албания,Европа,222.302,2007,,Point(19.49305556 40.92416667)
http://www.wikidata.org/entity/Q1231952,Дивьяка — Караваста,Албания,Европа,222.3,2007,,Point(19.49305556 40.92416667)
http://www.wikidata.org/entity/Q1232199,Djiru National Park,Австралия,Австралия и Океания,41.781982421875,2005,,Point(146.06166667 -17.89166667)
http://www.wikidata.org/entity/Q1232199,Djiru National Park,Австралия,Австралия и Океания,41.781982421875,2011,,Point(146.06166667 -17.89166667)
http://www.wikidata.org/entity/Q1232199,Djiru National Park,Австралия,Австралия и Океания,4123,2005,,Point(146.06166667 -17.89166667)
http://www.wikidata.org/entity/Q1232199,Djiru National Park,Австралия,Австралия и Океания,4123,2011,,Point(146.06166667 -17.89166667)
http://www.wikidata.org/entity/Q1232248,Djukbinj National Park,Австралия,Австралия и Океания,133,1997,9,Point(131.286 -12.1333)
http://www.wikidata.org/entity/Q1232248,Djukbinj National Park,Австралия,Австралия и Океания,554.42199842453,1997,9,Point(131.286 -12.1333)
http://www.wikidata.org/entity/Q1234100,Dhilba Guuranda-Innes National Park,Австралия,Австралия и Океания,9415,1970,7,Point(136.895 -35.2278)
http://www.wikidata.org/entity/Q1234100,Dhilba Guuranda-Innes National Park,Австралия,Австралия и Океания,9415,1993,7,Point(136.895 -35.2278)
http://www.wikidata.org/entity/Q1234100,Dhilba Guuranda-Innes National Park,Австралия,Австралия и Океания,94.251904296875,1970,7,Point(136.895 -35.2278)
http://www.wikidata.org/entity/Q1234100,Dhilba Guuranda-Innes National Park,Австралия,Австралия и Океания,94.251904296875,1993,7,Point(136.895 -35.2278)
http://www.wikidata.org/entity/Q1236744,Pan de Azúcar National Park,Чили,Южная Америка,438,1985,,Point(-70.65055556 -26.14972222)
http://www.wikidata.org/entity/Q1236744,Pan de Azúcar National Park,Чили,Южная Америка,437.54,1985,,Point(-70.65055556 -26.14972222)
http://www.wikidata.org/entity/Q1244337,Канайма,Венесуэла,Южная Америка,28645,1962,,Point(-61.7953505 5.3193393)
http://www.wikidata.org/entity/Q1244809,Меданос,Венесуэла,Южная Америка,9128,1974,1,Point(-69.737630555 11.606419444)
http://www.wikidata.org/entity/Q1246549,Mount Balatukan Range Natural Park,Филиппины,Азия,8423,2007,980,Point(124.939194444 8.798861111)
http://www.wikidata.org/entity/Q1246549,Mount Balatukan Range Natural Park,Филиппины,Азия,8423,2007,980,Point(124.94129 8.79856)
http://www.wikidata.org/entity/Q1246549,Mount Balatukan Range Natural Park,Филиппины,Азия,8423,2007,980,Point(124.9558333 8.79305556)
http://www.wikidata.org/entity/Q1251334,Douala-Edéa National Park,Камерун,Африка,2715.12,1932,33,Point(9.8333 3.5)
http://www.wikidata.org/entity/Q1251931,Douglas-Apsley National Park,Австралия,Австралия и Океания,1608,1989,318,Point(148.199 -41.7583)
http://www.wikidata.org/entity/Q1251931,Douglas-Apsley National Park,Австралия,Австралия и Океания,1608,2000,318,Point(148.199 -41.7583)
http://www.wikidata.org/entity/Q1251931,Douglas-Apsley National Park,Австралия,Австралия и Океания,158.340205078125,1989,318,Point(148.199 -41.7583)
http://www.wikidata.org/entity/Q1251931,Douglas-Apsley National Park,Австралия,Австралия и Океания,158.340205078125,2000,318,Point(148.199 -41.7583)
http://www.wikidata.org/entity/Q1252987,Довре (национальный парк),Норвегия,Европа,289,2003,,Point(9.533333333 62.083333333)
http://www.wikidata.org/entity/Q1252987,Довре (национальный парк),Норвегия,Европа,290.4675609,2003,,Point(9.533333333 62.083333333)
http://www.wikidata.org/entity/Q1254575,Tirad Pass National Park,Филиппины,Азия,7416,1968,,Point(120.633 17.0414)
http://www.wikidata.org/entity/Q1254871,Mount Lewis National Park,Австралия,Австралия и Океания,2754,2009,,Point(145.22277778 -16.50972222)
http://www.wikidata.org/entity/Q1254871,Mount Lewis National Park,Австралия,Австралия и Океания,2754,2011,,Point(145.22277778 -16.50972222)
http://www.wikidata.org/entity/Q1254871,Mount Lewis National Park,Австралия,Австралия и Океания,284.4478125,2009,,Point(145.22277778 -16.50972222)
http://www.wikidata.org/entity/Q1254871,Mount Lewis National Park,Австралия,Австралия и Океания,284.4478125,2011,,Point(145.22277778 -16.50972222)
http://www.wikidata.org/entity/Q1254871,Mount Lewis National Park,Австралия,Австралия и Океания,2754,2009,,Point(145.28472222 -16.54833333)
http://www.wikidata.org/entity/Q1254871,Mount Lewis National Park,Австралия,Австралия и Океания,2754,2011,,Point(145.28472222 -16.54833333)
http://www.wikidata.org/entity/Q1254871,Mount Lewis National Park,Австралия,Австралия и Океания,284.4478125,2009,,Point(145.28472222 -16.54833333)
http://www.wikidata.org/entity/Q1254871,Mount Lewis National Park,Австралия,Австралия и Океания,284.4478125,2011,,Point(145.28472222 -16.54833333)
http://www.wikidata.org/entity/Q1257080,Timbarra National Park,Австралия,Австралия и Океания,17.7274426269531,2003,,Point(152.32166667 -29.29222222)
http://www.wikidata.org/entity/Q1257080,Timbarra National Park,Австралия,Австралия и Океания,1772,2003,,Point(152.32166667 -29.29222222)
http://www.wikidata.org/entity/Q1257080,Timbarra National Park,Австралия,Австралия и Океания,17.7274426269531,2003,,Point(152.3 -29.03)
http://www.wikidata.org/entity/Q1257080,Timbarra National Park,Австралия,Австралия и Океания,1772,2003,,Point(152.3 -29.03)
http://www.wikidata.org/entity/Q1258055,Джердап,Сербия,Европа,636.08,1974,,Point(22.516666666 44.666666666)
http://www.wikidata.org/entity/Q1258880,Биоградская гора,Черногория,Европа,56.5,1952,,Point(19.60194444 42.89805556)
http://www.wikidata.org/entity/Q1258880,Биоградская гора,Черногория,Европа,56.5,1952,,Point(19.60194444 42.89805556)
http://www.wikidata.org/entity/Q1260184,The Palms National Park,Австралия,Австралия и Океания,0.715726852416992,1950,517,Point(151.878611111 -26.934722222)
http://www.wikidata.org/entity/Q1260184,The Palms National Park,Австралия,Австралия и Океания,0.715726852416992,2008,517,Point(151.878611111 -26.934722222)
http://www.wikidata.org/entity/Q1260184,The Palms National Park,Австралия,Австралия и Океания,73,1950,517,Point(151.878611111 -26.934722222)
http://www.wikidata.org/entity/Q1260184,The Palms National Park,Австралия,Австралия и Океания,73,2008,517,Point(151.878611111 -26.934722222)
http://www.wikidata.org/entity/Q1260651,Drovers Cave National Park,Австралия,Австралия и Океания,2681,1972,41,Point(115.087777777 -30.234444444)
http://www.wikidata.org/entity/Q1260651,Drovers Cave National Park,Австралия,Австралия и Океания,2681,1978,41,Point(115.087777777 -30.234444444)
http://www.wikidata.org/entity/Q1260651,Drovers Cave National Park,Австралия,Австралия и Океания,25.6449877929687,1972,41,Point(115.087777777 -30.234444444)
http://www.wikidata.org/entity/Q1260651,Drovers Cave National Park,Австралия,Австралия и Океания,25.6449877929687,1978,41,Point(115.087777777 -30.234444444)
http://www.wikidata.org/entity/Q1262800,Национальный парк Сутьеска,Босния и Герцеговина,Европа,175,1962,1690,Point(18.684 43.337)
http://www.wikidata.org/entity/Q1264709,Dularcha National Park,Австралия,Австралия и Океания,4.70259704589844,1921,62,Point(152.961111111 -26.776666666)
http://www.wikidata.org/entity/Q1264709,Dularcha National Park,Австралия,Австралия и Океания,4.70259704589844,2014,62,Point(152.961111111 -26.776666666)
http://www.wikidata.org/entity/Q1264709,Dularcha National Park,Австралия,Австралия и Океания,464,1921,62,Point(152.961111111 -26.776666666)
http://www.wikidata.org/entity/Q1264709,Dularcha National Park,Австралия,Австралия и Океания,464,2014,62,Point(152.961111111 -26.776666666)
http://www.wikidata.org/entity/Q1265588,Национальный парк Джигме Дорджи,Бутан,Азия,4316,1993,,Point(89.51666667 27.75)
http://www.wikidata.org/entity/Q1266074,Горхи-Тэрэлж,Монголия,Азия,2931,1993,,Point(107.576005555 48.150202777)
http://www.wikidata.org/entity/Q1266400,Мур-Ривер (национальный парк),Австралия,Австралия и Океания,175,1969,84,Point(115.646 -31.0867)
http://www.wikidata.org/entity/Q1266400,Мур-Ривер (национальный парк),Австралия,Австралия и Океания,175,1973,84,Point(115.646 -31.0867)
http://www.wikidata.org/entity/Q1266400,Мур-Ривер (национальный парк),Австралия,Австралия и Океания,172.348828125,1969,84,Point(115.646 -31.0867)
http://www.wikidata.org/entity/Q1266400,Мур-Ривер (национальный парк),Австралия,Австралия и Океания,172.348828125,1973,84,Point(115.646 -31.0867)
http://www.wikidata.org/entity/Q1266612,Тара,Сербия,Европа,249.9182,1981,1591,Point(19.305 43.9067)
http://www.wikidata.org/entity/Q1270310,Нечисар,Эфиопия,Африка,514,1974,,Point(37.5833 6.033330555)
http://www.wikidata.org/entity/Q1270469,Трестиклан,Швеция,Европа,29.0587,1996,,Point(11.757662068 59.02558746)
http://www.wikidata.org/entity/Q1270469,Трестиклан,Швеция,Европа,1.94536,1996,,Point(11.757662068 59.02558746)
http://www.wikidata.org/entity/Q1270469,Трестиклан,Швеция,Европа,27.1131,1996,,Point(11.757662068 59.02558746)
http://www.wikidata.org/entity/Q1270469,Трестиклан,Швеция,Европа,19.64339,1996,,Point(11.757662068 59.02558746)
http://www.wikidata.org/entity/Q1272834,D'Aguilar National Park,Австралия,Австралия и Океания,36422,2009,614,Point(152.777777777 -27.308888888)
http://www.wikidata.org/entity/Q1272834,D'Aguilar National Park,Австралия,Австралия и Океания,36422,2018,614,Point(152.777777777 -27.308888888)
http://www.wikidata.org/entity/Q1272834,D'Aguilar National Park,Австралия,Австралия и Океания,391.6372265625,2009,614,Point(152.777777777 -27.308888888)
http://www.wikidata.org/entity/Q1272834,D'Aguilar National Park,Австралия,Австралия и Океания,391.6372265625,2018,614,Point(152.777777777 -27.308888888)
http://www.wikidata.org/entity/Q1273126,Норденшёльд Ланд,Норвегия,Европа,1362,2003,,Point(15.316667 77.866667)
http://www.wikidata.org/entity/Q1273126,Норденшёльд Ланд,Норвегия,Европа,1362.3475806,2003,,Point(15.316667 77.866667)
http://www.wikidata.org/entity/Q1276455,Møysalen National Park,Норвегия,Европа,51.2,2003,,Point(15.5 68.516666666)
http://www.wikidata.org/entity/Q1276455,Møysalen National Park,Норвегия,Европа,51.3332836,2003,,Point(15.5 68.516666666)
http://www.wikidata.org/entity/Q1280258,Фрушка-Гора,Сербия,Европа,266.72,1960,,Point(19.666667 45.166667)
http://www.wikidata.org/entity/Q1282754,Mount Binga National Park,Австралия,Австралия и Океания,10.6507043457031,2006,562,Point(151.9456902 -27.0477035)
http://www.wikidata.org/entity/Q1282754,Mount Binga National Park,Австралия,Австралия и Океания,1066,2006,562,Point(151.9456902 -27.0477035)
http://www.wikidata.org/entity/Q1282754,Mount Binga National Park,Австралия,Австралия и Океания,10.6507043457031,2006,562,Point(151.95471 -27.03305)
http://www.wikidata.org/entity/Q1282754,Mount Binga National Park,Австралия,Австралия и Океания,1066,2006,562,Point(151.95471 -27.03305)
http://www.wikidata.org/entity/Q1284505,Freshwater National Park,Австралия,Австралия и Океания,1.55451873779297,2009,23,Point(152.989722222 -27.175555555)
http://www.wikidata.org/entity/Q1285154,Mount Etna Caves National Park,Австралия,Австралия и Океания,5.78490783691406,1994,114,Point(150.475277777 -23.160277777)
http://www.wikidata.org/entity/Q1285154,Mount Etna Caves National Park,Австралия,Австралия и Океания,5.78490783691406,2011,114,Point(150.475277777 -23.160277777)
http://www.wikidata.org/entity/Q1285154,Mount Etna Caves National Park,Австралия,Австралия и Океания,581,1994,114,Point(150.475277777 -23.160277777)
http://www.wikidata.org/entity/Q1285154,Mount Etna Caves National Park,Австралия,Австралия и Океания,581,2011,114,Point(150.475277777 -23.160277777)
http://www.wikidata.org/entity/Q1288177,Lovćen National Park,Черногория,Европа,62.2,1952,,Point(18.8667 42.3667)
http://www.wikidata.org/entity/Q1288177,Lovćen National Park,Черногория,Европа,62,1952,,Point(18.8667 42.3667)
http://www.wikidata.org/entity/Q1291186,Алпайн,Австралия,Австралия и Океания,6623.06166965546,1989,,Point(146.757 -37.3375)
http://www.wikidata.org/entity/Q1291186,Алпайн,Австралия,Австралия и Океания,6617.77,1989,,Point(146.757 -37.3375)
http://www.wikidata.org/entity/Q1295864,Кахас,Эквадор,Южная Америка,288.08,1996,3615,Point(-79.220277777 -2.846111111)
http://www.wikidata.org/entity/Q1298247,Национальный парк Эгмонт,Новая Зеландия,Австралия и Океания,341.7,1900,,Point(174.1 -39.266666666)
http://www.wikidata.org/entity/Q1305538,Омо (национальный парк),Эфиопия,Африка,4068,1959,,Point(35.83333333 6.0)
http://www.wikidata.org/entity/Q1306110,Ла-Кампана,Чили,Южная Америка,8000,1967,,Point(-71.15 -32.91666667)
http://www.wikidata.org/entity/Q1314367,Остров Принца Эдуарда,Канада,Северная Америка,27,1937,,Point(-63.075 46.4167)
http://www.wikidata.org/entity/Q1109452,Collier Range National Park,Австралия,Австралия и Океания,2.351,1993,647,Point(119.272 -24.6236)
http://www.wikidata.org/entity/Q1109724,Доврефьель-Сунндалсфьелла,Норвегия,Европа,1830,2002,,Point(9.173055555 62.396666666)
http://www.wikidata.org/entity/Q1109724,Доврефьель-Сунндалсфьелла,Норвегия,Европа,1830.0614052,2002,,Point(9.173055555 62.396666666)
http://www.wikidata.org/entity/Q1111568,Тосканский архипелаг,Италия,Европа,736.22,1989,,Point(10.268736111 42.824947222)
http://www.wikidata.org/entity/Q1111568,Тосканский архипелаг,Италия,Европа,736.22,1996,,Point(10.268736111 42.824947222)
http://www.wikidata.org/entity/Q1111568,Тосканский архипелаг,Италия,Европа,791.68,1989,,Point(10.268736111 42.824947222)
http://www.wikidata.org/entity/Q1111568,Тосканский архипелаг,Италия,Европа,791.68,1996,,Point(10.268736111 42.824947222)
http://www.wikidata.org/entity/Q1112226,Columbey National Park,Австралия,Австралия и Океания,12.8704931640625,2007,,Point(151.73732758 -32.58782691)
http://www.wikidata.org/entity/Q1112226,Columbey National Park,Австралия,Австралия и Океания,12.8704931640625,2016,,Point(151.73732758 -32.58782691)
http://www.wikidata.org/entity/Q1112226,Columbey National Park,Австралия,Австралия и Океания,787,2007,,Point(151.73732758 -32.58782691)
http://www.wikidata.org/entity/Q1112226,Columbey National Park,Австралия,Австралия и Океания,787,2016,,Point(151.73732758 -32.58782691)
http://www.wikidata.org/entity/Q1117259,Coorabakh National Park,Австралия,Австралия и Океания,18,1999,,Point(152.5225 -31.712222222)
http://www.wikidata.org/entity/Q1117259,Coorabakh National Park,Австралия,Австралия и Океания,18.0656274414062,1999,,Point(152.5225 -31.712222222)
http://www.wikidata.org/entity/Q1118293,Scone Mountain National Park,Австралия,Австралия и Океания,78,2005,,Point(150.88 -32.04027778)
http://www.wikidata.org/entity/Q1118293,Scone Mountain National Park,Австралия,Австралия и Океания,78,2005,,Point(150.88 -32.04027778)
http://www.wikidata.org/entity/Q1118293,Scone Mountain National Park,Австралия,Австралия и Океания,0.780406723022461,2005,,Point(150.88 -32.04027778)
http://www.wikidata.org/entity/Q1118293,Scone Mountain National Park,Австралия,Австралия и Океания,0.780406723022461,2005,,Point(150.88 -32.04027778)
http://www.wikidata.org/entity/Q1120709,Llanganates National Park,Эквадор,Южная Америка,2199.19,1996,,Point(-78.23333333 -1.13333333)
http://www.wikidata.org/entity/Q1122053,Yuraygir National Park,Австралия,Австралия и Океания,364.5476953125,1980,,Point(153.2677778 -29.815)
http://www.wikidata.org/entity/Q1122053,Yuraygir National Park,Австралия,Австралия и Океания,364.5476953125,2010,,Point(153.2677778 -29.815)
http://www.wikidata.org/entity/Q1122053,Yuraygir National Park,Австралия,Австралия и Океания,35403,1980,,Point(153.2677778 -29.815)
http://www.wikidata.org/entity/Q1122053,Yuraygir National Park,Австралия,Австралия и Океания,35403,2010,,Point(153.2677778 -29.815)
http://www.wikidata.org/entity/Q1122878,Принс-Альберт,Канада,Северная Америка,3874.6,1927,,Point(-106.37 53.9633)
http://www.wikidata.org/entity/Q1124254,Huerquehue National Park,Чили,Южная Америка,125,1967,1739,Point(-71.666389 -39.138611)
http://www.wikidata.org/entity/Q1124728,Микуми,Танзания,Африка,3230,1964,,Point(37.13333333 -7.2)
http://www.wikidata.org/entity/Q1126072,Conimbla National Park,Австралия,Австралия и Океания,84.71,1980,399,Point(148.439166666 -33.748333333)
http://www.wikidata.org/entity/Q1126072,Conimbla National Park,Австралия,Австралия и Океания,84.71,2008,399,Point(148.439166666 -33.748333333)
http://www.wikidata.org/entity/Q1126072,Conimbla National Park,Австралия,Австралия и Океания,88.476279296875,1980,399,Point(148.439166666 -33.748333333)
http://www.wikidata.org/entity/Q1126072,Conimbla National Park,Австралия,Австралия и Океания,88.476279296875,2008,399,Point(148.439166666 -33.748333333)
http://www.wikidata.org/entity/Q1126072,Conimbla National Park,Австралия,Австралия и Океания,84.71,1980,399,Point(148.4677778 -33.765)
http://www.wikidata.org/entity/Q1126072,Conimbla National Park,Австралия,Австралия и Океания,84.71,2008,399,Point(148.4677778 -33.765)
http://www.wikidata.org/entity/Q1126072,Conimbla National Park,Австралия,Австралия и Океания,88.476279296875,1980,399,Point(148.4677778 -33.765)
http://www.wikidata.org/entity/Q1126072,Conimbla National Park,Австралия,Австралия и Океания,88.476279296875,2008,399,Point(148.4677778 -33.765)
http://www.wikidata.org/entity/Q1126279,Коннемара (национальный парк),Ирландия,Европа,2957,1980,,Point(-9.94472222 53.55111111)
http://www.wikidata.org/entity/Q1127201,Mitchell River National Park,Австралия,Австралия и Океания,143.95,1962,262,Point(147.346 -37.6556)
http://www.wikidata.org/entity/Q1127201,Mitchell River National Park,Австралия,Австралия и Океания,143.95,1986,262,Point(147.346 -37.6556)
http://www.wikidata.org/entity/Q1127201,Mitchell River National Park,Австралия,Австралия и Океания,143.95,2000,262,Point(147.346 -37.6556)
http://www.wikidata.org/entity/Q1127201,Mitchell River National Park,Австралия,Австралия и Океания,143.886484375,1962,262,Point(147.346 -37.6556)
http://www.wikidata.org/entity/Q1127201,Mitchell River National Park,Австралия,Австралия и Океания,143.886484375,1986,262,Point(147.346 -37.6556)
http://www.wikidata.org/entity/Q1127201,Mitchell River National Park,Австралия,Австралия и Океания,143.886484375,2000,262,Point(147.346 -37.6556)
http://www.wikidata.org/entity/Q1127201,Mitchell River National Park,Австралия,Австралия и Океания,118.99,1962,262,Point(147.346 -37.6556)
http://www.wikidata.org/entity/Q1127201,Mitchell River National Park,Австралия,Австралия и Океания,118.99,1986,262,Point(147.346 -37.6556)
http://www.wikidata.org/entity/Q1127201,Mitchell River National Park,Австралия,Австралия и Океания,118.99,2000,262,Point(147.346 -37.6556)
http://www.wikidata.org/entity/Q1127201,Mitchell River National Park,Австралия,Австралия и Океания,143.94,1962,262,Point(147.346 -37.6556)
http://www.wikidata.org/entity/Q1127201,Mitchell River National Park,Австралия,Австралия и Океания,143.94,1986,262,Point(147.346 -37.6556)
http://www.wikidata.org/entity/Q1127201,Mitchell River National Park,Австралия,Австралия и Океания,143.94,2000,262,Point(147.346 -37.6556)
http://www.wikidata.org/entity/Q1127201,Mitchell River National Park,Австралия,Австралия и Океания,143.89,1962,262,Point(147.346 -37.6556)
http://www.wikidata.org/entity/Q1127201,Mitchell River National Park,Австралия,Австралия и Океания,143.89,1986,262,Point(147.346 -37.6556)
http://www.wikidata.org/entity/Q1127201,Mitchell River National Park,Австралия,Австралия и Океания,143.89,2000,262,Point(147.346 -37.6556)
http://www.wikidata.org/entity/Q1127201,Mitchell River National Park,Австралия,Австралия и Океания,1150.52078125,1962,262,Point(147.346 -37.6556)
http://www.wikidata.org/entity/Q1127201,Mitchell River National Park,Австралия,Австралия и Океания,1150.52078125,1986,262,Point(147.346 -37.6556)
http://www.wikidata.org/entity/Q1127201,Mitchell River National Park,Австралия,Австралия и Океания,1150.52078125,2000,262,Point(147.346 -37.6556)
http://www.wikidata.org/entity/Q1127201,Mitchell River National Park,Австралия,Австралия и Океания,142.49,1962,262,Point(147.346 -37.6556)
http://www.wikidata.org/entity/Q1127201,Mitchell River National Park,Австралия,Австралия и Океания,142.49,1986,262,Point(147.346 -37.6556)
http://www.wikidata.org/entity/Q1127201,Mitchell River National Park,Австралия,Австралия и Океания,142.49,2000,262,Point(147.346 -37.6556)
http://www.wikidata.org/entity/Q1127201,Mitchell River National Park,Австралия,Австралия и Океания,143.95,1962,262,Point(147.349 -37.6497)
http://www.wikidata.org/entity/Q1127201,Mitchell River National Park,Австралия,Австралия и Океания,143.95,1986,262,Point(147.349 -37.6497)
http://www.wikidata.org/entity/Q1127201,Mitchell River National Park,Австралия,Австралия и Океания,143.95,2000,262,Point(147.349 -37.6497)
http://www.wikidata.org/entity/Q1127201,Mitchell River National Park,Австралия,Австралия и Океания,143.886484375,1962,262,Point(147.349 -37.6497)
http://www.wikidata.org/entity/Q1127201,Mitchell River National Park,Австралия,Австралия и Океания,143.886484375,1986,262,Point(147.349 -37.6497)
http://www.wikidata.org/entity/Q1127201,Mitchell River National Park,Австралия,Австралия и Океания,143.886484375,2000,262,Point(147.349 -37.6497)
http://www.wikidata.org/entity/Q1127201,Mitchell River National Park,Австралия,Австралия и Океания,118.99,1962,262,Point(147.349 -37.6497)
http://www.wikidata.org/entity/Q1127201,Mitchell River National Park,Австралия,Австралия и Океания,118.99,1986,262,Point(147.349 -37.6497)
http://www.wikidata.org/entity/Q1127201,Mitchell River National Park,Австралия,Австралия и Океания,118.99,2000,262,Point(147.349 -37.6497)
http://www.wikidata.org/entity/Q1127201,Mitchell River National Park,Австралия,Австралия и Океания,143.94,1962,262,Point(147.349 -37.6497)
http://www.wikidata.org/entity/Q1127201,Mitchell River National Park,Австралия,Австралия и Океания,143.94,1986,262,Point(147.349 -37.6497)
http://www.wikidata.org/entity/Q1127201,Mitchell River National Park,Австралия,Австралия и Океания,143.94,2000,262,Point(147.349 -37.6497)
http://www.wikidata.org/entity/Q1127201,Mitchell River National Park,Австралия,Австралия и Океания,143.89,1962,262,Point(147.349 -37.6497)
http://www.wikidata.org/entity/Q1127201,Mitchell River National Park,Австралия,Австралия и Океания,143.89,1986,262,Point(147.349 -37.6497)
http://www.wikidata.org/entity/Q1127201,Mitchell River National Park,Австралия,Австралия и Океания,143.89,2000,262,Point(147.349 -37.6497)
http://www.wikidata.org/entity/Q1127201,Mitchell River National Park,Австралия,Австралия и Океания,1150.52078125,1962,262,Point(147.349 -37.6497)
http://www.wikidata.org/entity/Q1127201,Mitchell River National Park,Австралия,Австралия и Океания,1150.52078125,1986,262,Point(147.349 -37.6497)
http://www.wikidata.org/entity/Q1127201,Mitchell River National Park,Австралия,Австралия и Океания,1150.52078125,2000,262,Point(147.349 -37.6497)
http://www.wikidata.org/entity/Q1127201,Mitchell River National Park,Австралия,Австралия и Океания,142.49,1962,262,Point(147.349 -37.6497)
http://www.wikidata.org/entity/Q1127201,Mitchell River National Park,Австралия,Австралия и Океания,142.49,1986,262,Point(147.349 -37.6497)
http://www.wikidata.org/entity/Q1127201,Mitchell River National Park,Австралия,Австралия и Океания,142.49,2000,262,Point(147.349 -37.6497)
http://www.wikidata.org/entity/Q1127232,Туарт-Форест,Австралия,Австралия и Океания,17.8522412109375,1987,24,Point(115.512 -33.5519)
http://www.wikidata.org/entity/Q1127232,Туарт-Форест,Австралия,Австралия и Океания,17.8522412109375,1994,24,Point(115.512 -33.5519)
http://www.wikidata.org/entity/Q1127232,Туарт-Форест,Австралия,Австралия и Океания,20,1987,24,Point(115.512 -33.5519)
http://www.wikidata.org/entity/Q1127232,Туарт-Форест,Австралия,Австралия и Океания,20,1994,24,Point(115.512 -33.5519)
http://www.wikidata.org/entity/Q1127232,Туарт-Форест,Австралия,Австралия и Океания,2.64762908935547,1987,24,Point(115.512 -33.5519)
http://www.wikidata.org/entity/Q1127232,Туарт-Форест,Австралия,Австралия и Океания,2.64762908935547,1994,24,Point(115.512 -33.5519)
http://www.wikidata.org/entity/Q1127981,Chingaza National Natural Park,Колумбия,Южная Америка,76.6,1977,,Point(-73.7 4.55)
http://www.wikidata.org/entity/Q1129492,Conway National Park,Австралия,Австралия и Океания,2646,1938,28,Point(148.765 -20.263333333)
http://www.wikidata.org/entity/Q1129492,Conway National Park,Австралия,Австралия и Океания,2646,2014,28,Point(148.765 -20.263333333)
http://www.wikidata.org/entity/Q1129492,Conway National Park,Австралия,Австралия и Океания,326.3584765625,1938,28,Point(148.765 -20.263333333)
http://www.wikidata.org/entity/Q1129492,Conway National Park,Австралия,Австралия и Океания,326.3584765625,2014,28,Point(148.765 -20.263333333)
http://www.wikidata.org/entity/Q1129872,Купракамбра,Австралия,Австралия и Океания,388,1988,242,Point(149.22 -37.3114)
http://www.wikidata.org/entity/Q1129872,Купракамбра,Австралия,Австралия и Океания,388,1991,242,Point(149.22 -37.3114)
http://www.wikidata.org/entity/Q1129872,Купракамбра,Австралия,Австралия и Океания,385.022213232621,1988,242,Point(149.22 -37.3114)
http://www.wikidata.org/entity/Q1129872,Купракамбра,Австралия,Австралия и Океания,385.022213232621,1991,242,Point(149.22 -37.3114)
http://www.wikidata.org/entity/Q1129872,Купракамбра,Австралия,Австралия и Океания,350,1988,242,Point(149.22 -37.3114)
http://www.wikidata.org/entity/Q1129872,Купракамбра,Австралия,Австралия и Океания,350,1991,242,Point(149.22 -37.3114)
http://www.wikidata.org/entity/Q1129872,Купракамбра,Австралия,Австралия и Океания,388,1988,242,Point(149.37069 -37.30486)
http://www.wikidata.org/entity/Q1129872,Купракамбра,Австралия,Австралия и Океания,388,1991,242,Point(149.37069 -37.30486)
http://www.wikidata.org/entity/Q1129872,Купракамбра,Австралия,Австралия и Океания,385.022213232621,1988,242,Point(149.37069 -37.30486)
http://www.wikidata.org/entity/Q1129872,Купракамбра,Австралия,Австралия и Океания,385.022213232621,1991,242,Point(149.37069 -37.30486)
http://www.wikidata.org/entity/Q1129872,Купракамбра,Австралия,Австралия и Океания,350,1988,242,Point(149.37069 -37.30486)
http://www.wikidata.org/entity/Q1129872,Купракамбра,Австралия,Австралия и Океания,350,1991,242,Point(149.37069 -37.30486)
http://www.wikidata.org/entity/Q1129899,Coorong National Park,Австралия,Австралия и Океания,490.1732421875,1967,1,Point(139.553611111 -36.049166666)
http://www.wikidata.org/entity/Q1034937,Capricornia Cays National Park,Австралия,Австралия и Океания,1.85438125610352,2014,,Point(152.288561111 -23.809519444)
http://www.wikidata.org/entity/Q1034937,Capricornia Cays National Park,Австралия,Австралия и Океания,180,2014,,Point(152.288561111 -23.809519444)
http://www.wikidata.org/entity/Q1034937,Capricornia Cays National Park,Австралия,Австралия и Океания,1.85438125610352,2014,,Point(152.09083333 -23.50805556)
http://www.wikidata.org/entity/Q1034937,Capricornia Cays National Park,Австралия,Австралия и Океания,180,2014,,Point(152.09083333 -23.50805556)
http://www.wikidata.org/entity/Q1035333,Национальный парк Анри Питтье,Венесуэла,Южная Америка,1074.41,1937,1191,Point(-67.619 10.38)
http://www.wikidata.org/entity/Q1035375,Caramoan National Park,Филиппины,Азия,316,1938,,Point(123.88333333 13.8)
http://www.wikidata.org/entity/Q1043894,Carnarvon National Park,Австралия,Австралия и Океания,3010.670625,1932,863,Point(147.997 -24.6358)
http://www.wikidata.org/entity/Q1043894,Carnarvon National Park,Австралия,Австралия и Океания,3010.670625,1994,863,Point(147.997 -24.6358)
http://www.wikidata.org/entity/Q1043894,Carnarvon National Park,Австралия,Австралия и Океания,2980,1932,863,Point(147.997 -24.6358)
http://www.wikidata.org/entity/Q1043894,Carnarvon National Park,Австралия,Австралия и Океания,2980,1994,863,Point(147.997 -24.6358)
http://www.wikidata.org/entity/Q1044858,Carrai National Park,Австралия,Австралия и Океания,113.364404296875,1999,,Point(152.241944444 -30.893055555)
http://www.wikidata.org/entity/Q1044858,Carrai National Park,Австралия,Австралия и Океания,11397,1999,,Point(152.241944444 -30.893055555)
http://www.wikidata.org/entity/Q1046851,Cascade National Park,Австралия,Австралия и Океания,362,1999,758,Point(152.808611111 -30.258055555)
http://www.wikidata.org/entity/Q1046851,Cascade National Park,Австралия,Австралия и Океания,36.0224267578125,1999,758,Point(152.808611111 -30.258055555)
http://www.wikidata.org/entity/Q1049361,Castle Tower National Park,Австралия,Австралия и Океания,85.11,1932,313,Point(151.306944444 -24.1575)
http://www.wikidata.org/entity/Q1049361,Castle Tower National Park,Австралия,Австралия и Океания,85.11,2010,313,Point(151.306944444 -24.1575)
http://www.wikidata.org/entity/Q1049361,Castle Tower National Park,Австралия,Австралия и Океания,87.448798828125,1932,313,Point(151.306944444 -24.1575)
http://www.wikidata.org/entity/Q1049361,Castle Tower National Park,Австралия,Австралия и Океания,87.448798828125,2010,313,Point(151.306944444 -24.1575)
http://www.wikidata.org/entity/Q1050363,Cataract National Park,Австралия,Австралия и Океания,3406,2003,,Point(152.33608246 -28.73944444)
http://www.wikidata.org/entity/Q1050363,Cataract National Park,Австралия,Австралия и Океания,3406,2006,,Point(152.33608246 -28.73944444)
http://www.wikidata.org/entity/Q1050363,Cataract National Park,Австралия,Австралия и Океания,34.6044384765625,2003,,Point(152.33608246 -28.73944444)
http://www.wikidata.org/entity/Q1050363,Cataract National Park,Австралия,Австралия и Океания,34.6044384765625,2006,,Point(152.33608246 -28.73944444)
http://www.wikidata.org/entity/Q1050363,Cataract National Park,Австралия,Австралия и Океания,3406,2003,,Point(152.35 -28.75)
http://www.wikidata.org/entity/Q1050363,Cataract National Park,Австралия,Австралия и Океания,3406,2006,,Point(152.35 -28.75)
http://www.wikidata.org/entity/Q1050363,Cataract National Park,Австралия,Австралия и Океания,34.6044384765625,2003,,Point(152.35 -28.75)
http://www.wikidata.org/entity/Q1050363,Cataract National Park,Австралия,Австралия и Океания,34.6044384765625,2006,,Point(152.35 -28.75)
http://www.wikidata.org/entity/Q1050857,Cathedral Rock National Park,Австралия,Австралия и Океания,110.71150390625,1978,1435,Point(152.2511111 -30.415)
http://www.wikidata.org/entity/Q1050857,Cathedral Rock National Park,Австралия,Австралия и Океания,110.71150390625,2013,1435,Point(152.2511111 -30.415)
http://www.wikidata.org/entity/Q1050857,Cathedral Rock National Park,Австралия,Австралия и Океания,109.2,1978,1435,Point(152.2511111 -30.415)
http://www.wikidata.org/entity/Q1050857,Cathedral Rock National Park,Австралия,Австралия и Океания,109.2,2013,1435,Point(152.2511111 -30.415)
http://www.wikidata.org/entity/Q1051319,Cattai National Park,Австралия,Австралия и Океания,0,1992,,Point(150.897 -33.5472)
http://www.wikidata.org/entity/Q1051319,Cattai National Park,Австралия,Австралия и Океания,42,1992,,Point(150.897 -33.5472)
http://www.wikidata.org/entity/Q1051873,Cavernas do Peruaçu National Park,Бразилия,Южная Америка,44.4,1999,,Point(-44.32434 -15.12251)
http://www.wikidata.org/entity/Q1051873,Cavernas do Peruaçu National Park,Бразилия,Южная Америка,520.09,1999,,Point(-44.32434 -15.12251)
http://www.wikidata.org/entity/Q1051873,Cavernas do Peruaçu National Park,Бразилия,Южная Америка,564.48,1999,,Point(-44.32434 -15.12251)
http://www.wikidata.org/entity/Q1051873,Cavernas do Peruaçu National Park,Бразилия,Южная Америка,564.48,1999,,Point(-44.32434 -15.12251)
http://www.wikidata.org/entity/Q1053661,Вестленд,Новая Зеландия,Австралия и Океания,1275,1960,,Point(170.083 -43.567)
http://www.wikidata.org/entity/Q1063366,Charles Darwin National Park,Австралия,Австралия и Океания,135,1998,,Point(130.87333333 -12.45083333)
http://www.wikidata.org/entity/Q1063366,Charles Darwin National Park,Австралия,Австралия и Океания,13.0280639648437,1998,,Point(130.87333333 -12.45083333)
http://www.wikidata.org/entity/Q1068068,El Cocuy National Park,Колумбия,Южная Америка,3058.79,1977,,Point(-72.297709 6.494351)
http://www.wikidata.org/entity/Q1070202,Cherbourg National Park,Австралия,Австралия и Океания,995,2006,397,Point(151.9919941 -26.4112683)
http://www.wikidata.org/entity/Q1070202,Cherbourg National Park,Австралия,Австралия и Океания,9.98022766113281,2006,397,Point(151.9919941 -26.4112683)
http://www.wikidata.org/entity/Q1070790,Chesterton Range National Park,Австралия,Австралия и Океания,309.83232421875,1992,587,Point(147.324166666 -26.154166666)
http://www.wikidata.org/entity/Q1070790,Chesterton Range National Park,Австралия,Австралия и Океания,309.83232421875,1995,587,Point(147.324166666 -26.154166666)
http://www.wikidata.org/entity/Q1070790,Chesterton Range National Park,Австралия,Австралия и Океания,312,1992,587,Point(147.324166666 -26.154166666)
http://www.wikidata.org/entity/Q1070790,Chesterton Range National Park,Австралия,Австралия и Океания,312,1995,587,Point(147.324166666 -26.154166666)
http://www.wikidata.org/entity/Q1070905,Маунт-Аспайринг,Новая Зеландия,Австралия и Океания,3550,1964,,Point(168.732777777 -44.382777777)
http://www.wikidata.org/entity/Q1072838,Поллино,Италия,Европа,1925,1988,,Point(16.126111111 39.931111111)
http://www.wikidata.org/entity/Q1072838,Поллино,Италия,Европа,1711.32,1988,,Point(16.126111111 39.931111111)
http://www.wikidata.org/entity/Q1073037,Chiltern-Mt Pilot National Park,Австралия,Австралия и Океания,216.66029296875,2002,,Point(146.601 -36.1331)
http://www.wikidata.org/entity/Q1073037,Chiltern-Mt Pilot National Park,Австралия,Австралия и Океания,432,2002,,Point(146.601 -36.1331)
http://www.wikidata.org/entity/Q1073037,Chiltern-Mt Pilot National Park,Австралия,Австралия и Океания,216.5,2002,,Point(146.601 -36.1331)
http://www.wikidata.org/entity/Q1075023,Национальный парк Читван,Непал,Азия,952.63,1973,,Point(84.333333 27.5)
http://www.wikidata.org/entity/Q1075023,Национальный парк Читван,Непал,Азия,932,1973,,Point(84.333333 27.5)
http://www.wikidata.org/entity/Q1075091,Чизарира,Зимбабве,Африка,192,1975,,Point(28.16666667 -17.75)
http://www.wikidata.org/entity/Q1075151,Paparoa National Park,Новая Зеландия,Австралия и Океания,300,1987,,Point(171.5 -42.0833)
http://www.wikidata.org/entity/Q1077596,Озеро Ньяса,Малави,Африка,94,1980,,Point(34.883333333 -14.033333333)
http://www.wikidata.org/entity/Q1077596,Озеро Ньяса,Малави,Африка,94,1980,,Point(34.883333333 -14.033333333)
http://www.wikidata.org/entity/Q1080683,Татры,Словакия,Европа,742.914,1949,,Point(19.91944444 49.18027778)
http://www.wikidata.org/entity/Q1080683,Татры,Словакия,Европа,738,1949,,Point(19.91944444 49.18027778)
http://www.wikidata.org/entity/Q1085735,Maiella National Park,Италия,Европа,740.82,1991,,Point(14.06 42.08194444)
http://www.wikidata.org/entity/Q1085735,Maiella National Park,Италия,Европа,628.38,1991,,Point(14.06 42.08194444)
http://www.wikidata.org/entity/Q1089780,Национальный парк острова Рождества,Австралия,Австралия и Океания,87.77,1980,241,Point(105.62316 -10.49153)
http://www.wikidata.org/entity/Q1089780,Национальный парк острова Рождества,Австралия,Австралия и Океания,85,1980,241,Point(105.62316 -10.49153)
http://www.wikidata.org/entity/Q1089860,Черчилл,Австралия,Австралия и Океания,2.71844573974609,1941,132,Point(145.26 -37.9514)
http://www.wikidata.org/entity/Q1089860,Черчилл,Австралия,Австралия и Океания,2.71,1941,132,Point(145.26 -37.9514)
http://www.wikidata.org/entity/Q1089860,Черчилл,Австралия,Австралия и Океания,2.71,1941,132,Point(145.26 -37.9514)
http://www.wikidata.org/entity/Q1091068,Азинара (национальный парк),Италия,Европа,51.7,1997,,Point(8.276 41.058)
http://www.wikidata.org/entity/Q1091068,Азинара (национальный парк),Италия,Европа,51.7,1997,,Point(8.276 41.058)
http://www.wikidata.org/entity/Q1091298,Сила (национальный парк),Италия,Европа,736.95,1997,,Point(16.59194444 39.37611111)
http://www.wikidata.org/entity/Q1091298,Сила (национальный парк),Италия,Европа,737,1997,,Point(16.59194444 39.37611111)
http://www.wikidata.org/entity/Q1094889,Лос-Невадос,Колумбия,Южная Америка,614.3408,1973,4092,Point(-75.366667 4.8)
http://www.wikidata.org/entity/Q1094889,Лос-Невадос,Колумбия,Южная Америка,614.3408,1973,4514,Point(-75.366667 4.8)
http://www.wikidata.org/entity/Q1097024,Tunku Abdul Rahman National Park,Малайзия,Азия,49.29,1974,,Point(116.0 5.96667)
http://www.wikidata.org/entity/Q1102054,Архипелаг Базаруто (национальный парк),Мозамбик,Африка,1430,1971,,Point(35.465927 -21.665724)
http://www.wikidata.org/entity/Q1103359,Clump Mountain National Park,Австралия,Австралия и Океания,3.26029815673828,1963,220,Point(146.095555555 -17.820277777)
http://www.wikidata.org/entity/Q1103359,Clump Mountain National Park,Австралия,Австралия и Океания,3.26029815673828,2010,220,Point(146.095555555 -17.820277777)
http://www.wikidata.org/entity/Q1103359,Clump Mountain National Park,Австралия,Австралия и Океания,31241,1963,220,Point(146.095555555 -17.820277777)
http://www.wikidata.org/entity/Q1103359,Clump Mountain National Park,Австралия,Австралия и Океания,31241,2010,220,Point(146.095555555 -17.820277777)
http://www.wikidata.org/entity/Q1103590,Clyde River National Park,Австралия,Австралия и Океания,10.91,2000,,Point(150.149166666 -35.678333333)
http://www.wikidata.org/entity/Q1103590,Clyde River National Park,Австралия,Австралия и Океания,10.91,2001,,Point(150.149166666 -35.678333333)
http://www.wikidata.org/entity/Q1103590,Clyde River National Park,Австралия,Австралия и Океания,12.6447668457031,2000,,Point(150.149166666 -35.678333333)
http://www.wikidata.org/entity/Q1103590,Clyde River National Park,Австралия,Австралия и Океания,12.6447668457031,2001,,Point(150.149166666 -35.678333333)
http://www.wikidata.org/entity/Q1104316,Coalstoun Lakes National Park,Австралия,Австралия и Океания,263,1929,396,Point(151.909 -25.5978)
http://www.wikidata.org/entity/Q1104316,Coalstoun Lakes National Park,Австралия,Австралия и Океания,263,1994,396,Point(151.909 -25.5978)
http://www.wikidata.org/entity/Q1104316,Coalstoun Lakes National Park,Австралия,Австралия и Океания,0.263139095306397,1929,396,Point(151.909 -25.5978)
http://www.wikidata.org/entity/Q1104316,Coalstoun Lakes National Park,Австралия,Австралия и Океания,0.263139095306397,1994,396,Point(151.909 -25.5978)
http://www.wikidata.org/entity/Q1104632,Коббобуни,Австралия,Австралия и Океания,185.1,2008,,Point(141.446 -38.1264)
http://www.wikidata.org/entity/Q1104632,Коббобуни,Австралия,Австралия и Океания,185.254296875,2008,,Point(141.446 -38.1264)
http://www.wikidata.org/entity/Q1104632,Коббобуни,Австралия,Австралия и Океания,1851,2008,,Point(141.446 -38.1264)
http://www.wikidata.org/entity/Q1105456,Cocoparra National Park,Австралия,Австралия и Океания,82.987451171875,1969,302,Point(146.2177778 -34.131666666)
http://www.wikidata.org/entity/Q1105456,Cocoparra National Park,Австралия,Австралия и Океания,82.987451171875,1983,302,Point(146.2177778 -34.131666666)
http://www.wikidata.org/entity/Q1105456,Cocoparra National Park,Австралия,Австралия и Океания,84,1969,302,Point(146.2177778 -34.131666666)
http://www.wikidata.org/entity/Q1105456,Cocoparra National Park,Австралия,Австралия и Океания,84,1983,302,Point(146.2177778 -34.131666666)
http://www.wikidata.org/entity/Q1106855,Coffin Bay National Park,Австралия,Австралия и Океания,310.6319921875,1982,17,Point(135.322 -34.5822)
http://www.wikidata.org/entity/Q1106855,Coffin Bay National Park,Австралия,Австралия и Океания,310.6319921875,1999,17,Point(135.322 -34.5822)
http://www.wikidata.org/entity/Q1106855,Coffin Bay National Park,Австралия,Австралия и Океания,310,1982,17,Point(135.322 -34.5822)
http://www.wikidata.org/entity/Q1106855,Coffin Bay National Park,Австралия,Австралия и Океания,310,1999,17,Point(135.322 -34.5822)
http://www.wikidata.org/entity/Q1107102,Ватаму,Кения,Африка,10,1968,,Point(40.01638889 -3.36777778)
http://www.wikidata.org/entity/Q1107102,Ватаму,Кения,Африка,32,1968,,Point(40.01638889 -3.36777778)
http://www.wikidata.org/entity/Q1130061,Фрэнк-Ханн,Австралия,Австралия и Океания,676,1972,287,Point(120.237 -32.9281)
http://www.wikidata.org/entity/Q1130900,Юкла (национальный парк),Австралия,Австралия и Океания,33,1979,99,Point(128.945 -31.6803)
http://www.wikidata.org/entity/Q1130900,Юкла (национальный парк),Австралия,Австралия и Океания,37.932373046875,1979,99,Point(128.945 -31.6803)
http://www.wikidata.org/entity/Q1132114,Cordalba National Park,Австралия,Австралия и Океания,2473,2007,,Point(152.0962645 -25.1153518)
http://www.wikidata.org/entity/Q1132114,Cordalba National Park,Австралия,Австралия и Океания,24.7692114257813,2007,,Point(152.0962645 -25.1153518)
http://www.wikidata.org/entity/Q1132181,Serra do Divisor National Park,Бразилия,Южная Америка,8463,1989,253,Point(-73.33 -8.36)
http://www.wikidata.org/entity/Q1132181,Serra do Divisor National Park,Бразилия,Южная Америка,8362.2,1989,253,Point(-73.33 -8.36)
http://www.wikidata.org/entity/Q1134729,Thirlmere Lakes National Park,Австралия,Австралия и Океания,63,1972,343,Point(150.5511111 -34.215)
http://www.wikidata.org/entity/Q1134729,Thirlmere Lakes National Park,Австралия,Австралия и Океания,63,2009,343,Point(150.5511111 -34.215)
http://www.wikidata.org/entity/Q1134729,Thirlmere Lakes National Park,Австралия,Австралия и Океания,6.6233154296875,1972,343,Point(150.5511111 -34.215)
http://www.wikidata.org/entity/Q1134729,Thirlmere Lakes National Park,Австралия,Австралия и Океания,6.6233154296875,2009,343,Point(150.5511111 -34.215)
http://www.wikidata.org/entity/Q1135796,Наракортские пещеры,Австралия,Австралия и Океания,305,1994,70,Point(140.796666666 -37.036111111)
http://www.wikidata.org/entity/Q1135796,Наракортские пещеры,Австралия,Австралия и Океания,305,2011,70,Point(140.796666666 -37.036111111)
http://www.wikidata.org/entity/Q1135796,Наракортские пещеры,Австралия,Австралия и Океания,6.58,1994,70,Point(140.796666666 -37.036111111)
http://www.wikidata.org/entity/Q1135796,Наракортские пещеры,Австралия,Австралия и Океания,6.58,2011,70,Point(140.796666666 -37.036111111)
http://www.wikidata.org/entity/Q1136689,Cottan-Bimbang National Park,Австралия,Австралия и Океания,269,1999,,Point(152.133888888 -31.350555555)
http://www.wikidata.org/entity/Q1136689,Cottan-Bimbang National Park,Австралия,Австралия и Океания,269,2003,,Point(152.133888888 -31.350555555)
http://www.wikidata.org/entity/Q1136689,Cottan-Bimbang National Park,Австралия,Австралия и Океания,305.77798828125,1999,,Point(152.133888888 -31.350555555)
http://www.wikidata.org/entity/Q1136689,Cottan-Bimbang National Park,Австралия,Австралия и Океания,305.77798828125,2003,,Point(152.133888888 -31.350555555)
http://www.wikidata.org/entity/Q1136747,Serra do Cipó National Park,Бразилия,Южная Америка,316.39,1984,,Point(-43.619444 -19.349167)
http://www.wikidata.org/entity/Q1136747,Serra do Cipó National Park,Бразилия,Южная Америка,310,1984,,Point(-43.619444 -19.349167)
http://www.wikidata.org/entity/Q1400468,Kurrimine Beach National Park,Австралия,Австралия и Океания,91,1977,4,Point(146.09555556 -17.73222222)
http://www.wikidata.org/entity/Q1400468,Kurrimine Beach National Park,Австралия,Австралия и Океания,91,1994,4,Point(146.09555556 -17.73222222)
http://www.wikidata.org/entity/Q1400468,Kurrimine Beach National Park,Австралия,Австралия и Океания,8.94440612792969,1977,4,Point(146.09555556 -17.73222222)
http://www.wikidata.org/entity/Q1400468,Kurrimine Beach National Park,Австралия,Австралия и Океания,8.94440612792969,1994,4,Point(146.09555556 -17.73222222)
http://www.wikidata.org/entity/Q1400776,Varangerhalvøya National Park,Норвегия,Европа,1804,2006,,Point(29.633333333 70.333333333)
http://www.wikidata.org/entity/Q1400776,Varangerhalvøya National Park,Норвегия,Европа,1818110.39,2006,,Point(29.633333333 70.333333333)
http://www.wikidata.org/entity/Q1404574,Фемуннсмарка,Норвегия,Европа,596.8733695,1971,,Point(12.116666666 62.216666666)
http://www.wikidata.org/entity/Q1404574,Фемуннсмарка,Норвегия,Европа,573,1971,,Point(12.116666666 62.216666666)
http://www.wikidata.org/entity/Q1410343,Orpheus Island National Park,Австралия,Австралия и Океания,12.4205285644531,1960,140,Point(146.49361111 -18.61833333)
http://www.wikidata.org/entity/Q1410343,Orpheus Island National Park,Австралия,Австралия и Океания,12.4205285644531,2000,140,Point(146.49361111 -18.61833333)
http://www.wikidata.org/entity/Q1410343,Orpheus Island National Park,Австралия,Австралия и Океания,13,1960,140,Point(146.49361111 -18.61833333)
http://www.wikidata.org/entity/Q1410343,Orpheus Island National Park,Австралия,Австралия и Океания,13,2000,140,Point(146.49361111 -18.61833333)
http://www.wikidata.org/entity/Q1412844,Шар-Планина,Республика Косово,Европа,532.72,1986,,Point(20.924644444 42.202471944)
http://www.wikidata.org/entity/Q1412844,Шар-Планина,Республика Косово,Европа,532.72,2012,,Point(20.924644444 42.202471944)
http://www.wikidata.org/entity/Q1412844,Шар-Планина,Республика Косово,Европа,532.72,1986,,Point(21.01666667 42.21666667)
http://www.wikidata.org/entity/Q1412844,Шар-Планина,Республика Косово,Европа,532.72,2012,,Point(21.01666667 42.21666667)
http://www.wikidata.org/entity/Q1416459,Great Basalt Wall National Park,Австралия,Австралия и Океания,352,1987,498,Point(145.72138889 -19.88111111)
http://www.wikidata.org/entity/Q1416459,Great Basalt Wall National Park,Австралия,Австралия и Океания,352,1994,498,Point(145.72138889 -19.88111111)
http://www.wikidata.org/entity/Q1416459,Great Basalt Wall National Park,Австралия,Австралия и Океания,350.62375,1987,498,Point(145.72138889 -19.88111111)
http://www.wikidata.org/entity/Q1416459,Great Basalt Wall National Park,Австралия,Австралия и Океания,350.62375,1994,498,Point(145.72138889 -19.88111111)
http://www.wikidata.org/entity/Q1416801,Ravensbourne National Park,Австралия,Австралия и Океания,6.87875366210938,1922,619,Point(152.20166667 -27.35666667)
http://www.wikidata.org/entity/Q1416801,Ravensbourne National Park,Австралия,Австралия и Океания,6.87875366210938,2006,619,Point(152.20166667 -27.35666667)
http://www.wikidata.org/entity/Q1416801,Ravensbourne National Park,Австралия,Австралия и Океания,686,1922,619,Point(152.20166667 -27.35666667)
http://www.wikidata.org/entity/Q1416801,Ravensbourne National Park,Австралия,Австралия и Океания,686,2006,619,Point(152.20166667 -27.35666667)
http://www.wikidata.org/entity/Q1418472,Finucane Island National Park,Австралия,Австралия и Океания,761,2008,,Point(139.77833333 -17.62333333)
http://www.wikidata.org/entity/Q1418472,Finucane Island National Park,Австралия,Австралия и Океания,74.927578125,2008,,Point(139.77833333 -17.62333333)
http://www.wikidata.org/entity/Q1421202,Каттьен,Вьетнам,Азия,738.78,1978,159,Point(107.151388888 11.347222222)
http://www.wikidata.org/entity/Q1421202,Каттьен,Вьетнам,Азия,738.78,1978,159,Point(107.323888888 11.470555555)
http://www.wikidata.org/entity/Q1421348,Фицджералд-Ривер,Австралия,Австралия и Океания,2948.63168945313,1973,60,Point(119.615 -33.9475)
http://www.wikidata.org/entity/Q1421348,Фицджералд-Ривер,Австралия,Австралия и Океания,2948.63168945313,1997,60,Point(119.615 -33.9475)
http://www.wikidata.org/entity/Q1421348,Фицджералд-Ривер,Австралия,Австралия и Океания,2957.2534007111,1973,60,Point(119.615 -33.9475)
http://www.wikidata.org/entity/Q1421348,Фицджералд-Ривер,Австралия,Австралия и Океания,2957.2534007111,1997,60,Point(119.615 -33.9475)
http://www.wikidata.org/entity/Q1421348,Фицджералд-Ривер,Австралия,Австралия и Океания,2972.11,1973,60,Point(119.615 -33.9475)
http://www.wikidata.org/entity/Q1421348,Фицджералд-Ривер,Австралия,Австралия и Океания,2972.11,1997,60,Point(119.615 -33.9475)
http://www.wikidata.org/entity/Q1421348,Фицджералд-Ривер,Австралия,Австралия и Океания,8.43130187988281,1973,60,Point(119.615 -33.9475)
http://www.wikidata.org/entity/Q1421348,Фицджералд-Ривер,Австралия,Австралия и Океания,8.43130187988281,1997,60,Point(119.615 -33.9475)
http://www.wikidata.org/entity/Q1421379,Fitzroy Island National Park,Австралия,Австралия и Океания,3.08073638916016,1939,375,Point(145.992222222 -16.93)
http://www.wikidata.org/entity/Q1421379,Fitzroy Island National Park,Австралия,Австралия и Океания,3.08073638916016,2000,375,Point(145.992222222 -16.93)
http://www.wikidata.org/entity/Q1421379,Fitzroy Island National Park,Австралия,Австралия и Океания,3.24,1939,375,Point(145.992222222 -16.93)
http://www.wikidata.org/entity/Q1421379,Fitzroy Island National Park,Австралия,Австралия и Океания,3.24,2000,375,Point(145.992222222 -16.93)
http://www.wikidata.org/entity/Q1764854,Cabo Orange National Park,Бразилия,Южная Америка,6190,1980,,Point(-51.51666667 4.43333333)
http://www.wikidata.org/entity/Q1764854,Cabo Orange National Park,Бразилия,Южная Америка,6573.28,1980,,Point(-51.51666667 4.43333333)
http://www.wikidata.org/entity/Q1764854,Cabo Orange National Park,Бразилия,Южная Америка,2196.14,1980,,Point(-51.51666667 4.43333333)
http://www.wikidata.org/entity/Q1764854,Cabo Orange National Park,Бразилия,Южная Америка,4377.15,1980,,Point(-51.51666667 4.43333333)
http://www.wikidata.org/entity/Q1765390,Pacaás Novos National Park,Бразилия,Южная Америка,7086.8,1979,300,Point(-63.43 -11.16)
http://www.wikidata.org/entity/Q1765390,Pacaás Novos National Park,Бразилия,Южная Америка,7648,1979,300,Point(-63.43 -11.16)
http://www.wikidata.org/entity/Q1765473,Paroo-Darling National Park,Австралия,Австралия и Океания,1.78053,2000,,Point(143.52028 -30.67361)
http://www.wikidata.org/entity/Q1765473,Paroo-Darling National Park,Австралия,Австралия и Океания,1.78053,2013,,Point(143.52028 -30.67361)
http://www.wikidata.org/entity/Q1765473,Paroo-Darling National Park,Австралия,Австралия и Океания,1771.4640625,2000,,Point(143.52028 -30.67361)
http://www.wikidata.org/entity/Q1765473,Paroo-Darling National Park,Австралия,Австралия и Океания,1771.4640625,2013,,Point(143.52028 -30.67361)
http://www.wikidata.org/entity/Q1765473,Paroo-Darling National Park,Австралия,Австралия и Океания,1.78053,2000,,Point(143.9 -31.52)
http://www.wikidata.org/entity/Q1765473,Paroo-Darling National Park,Австралия,Австралия и Океания,1.78053,2013,,Point(143.9 -31.52)
http://www.wikidata.org/entity/Q1765473,Paroo-Darling National Park,Австралия,Австралия и Океания,1771.4640625,2000,,Point(143.9 -31.52)
http://www.wikidata.org/entity/Q1765473,Paroo-Darling National Park,Австралия,Австралия и Океания,1771.4640625,2013,,Point(143.9 -31.52)
http://www.wikidata.org/entity/Q1766106,Кудремук,Индия,Азия,600.32,1916,1894,Point(75.268552777 13.129511111)
http://www.wikidata.org/entity/Q1767601,Низкие Татры (национальный парк),Словакия,Европа,728.42,1978,,Point(19.6325 48.92555556)
http://www.wikidata.org/entity/Q1767601,Низкие Татры (национальный парк),Словакия,Европа,760.73423,1978,,Point(19.6325 48.92555556)
http://www.wikidata.org/entity/Q1769988,Tarong National Park,Австралия,Австралия и Океания,15.1779382324219,1995,553,Point(151.8460028 -26.8374852)
http://www.wikidata.org/entity/Q1769988,Tarong National Park,Австралия,Австралия и Океания,15.1779382324219,2006,553,Point(151.8460028 -26.8374852)
http://www.wikidata.org/entity/Q1769988,Tarong National Park,Австралия,Австралия и Океания,152,1995,553,Point(151.8460028 -26.8374852)
http://www.wikidata.org/entity/Q1769988,Tarong National Park,Австралия,Австралия и Океания,152,2006,553,Point(151.8460028 -26.8374852)
http://www.wikidata.org/entity/Q1769988,Tarong National Park,Австралия,Австралия и Океания,15.1779382324219,1995,553,Point(151.861944444 -26.811666666)
http://www.wikidata.org/entity/Q1769988,Tarong National Park,Австралия,Австралия и Океания,15.1779382324219,2006,553,Point(151.861944444 -26.811666666)
http://www.wikidata.org/entity/Q1769988,Tarong National Park,Австралия,Австралия и Океания,152,1995,553,Point(151.861944444 -26.811666666)
http://www.wikidata.org/entity/Q1769988,Tarong National Park,Австралия,Австралия и Океания,152,2006,553,Point(151.861944444 -26.811666666)
http://www.wikidata.org/entity/Q1772511,Mapleton Falls National Park,Австралия,Австралия и Океания,259,1973,414,Point(152.83888889 -26.63055556)
http://www.wikidata.org/entity/Q1772511,Mapleton Falls National Park,Австралия,Австралия и Океания,259,2001,414,Point(152.83888889 -26.63055556)
http://www.wikidata.org/entity/Q1772511,Mapleton Falls National Park,Австралия,Австралия и Океания,0.258639392852783,1973,414,Point(152.83888889 -26.63055556)
http://www.wikidata.org/entity/Q1772511,Mapleton Falls National Park,Австралия,Австралия и Океания,0.258639392852783,2001,414,Point(152.83888889 -26.63055556)
http://www.wikidata.org/entity/Q1773441,Национальный парк Намиб-Науклуфт,Намибия,Африка,49789,1979,,Point(15.32972222 -24.54638889)
http://www.wikidata.org/entity/Q1781175,Kondalilla National Park,Австралия,Австралия и Океания,1591,1945,394,Point(152.85833333 -26.66805556)
http://www.wikidata.org/entity/Q1781175,Kondalilla National Park,Австралия,Австралия и Океания,1591,2010,394,Point(152.85833333 -26.66805556)
http://www.wikidata.org/entity/Q1781175,Kondalilla National Park,Австралия,Австралия и Океания,15.6817395019531,1945,394,Point(152.85833333 -26.66805556)
http://www.wikidata.org/entity/Q1781175,Kondalilla National Park,Австралия,Австралия и Океания,15.6817395019531,2010,394,Point(152.85833333 -26.66805556)
http://www.wikidata.org/entity/Q1782797,Рубондо-Айленд,Танзания,Африка,480,1965,,Point(31.833333333 -2.3)
http://www.wikidata.org/entity/Q1782797,Рубондо-Айленд,Танзания,Африка,480,1977,,Point(31.833333333 -2.3)
http://www.wikidata.org/entity/Q1783680,Пьенины,Словакия,Европа,37.11905,1967,,Point(20.456944444 49.4)
http://www.wikidata.org/entity/Q1783680,Пьенины,Словакия,Европа,37.5,1967,,Point(20.456944444 49.4)
http://www.wikidata.org/entity/Q1783768,Pinnacles National Park,США,Северная Америка,107.86,2013,,Point(-121.167 36.4869)
http://www.wikidata.org/entity/Q918211,Mbam Djerem National Park,Камерун,Африка,4165,2000,,Point(12.75 5.83333333)
http://www.wikidata.org/entity/Q918256,Witjira National Park,Австралия,Австралия и Океания,7.7,1985,105,Point(135.63 -26.3717)
http://www.wikidata.org/entity/Q918256,Witjira National Park,Австралия,Австралия и Океания,7680.955,1985,105,Point(135.63 -26.3717)
http://www.wikidata.org/entity/Q918615,Дайамантина (национальный парк),Австралия,Австралия и Океания,5112.338125,1993,123,Point(141.136111111 -23.357222222)
http://www.wikidata.org/entity/Q918615,Дайамантина (национальный парк),Австралия,Австралия и Океания,5070,1993,123,Point(141.136111111 -23.357222222)
http://www.wikidata.org/entity/Q920056,Lincoln National Park,Австралия,Австралия и Океания,315,1941,147,Point(135.87 -34.8678)
http://www.wikidata.org/entity/Q920056,Lincoln National Park,Австралия,Австралия и Океания,315,1999,147,Point(135.87 -34.8678)
http://www.wikidata.org/entity/Q920056,Lincoln National Park,Австралия,Австралия и Океания,216.9076953125,1941,147,Point(135.87 -34.8678)
http://www.wikidata.org/entity/Q920056,Lincoln National Park,Австралия,Австралия и Океания,216.9076953125,1999,147,Point(135.87 -34.8678)
http://www.wikidata.org/entity/Q921082,Национальный морской парк Закинфа,Греция,Европа,104.33,1999,,Point(20.9 37.7833)
http://www.wikidata.org/entity/Q921508,Finke Gorge National Park,Австралия,Австралия и Океания,45843,1966,644,Point(132.818 -24.1447)
http://www.wikidata.org/entity/Q921508,Finke Gorge National Park,Австралия,Австралия и Океания,45843,2010,644,Point(132.818 -24.1447)
http://www.wikidata.org/entity/Q921508,Finke Gorge National Park,Австралия,Австралия и Океания,45843,2011,644,Point(132.818 -24.1447)
http://www.wikidata.org/entity/Q921508,Finke Gorge National Park,Австралия,Австралия и Океания,94.7771796703339,1966,644,Point(132.818 -24.1447)
http://www.wikidata.org/entity/Q921508,Finke Gorge National Park,Австралия,Австралия и Океания,94.7771796703339,2010,644,Point(132.818 -24.1447)
http://www.wikidata.org/entity/Q921508,Finke Gorge National Park,Австралия,Австралия и Океания,94.7771796703339,2011,644,Point(132.818 -24.1447)
http://www.wikidata.org/entity/Q921508,Finke Gorge National Park,Австралия,Австралия и Океания,358.161280713081,1966,644,Point(132.818 -24.1447)
http://www.wikidata.org/entity/Q921508,Finke Gorge National Park,Австралия,Австралия и Океания,358.161280713081,2010,644,Point(132.818 -24.1447)
http://www.wikidata.org/entity/Q921508,Finke Gorge National Park,Австралия,Австралия и Океания,358.161280713081,2011,644,Point(132.818 -24.1447)
http://www.wikidata.org/entity/Q921864,Broad Sound Islands National Park,Австралия,Австралия и Океания,24.62501953125,2000,59,Point(149.787222222 -21.813611111)
http://www.wikidata.org/entity/Q921864,Broad Sound Islands National Park,Австралия,Австралия и Океания,276,2000,59,Point(149.787222222 -21.813611111)
http://www.wikidata.org/entity/Q1359321,Kroombit Tops National Park,Австралия,Австралия и Океания,4326,1974,865,Point(150.958333333 -24.400833333)
http://www.wikidata.org/entity/Q1359321,Kroombit Tops National Park,Австралия,Австралия и Океания,4326,2006,865,Point(150.958333333 -24.400833333)
http://www.wikidata.org/entity/Q1360023,Mount Aberdeen National Park,Австралия,Австралия и Океания,29.4321240234375,1967,791,Point(147.921111111 -20.198611111)
http://www.wikidata.org/entity/Q1360023,Mount Aberdeen National Park,Австралия,Австралия и Океания,29.4321240234375,2010,791,Point(147.921111111 -20.198611111)
http://www.wikidata.org/entity/Q631981,Ubajara National Park,Бразилия,Южная Америка,63,1959,596,Point(-40.89797967 -3.766282)
http://www.wikidata.org/entity/Q631981,Ubajara National Park,Бразилия,Южная Америка,62.69,1959,596,Point(-40.89797967 -3.766282)
http://www.wikidata.org/entity/Q634183,Puyehue National Park,Чили,Южная Америка,1067.5709,1941,,Point(-72.08444444 -40.64888889)
http://www.wikidata.org/entity/Q635414,Vesuvius National Park,Италия,Европа,72.59,1991,,Point(14.427 40.817)
http://www.wikidata.org/entity/Q635414,Vesuvius National Park,Италия,Европа,72.6,1991,,Point(14.427 40.817)
http://www.wikidata.org/entity/Q636823,Сент-Лоуренс-Айлендс,Канада,Северная Америка,23.5,1904,,Point(-75.955 44.3525)
http://www.wikidata.org/entity/Q637968,Маунт-Ричмонд,Австралия,Австралия и Океания,17.3781970214844,1960,140,Point(141.425 -38.2703)
http://www.wikidata.org/entity/Q637968,Маунт-Ричмонд,Австралия,Австралия и Океания,17.3781970214844,1987,140,Point(141.425 -38.2703)
http://www.wikidata.org/entity/Q637968,Маунт-Ричмонд,Австралия,Австралия и Океания,1733,1960,140,Point(141.425 -38.2703)
http://www.wikidata.org/entity/Q637968,Маунт-Ричмонд,Австралия,Австралия и Океания,1733,1987,140,Point(141.425 -38.2703)
http://www.wikidata.org/entity/Q980397,Ghin-Doo-Ee National Park,Австралия,Австралия и Океания,4819,1999,,Point(152.116944444 -32.262222222)
http://www.wikidata.org/entity/Q980397,Ghin-Doo-Ee National Park,Австралия,Австралия и Океания,4819,2003,,Point(152.116944444 -32.262222222)
http://www.wikidata.org/entity/Q980397,Ghin-Doo-Ee National Park,Австралия,Австралия и Океания,47.965556640625,1999,,Point(152.116944444 -32.262222222)
http://www.wikidata.org/entity/Q980397,Ghin-Doo-Ee National Park,Австралия,Австралия и Океания,47.965556640625,2003,,Point(152.116944444 -32.262222222)
http://www.wikidata.org/entity/Q985228,Frankland Group National Park,Австралия,Австралия и Океания,0.834307098388672,1994,,Point(146.011666666 -17.163611111)
http://www.wikidata.org/entity/Q985228,Frankland Group National Park,Австралия,Австралия и Океания,0.834307098388672,1998,,Point(146.011666666 -17.163611111)
http://www.wikidata.org/entity/Q985228,Frankland Group National Park,Австралия,Австралия и Океания,942,1994,,Point(146.011666666 -17.163611111)
http://www.wikidata.org/entity/Q985228,Frankland Group National Park,Австралия,Австралия и Океания,942,1998,,Point(146.011666666 -17.163611111)
http://www.wikidata.org/entity/Q985251,Macalister Range National Park,Австралия,Австралия и Океания,55.643798828125,2010,,Point(145.57333333 -16.695)
http://www.wikidata.org/entity/Q985251,Macalister Range National Park,Австралия,Австралия и Океания,5563,2010,,Point(145.57333333 -16.695)
http://www.wikidata.org/entity/Q993154,Томорр (национальный парк),Албания,Европа,260.86,1956,,Point(20.13333333 40.7)
http://www.wikidata.org/entity/Q993154,Томорр (национальный парк),Албания,Европа,24.7231,1956,,Point(20.13333333 40.7)
http://www.wikidata.org/entity/Q997788,Isla Gorge National Park,Австралия,Австралия и Океания,78.61287109375,1964,271,Point(149.945 -25.169444444)
http://www.wikidata.org/entity/Q997788,Isla Gorge National Park,Австралия,Австралия и Океания,78.61287109375,1994,271,Point(149.945 -25.169444444)
http://www.wikidata.org/entity/Q997788,Isla Gorge National Park,Австралия,Австралия и Океания,785,1964,271,Point(149.945 -25.169444444)
http://www.wikidata.org/entity/Q997788,Isla Gorge National Park,Австралия,Австралия и Океания,785,1994,271,Point(149.945 -25.169444444)
http://www.wikidata.org/entity/Q999301,Dryander National Park,Австралия,Австралия и Океания,132.12587890625,1938,57,Point(148.565833333 -20.218055555)
http://www.wikidata.org/entity/Q1034936,Capricorn Coast National Park,Австралия,Австралия и Океания,175,2006,84,Point(150.743888888 -23.122222222)
http://www.wikidata.org/entity/Q1034937,Capricornia Cays National Park,Австралия,Австралия и Океания,1.85438125610352,1994,,Point(152.288561111 -23.809519444)
http://www.wikidata.org/entity/Q1034937,Capricornia Cays National Park,Австралия,Австралия и Океания,180,1994,,Point(152.288561111 -23.809519444)
http://www.wikidata.org/entity/Q1034937,Capricornia Cays National Park,Австралия,Австралия и Океания,1.85438125610352,1994,,Point(152.09083333 -23.50805556)
http://www.wikidata.org/entity/Q1034937,Capricornia Cays National Park,Австралия,Австралия и Океания,180,1994,,Point(152.09083333 -23.50805556)
http://www.wikidata.org/entity/Q1359282,Hull River National Park,Австралия,Австралия и Океания,36.5363549804688,2008,27,Point(146.07 -17.9561)
http://www.wikidata.org/entity/Q1359282,Hull River National Park,Австралия,Австралия и Океания,3695,2008,27,Point(146.07 -17.9561)
http://www.wikidata.org/entity/Q1359321,Kroombit Tops National Park,Австралия,Австралия и Океания,432.1696484375,1974,865,Point(150.958333333 -24.400833333)
http://www.wikidata.org/entity/Q1359321,Kroombit Tops National Park,Австралия,Австралия и Океания,432.1696484375,2006,865,Point(150.958333333 -24.400833333)
http://www.wikidata.org/entity/Q1394640,Family Islands National Park,Австралия,Австралия и Океания,6.279013671875,2013,37,Point(146.135277777 -17.925833333)
http://www.wikidata.org/entity/Q1394640,Family Islands National Park,Австралия,Австралия и Океания,663,1994,37,Point(146.135277777 -17.925833333)
http://www.wikidata.org/entity/Q1394640,Family Islands National Park,Австралия,Австралия и Океания,663,2013,37,Point(146.135277777 -17.925833333)
http://www.wikidata.org/entity/Q1395739,Кемери,Латвия,Европа,381.65,1997,,Point(23.5125 56.9517)
http://www.wikidata.org/entity/Q1397016,Faro National Park,Камерун,Африка,3300,1980,,Point(12.666666666 8.166666666)
http://www.wikidata.org/entity/Q1398891,Стуре Моссе,Швеция,Европа,10.99696,1982,,Point(13.943826842 57.284936793)
http://www.wikidata.org/entity/Q1398891,Стуре Моссе,Швеция,Европа,2.6404,1982,,Point(13.943826842 57.284936793)
http://www.wikidata.org/entity/Q1398891,Стуре Моссе,Швеция,Европа,76.748,1982,,Point(13.943826842 57.284936793)
http://www.wikidata.org/entity/Q1398891,Стуре Моссе,Швеция,Европа,74.1069,1982,,Point(13.943826842 57.284936793)
http://www.wikidata.org/entity/Q1109452,Collier Range National Park,Австралия,Австралия и Океания,2.351,1978,647,Point(119.272 -24.6236)
http://www.wikidata.org/entity/Q1320113,Nui Chua National Park,Вьетнам,Азия,298.65,2003,,Point(109.15277778 11.70027778)
http://www.wikidata.org/entity/Q1320619,Mary River National Park,Австралия,Австралия и Океания,0.0395309972763061,2002,15,Point(131.285555555 -12.133333333)
http://www.wikidata.org/entity/Q1320619,Mary River National Park,Австралия,Австралия и Океания,0.0395309972763061,2007,15,Point(131.285555555 -12.133333333)
http://www.wikidata.org/entity/Q1320619,Mary River National Park,Австралия,Австралия и Океания,0.0395309972763061,2012,15,Point(131.285555555 -12.133333333)
http://www.wikidata.org/entity/Q1320619,Mary River National Park,Австралия,Австралия и Океания,1.14,2002,15,Point(131.285555555 -12.133333333)
http://www.wikidata.org/entity/Q1320619,Mary River National Park,Австралия,Австралия и Океания,1.14,2007,15,Point(131.285555555 -12.133333333)
http://www.wikidata.org/entity/Q1320619,Mary River National Park,Австралия,Австралия и Океания,1.14,2012,15,Point(131.285555555 -12.133333333)
http://www.wikidata.org/entity/Q1320619,Mary River National Park,Австралия,Австралия и Океания,1215.20606348038,2002,15,Point(131.285555555 -12.133333333)
http://www.wikidata.org/entity/Q1320619,Mary River National Park,Австралия,Австралия и Океания,1215.20606348038,2007,15,Point(131.285555555 -12.133333333)
http://www.wikidata.org/entity/Q1320619,Mary River National Park,Австралия,Австралия и Океания,1215.20606348038,2012,15,Point(131.285555555 -12.133333333)
http://www.wikidata.org/entity/Q1320619,Mary River National Park,Австралия,Австралия и Океания,0.0395309972763061,2002,15,Point(131.286 -12.133)
http://www.wikidata.org/entity/Q1320619,Mary River National Park,Австралия,Австралия и Океания,0.0395309972763061,2007,15,Point(131.286 -12.133)
http://www.wikidata.org/entity/Q1320619,Mary River National Park,Австралия,Австралия и Океания,0.0395309972763061,2012,15,Point(131.286 -12.133)
http://www.wikidata.org/entity/Q1320619,Mary River National Park,Австралия,Австралия и Океания,1.14,2002,15,Point(131.286 -12.133)
http://www.wikidata.org/entity/Q1320619,Mary River National Park,Австралия,Австралия и Океания,1.14,2007,15,Point(131.286 -12.133)
http://www.wikidata.org/entity/Q1320619,Mary River National Park,Австралия,Австралия и Океания,1.14,2012,15,Point(131.286 -12.133)
http://www.wikidata.org/entity/Q1320619,Mary River National Park,Австралия,Австралия и Океания,1215.20606348038,2002,15,Point(131.286 -12.133)
http://www.wikidata.org/entity/Q1320619,Mary River National Park,Австралия,Австралия и Океания,1215.20606348038,2007,15,Point(131.286 -12.133)
http://www.wikidata.org/entity/Q1320619,Mary River National Park,Австралия,Австралия и Океания,1215.20606348038,2012,15,Point(131.286 -12.133)
http://www.wikidata.org/entity/Q1107102,Ватаму,Кения,Африка,42,1968,,Point(40.01638889 -3.36777778)
http://www.wikidata.org/entity/Q1107161,Okomu National Park,Нигерия,Африка,19712,1999,,Point(5.26667 6.33333)
http://www.wikidata.org/entity/Q1107161,Okomu National Park,Нигерия,Африка,19712,1999,,Point(5.46666667 6.41666667)
http://www.wikidata.org/entity/Q1107175,Камуку (национальный парк),Нигерия,Африка,1.12,1999,,Point(6.5 10.75)
http://www.wikidata.org/entity/Q1109041,Manda National Park,Чад,Африка,1140,1967,,Point(17.940277777 9.294166666)
http://www.wikidata.org/entity/Q1109452,Collier Range National Park,Австралия,Австралия и Океания,2352.22796875,1978,647,Point(119.272 -24.6236)
http://www.wikidata.org/entity/Q1109452,Collier Range National Park,Австралия,Австралия и Океания,2352.22796875,1993,647,Point(119.272 -24.6236)
http://www.wikidata.org/entity/Q1129899,Coorong National Park,Австралия,Австралия и Океания,490.1732421875,2011,1,Point(139.553611111 -36.049166666)
http://www.wikidata.org/entity/Q1129899,Coorong National Park,Австралия,Австралия и Океания,467,1967,1,Point(139.553611111 -36.049166666)
http://www.wikidata.org/entity/Q1129899,Coorong National Park,Австралия,Австралия и Океания,467,2011,1,Point(139.553611111 -36.049166666)
http://www.wikidata.org/entity/Q1130056,Yalgorup National Park,Австралия,Австралия и Океания,130.321337890625,1966,,Point(115.672 -32.8572)
http://www.wikidata.org/entity/Q1130056,Yalgorup National Park,Австралия,Австралия и Океания,130.321337890625,1976,,Point(115.672 -32.8572)
http://www.wikidata.org/entity/Q1130056,Yalgorup National Park,Австралия,Австралия и Океания,130.321337890625,2001,,Point(115.672 -32.8572)
http://www.wikidata.org/entity/Q1130056,Yalgorup National Park,Австралия,Австралия и Океания,130.321337890625,2002,,Point(115.672 -32.8572)
http://www.wikidata.org/entity/Q1130056,Yalgorup National Park,Австралия,Австралия и Океания,130.321337890625,2017,,Point(115.672 -32.8572)
http://www.wikidata.org/entity/Q1130056,Yalgorup National Park,Австралия,Австралия и Океания,10.0170043945313,1966,,Point(115.672 -32.8572)
http://www.wikidata.org/entity/Q1130056,Yalgorup National Park,Австралия,Австралия и Океания,10.0170043945313,1976,,Point(115.672 -32.8572)
http://www.wikidata.org/entity/Q1130056,Yalgorup National Park,Австралия,Австралия и Океания,10.0170043945313,2001,,Point(115.672 -32.8572)
http://www.wikidata.org/entity/Q1130056,Yalgorup National Park,Австралия,Австралия и Океания,10.0170043945313,2002,,Point(115.672 -32.8572)
http://www.wikidata.org/entity/Q1130056,Yalgorup National Park,Австралия,Австралия и Океания,10.0170043945313,2017,,Point(115.672 -32.8572)
http://www.wikidata.org/entity/Q1130056,Yalgorup National Park,Австралия,Австралия и Океания,0.672191543579102,1966,,Point(115.672 -32.8572)
http://www.wikidata.org/entity/Q1130056,Yalgorup National Park,Австралия,Австралия и Океания,0.672191543579102,1976,,Point(115.672 -32.8572)
http://www.wikidata.org/entity/Q1130056,Yalgorup National Park,Австралия,Австралия и Океания,0.672191543579102,2001,,Point(115.672 -32.8572)
http://www.wikidata.org/entity/Q1130056,Yalgorup National Park,Австралия,Австралия и Океания,0.672191543579102,2002,,Point(115.672 -32.8572)
http://www.wikidata.org/entity/Q1130056,Yalgorup National Park,Австралия,Австралия и Океания,0.672191543579102,2017,,Point(115.672 -32.8572)
http://www.wikidata.org/entity/Q1130056,Yalgorup National Park,Австралия,Австралия и Океания,1.159,1966,,Point(115.672 -32.8572)
http://www.wikidata.org/entity/Q1130056,Yalgorup National Park,Австралия,Австралия и Океания,1.159,1976,,Point(115.672 -32.8572)
http://www.wikidata.org/entity/Q1130056,Yalgorup National Park,Австралия,Австралия и Океания,1.159,2001,,Point(115.672 -32.8572)
http://www.wikidata.org/entity/Q1130056,Yalgorup National Park,Австралия,Австралия и Океания,1.159,2002,,Point(115.672 -32.8572)
http://www.wikidata.org/entity/Q1130056,Yalgorup National Park,Австралия,Австралия и Океания,1.159,2017,,Point(115.672 -32.8572)
http://www.wikidata.org/entity/Q1130056,Yalgorup National Park,Австралия,Австралия и Океания,0.218742275238037,1966,,Point(115.672 -32.8572)
http://www.wikidata.org/entity/Q1130056,Yalgorup National Park,Австралия,Австралия и Океания,0.218742275238037,1976,,Point(115.672 -32.8572)
http://www.wikidata.org/entity/Q1130056,Yalgorup National Park,Австралия,Австралия и Океания,0.218742275238037,2001,,Point(115.672 -32.8572)
http://www.wikidata.org/entity/Q1130056,Yalgorup National Park,Австралия,Австралия и Океания,0.218742275238037,2002,,Point(115.672 -32.8572)
http://www.wikidata.org/entity/Q1130056,Yalgorup National Park,Австралия,Австралия и Океания,0.218742275238037,2017,,Point(115.672 -32.8572)
http://www.wikidata.org/entity/Q1130061,Фрэнк-Ханн,Австралия,Австралия и Океания,687.079921875,1970,287,Point(120.237 -32.9281)
http://www.wikidata.org/entity/Q1130061,Фрэнк-Ханн,Австралия,Австралия и Океания,687.079921875,1972,287,Point(120.237 -32.9281)
http://www.wikidata.org/entity/Q1130061,Фрэнк-Ханн,Австралия,Австралия и Океания,676,1970,287,Point(120.237 -32.9281)
http://www.wikidata.org/entity/Q1480521,Timanfaya National Park,Испания,Европа,51,1974,103,Point(-13.779722222 29.011388888)
http://www.wikidata.org/entity/Q1783816,Kooraban National Park,Австралия,Австралия и Океания,11644,2001,,Point(149.92 -36.32)
http://www.wikidata.org/entity/Q1783816,Kooraban National Park,Австралия,Австралия и Океания,114.603828125,2001,,Point(149.92 -36.32)
http://www.wikidata.org/entity/Q1784847,Коруп,Камерун,Африка,1261.44,1986,,Point(8.84111111 5.09333333)
http://www.wikidata.org/entity/Q1785861,Лосиный Остров,Россия,Европа,116.215,1983,,Point(37.7775 55.86361111)
http://www.wikidata.org/entity/Q1787671,"Foreste Casentinesi, Monte Falterona, Campigna National Park",Италия,Европа,368,1989,,Point(11.791111 43.843333)
http://www.wikidata.org/entity/Q1787671,"Foreste Casentinesi, Monte Falterona, Campigna National Park",Италия,Европа,368,1993,,Point(11.791111 43.843333)
http://www.wikidata.org/entity/Q1787671,"Foreste Casentinesi, Monte Falterona, Campigna National Park",Италия,Европа,310.38,1989,,Point(11.791111 43.843333)
http://www.wikidata.org/entity/Q1787671,"Foreste Casentinesi, Monte Falterona, Campigna National Park",Италия,Европа,310.38,1993,,Point(11.791111 43.843333)
http://www.wikidata.org/entity/Q1790837,Kuapnit Balinsasayao National Park,Филиппины,Азия,364,1937,,Point(124.927 10.6347)
http://www.wikidata.org/entity/Q1790855,Láhko National Park,Норвегия,Европа,188,2012,,Point(14.23333333 66.84166667)
http://www.wikidata.org/entity/Q1790855,Láhko National Park,Норвегия,Европа,188.7549115,2012,,Point(14.23333333 66.84166667)
http://www.wikidata.org/entity/Q1421884,Уайт-Маунтинс (национальный парк),Австралия,Австралия и Океания,1117.58953125,1990,535,Point(144.96666667 -20.54111111)
http://www.wikidata.org/entity/Q1421884,Уайт-Маунтинс (национальный парк),Австралия,Австралия и Океания,1117.58953125,2009,535,Point(144.96666667 -20.54111111)
http://www.wikidata.org/entity/Q1421884,Уайт-Маунтинс (национальный парк),Австралия,Австралия и Океания,1.122,1990,535,Point(144.96666667 -20.54111111)
http://www.wikidata.org/entity/Q1421884,Уайт-Маунтинс (национальный парк),Австралия,Австралия и Океания,1.122,2009,535,Point(144.96666667 -20.54111111)
http://www.wikidata.org/entity/Q1422525,Катави,Танзания,Африка,4471,1974,,Point(31.33333333 -6.91666667)
http://www.wikidata.org/entity/Q1422693,Терра-Нова,Канада,Северная Америка,399.9,1957,,Point(-53.9281 48.5306)
http://www.wikidata.org/entity/Q1424489,Venman Bushland National Park,Австралия,Австралия и Океания,4.18399658203125,1995,88,Point(153.20027778 -27.6275)
http://www.wikidata.org/entity/Q1424489,Venman Bushland National Park,Австралия,Австралия и Океания,415,1995,88,Point(153.20027778 -27.6275)
http://www.wikidata.org/entity/Q1425154,Gennargentu National Park,Италия,Европа,739.35,1998,,Point(9.32472222 39.98972222)
http://www.wikidata.org/entity/Q1425154,Gennargentu National Park,Италия,Европа,739.4,1998,,Point(9.32472222 39.98972222)
http://www.wikidata.org/entity/Q1425191,Sibillini Mountains National Park,Италия,Европа,697.22,1988,,Point(13.195 42.906)
http://www.wikidata.org/entity/Q1425191,Sibillini Mountains National Park,Италия,Европа,697.22,1993,,Point(13.195 42.906)
http://www.wikidata.org/entity/Q1425191,Sibillini Mountains National Park,Италия,Европа,697,1988,,Point(13.195 42.906)
http://www.wikidata.org/entity/Q1425191,Sibillini Mountains National Park,Италия,Европа,697,1993,,Point(13.195 42.906)
http://www.wikidata.org/entity/Q1425289,Northern Luzon Heroes Hill National Park,Филиппины,Азия,1316,1963,,Point(120.46 17.4793)
http://www.wikidata.org/entity/Q1426210,Bogani Nani Wartabone National Park,Индонезия,Азия,2871.15,1991,,Point(123.68 0.56055556)
http://www.wikidata.org/entity/Q1427976,Indravati National Park,Индия,Азия,1258,1982,,Point(81.0 19.33333333)
http://www.wikidata.org/entity/Q1428780,Флиндерс-Чейс,Австралия,Австралия и Океания,346.5281640625,1919,106,Point(136.673 -35.9772)
http://www.wikidata.org/entity/Q1428780,Флиндерс-Чейс,Австралия,Австралия и Океания,346.5281640625,2014,106,Point(136.673 -35.9772)
http://www.wikidata.org/entity/Q1428780,Флиндерс-Чейс,Австралия,Австралия и Океания,326,1919,106,Point(136.673 -35.9772)
http://www.wikidata.org/entity/Q1428780,Флиндерс-Чейс,Австралия,Австралия и Океания,326,2014,106,Point(136.673 -35.9772)
http://www.wikidata.org/entity/Q1429722,Кахуранги,Новая Зеландия,Австралия и Океания,4520,1996,1875,Point(172.61 -41.13)
http://www.wikidata.org/entity/Q1431228,Rincón de la Vieja National Park,Коста-Рика,Северная Америка,143.53,1973,521,Point(-85.32388889 10.83)
http://www.wikidata.org/entity/Q1432744,Тарангире,Танзания,Африка,2615.8,1970,,Point(35.978611111 -4.0)
http://www.wikidata.org/entity/Q1435301,Beninbi National Park,Австралия,Австралия и Океания,25.9567578125,2006,326,Point(151.7400064 -25.8834597)
http://www.wikidata.org/entity/Q1435301,Beninbi National Park,Австралия,Австралия и Океания,2586,2006,326,Point(151.7400064 -25.8834597)
http://www.wikidata.org/entity/Q1435301,Beninbi National Park,Австралия,Австралия и Океания,25.9567578125,2006,326,Point(151.740280555 -25.8825)
http://www.wikidata.org/entity/Q1435301,Beninbi National Park,Австралия,Австралия и Океания,2586,2006,326,Point(151.740280555 -25.8825)
http://www.wikidata.org/entity/Q1436526,Сассен-Бюнсов Ланд,Норвегия,Европа,1230.57,2003,,Point(17.25 78.383333)
http://www.wikidata.org/entity/Q1436526,Сассен-Бюнсов Ланд,Норвегия,Европа,1230.5646059,2003,,Point(17.25 78.383333)
http://www.wikidata.org/entity/Q1437167,Forest Den National Park,Австралия,Австралия и Океания,589,1991,244,Point(145.17527778 -22.12166667)
http://www.wikidata.org/entity/Q1437167,Forest Den National Park,Австралия,Австралия и Океания,589,1994,244,Point(145.17527778 -22.12166667)
http://www.wikidata.org/entity/Q1437167,Forest Den National Park,Австралия,Австралия и Океания,59.1432080078125,1991,244,Point(145.17527778 -22.12166667)
http://www.wikidata.org/entity/Q1437167,Forest Den National Park,Австралия,Австралия и Океания,59.1432080078125,1994,244,Point(145.17527778 -22.12166667)
http://www.wikidata.org/entity/Q1437338,Форийон (национальный парк),Канада,Северная Америка,217,1974,,Point(-64.35 48.9)
http://www.wikidata.org/entity/Q1437363,Форланде (национальный парк),Норвегия,Европа,4647,1973,,Point(11.116667 78.55)
http://www.wikidata.org/entity/Q1437363,Форланде (национальный парк),Норвегия,Европа,4626.8861131,1973,,Point(11.116667 78.55)
http://www.wikidata.org/entity/Q1437916,Forollhogna National Park,Норвегия,Европа,1059,2001,,Point(10.666666666 62.633333333)
http://www.wikidata.org/entity/Q1437916,Forollhogna National Park,Норвегия,Европа,1061.0427788,2001,,Point(10.666666666 62.633333333)
http://www.wikidata.org/entity/Q1438561,Ifrane National Park,Марокко,Африка,518,2004,,Point(-5.130161111 33.431755555)
http://www.wikidata.org/entity/Q1438951,Костерхавет,Швеция,Европа,8.6965,2009,,Point(11.008021187 58.826830949)
http://www.wikidata.org/entity/Q1438951,Костерхавет,Швеция,Европа,388.2386,2009,,Point(11.008021187 58.826830949)
http://www.wikidata.org/entity/Q1438951,Костерхавет,Швеция,Европа,379.53998,2009,,Point(11.008021187 58.826830949)
http://www.wikidata.org/entity/Q1438951,Костерхавет,Швеция,Европа,0.72417,2009,,Point(11.008021187 58.826830949)
http://www.wikidata.org/entity/Q1438999,"Абруццо, Лацио и Молизе",Италия,Европа,496.8,1922,,Point(13.786472222 41.808388888)
http://www.wikidata.org/entity/Q1438999,"Абруццо, Лацио и Молизе",Италия,Европа,496.8,1923,,Point(13.786472222 41.808388888)
http://www.wikidata.org/entity/Q1438999,"Абруццо, Лацио и Молизе",Италия,Европа,496.8,1922,,Point(13.786472222 41.808388888)
http://www.wikidata.org/entity/Q1438999,"Абруццо, Лацио и Молизе",Италия,Европа,496.8,1923,,Point(13.786472222 41.808388888)
http://www.wikidata.org/entity/Q1443963,Saltwater National Park,Австралия,Австралия и Океания,33,2004,,Point(152.5625 -32.00778)
http://www.wikidata.org/entity/Q1443963,Saltwater National Park,Австралия,Австралия и Океания,33,2004,,Point(152.5625 -32.00778)
http://www.wikidata.org/entity/Q1443963,Saltwater National Park,Австралия,Австралия и Океания,0.32982551574707,2004,,Point(152.5625 -32.00778)
http://www.wikidata.org/entity/Q1443963,Saltwater National Park,Австралия,Австралия и Океания,0.32982551574707,2004,,Point(152.5625 -32.00778)
http://www.wikidata.org/entity/Q1443963,Saltwater National Park,Австралия,Австралия и Океания,33,2004,,Point(152.56611111 -32.00833333)
http://www.wikidata.org/entity/Q1443963,Saltwater National Park,Австралия,Австралия и Океания,33,2004,,Point(152.56611111 -32.00833333)
http://www.wikidata.org/entity/Q1443963,Saltwater National Park,Австралия,Австралия и Океания,0.32982551574707,2004,,Point(152.56611111 -32.00833333)
http://www.wikidata.org/entity/Q1443963,Saltwater National Park,Австралия,Австралия и Океания,0.32982551574707,2004,,Point(152.56611111 -32.00833333)
http://www.wikidata.org/entity/Q1444561,Колхидский национальный парк,Грузия,Европа,289.4,1998,,Point(41.69611111 42.11083333)
http://www.wikidata.org/entity/Q1445146,Франклин — Гордон-Уайлд-Риверс,Австралия,Австралия и Океания,4635.6596875,1908,49,Point(146.032 -42.4094)
http://www.wikidata.org/entity/Q1445146,Франклин — Гордон-Уайлд-Риверс,Австралия,Австралия и Океания,4635.6596875,1999,49,Point(146.032 -42.4094)
http://www.wikidata.org/entity/Q1445146,Франклин — Гордон-Уайлд-Риверс,Австралия,Австралия и Океания,4463.42,1908,49,Point(146.032 -42.4094)
http://www.wikidata.org/entity/Q1445146,Франклин — Гордон-Уайлд-Риверс,Австралия,Австралия и Океания,4463.42,1999,49,Point(146.032 -42.4094)
http://www.wikidata.org/entity/Q1459634,Watarrka National Park,Австралия,Австралия и Океания,1051.8937890625,1989,616,Point(131.632 -24.2517)
http://www.wikidata.org/entity/Q1459634,Watarrka National Park,Австралия,Австралия и Океания,1051.8937890625,2012,616,Point(131.632 -24.2517)
http://www.wikidata.org/entity/Q1465468,Нараунтапу,Австралия,Австралия и Океания,45.0062470353581,1976,26,Point(146.656666666 -41.132777777)
http://www.wikidata.org/entity/Q1465468,Нараунтапу,Австралия,Австралия и Океания,45.0062470353581,2000,26,Point(146.656666666 -41.132777777)
http://www.wikidata.org/entity/Q1465468,Нараунтапу,Австралия,Австралия и Океания,4349,1976,26,Point(146.656666666 -41.132777777)
http://www.wikidata.org/entity/Q1465468,Нараунтапу,Австралия,Австралия и Океания,4349,2000,26,Point(146.656666666 -41.132777777)
http://www.wikidata.org/entity/Q1466242,Рантхамбор,Индия,Азия,392,1980,,Point(76.50257 26.01733)
http://www.wikidata.org/entity/Q1470066,Айгуес-Тортес-Сан-Маурисио,Испания,Европа,139.2599896,1955,,Point(0.94777778 42.57722222)
http://www.wikidata.org/entity/Q1470066,Айгуес-Тортес-Сан-Маурисио,Испания,Европа,408.52,1955,,Point(0.94777778 42.57722222)
http://www.wikidata.org/entity/Q1470167,Welford National Park,Австралия,Австралия и Океания,1240,1992,186,Point(143.43388889 -25.05861111)
http://www.wikidata.org/entity/Q1470167,Welford National Park,Австралия,Австралия и Океания,1240,2008,186,Point(143.43388889 -25.05861111)
http://www.wikidata.org/entity/Q1470167,Welford National Park,Австралия,Австралия и Океания,1233.22640625,1992,186,Point(143.43388889 -25.05861111)
http://www.wikidata.org/entity/Q1470167,Welford National Park,Австралия,Австралия и Океания,1233.22640625,2008,186,Point(143.43388889 -25.05861111)
http://www.wikidata.org/entity/Q1471784,Лиува-Плейнс (национальный парк),Замбия,Африка,3369,1972,,Point(22.5 -14.66666667)
http://www.wikidata.org/entity/Q1472424,Стаббурсдален,Норвегия,Европа,749,1970,,Point(24.483333333 69.983333333)
http://www.wikidata.org/entity/Q1472424,Стаббурсдален,Норвегия,Европа,748.9832715,1970,,Point(24.483333333 69.983333333)
http://www.wikidata.org/entity/Q1473095,Soberanía National Park,Панама,Северная Америка,221,1980,,Point(-79.6598053 9.0742977)
http://www.wikidata.org/entity/Q1473112,Янкари (парк),Нигерия,Африка,2244,1991,,Point(10.5 9.3)
http://www.wikidata.org/entity/Q1473702,Пенеда-Жереш,Португалия,Европа,702.9,1971,,Point(-8.23867 41.830713)
http://www.wikidata.org/entity/Q1473702,Пенеда-Жереш,Португалия,Европа,702.9,1971,,Point(-8.23867 41.830713)
http://www.wikidata.org/entity/Q1473702,Пенеда-Жереш,Португалия,Европа,695.925,1971,,Point(-8.23867 41.830713)
http://www.wikidata.org/entity/Q1473702,Пенеда-Жереш,Португалия,Европа,695.925,1971,,Point(-8.23867 41.830713)
http://www.wikidata.org/entity/Q1473988,Каинджи (национальный парк),Нигерия,Африка,5340,1979,,Point(4.554719444 10.3684)
http://www.wikidata.org/entity/Q1474238,Фанди (национальный парк),Канада,Северная Америка,205.9,1948,,Point(-64.953888888 45.595277777)
http://www.wikidata.org/entity/Q1474363,Пенджари,Бенин,Африка,2755,1961,198,Point(1.516666666 11.05)
http://www.wikidata.org/entity/Q1474363,Пенджари,Бенин,Африка,4589.21,1961,198,Point(1.516666666 11.05)
http://www.wikidata.org/entity/Q1474363,Пенджари,Бенин,Африка,9659.01,1961,198,Point(1.516666666 11.05)
http://www.wikidata.org/entity/Q1474363,Пенджари,Бенин,Африка,2755,1961,198,Point(1.518055555 11.25)
http://www.wikidata.org/entity/Q1474363,Пенджари,Бенин,Африка,4589.21,1961,198,Point(1.518055555 11.25)
http://www.wikidata.org/entity/Q1474363,Пенджари,Бенин,Африка,9659.01,1961,198,Point(1.518055555 11.25)
http://www.wikidata.org/entity/Q1474721,Итатиая,Бразилия,Южная Америка,280.86,1937,407,Point(-44.56278 -22.49583)
http://www.wikidata.org/entity/Q1474721,Итатиая,Бразилия,Южная Америка,280.86,1937,1248,Point(-44.56278 -22.49583)
http://www.wikidata.org/entity/Q1474721,Итатиая,Бразилия,Южная Америка,280.86,1937,407,Point(-44.653294444 -22.354247222)
http://www.wikidata.org/entity/Q1474721,Итатиая,Бразилия,Южная Америка,280.86,1937,1248,Point(-44.653294444 -22.354247222)
http://www.wikidata.org/entity/Q1476111,Goomboorian National Park,Австралия,Австралия и Океания,1828,2008,,Point(152.7896198 -26.1814406)
http://www.wikidata.org/entity/Q1476111,Goomboorian National Park,Австралия,Австралия и Океания,1828,2014,,Point(152.7896198 -26.1814406)
http://www.wikidata.org/entity/Q1476111,Goomboorian National Park,Австралия,Австралия и Океания,18.1632385253906,2008,,Point(152.7896198 -26.1814406)
http://www.wikidata.org/entity/Q1476111,Goomboorian National Park,Австралия,Австралия и Океания,18.1632385253906,2014,,Point(152.7896198 -26.1814406)
http://www.wikidata.org/entity/Q1476533,Mares Forest National Park,Австралия,Австралия и Океания,26.4530712890625,2010,,Point(149.9125 -34.32777778)
http://www.wikidata.org/entity/Q1481393,Wooroonooran National Park,Австралия,Австралия и Океания,1149,1991,1486,Point(145.820277777 -17.391111111)
http://www.wikidata.org/entity/Q1481393,Wooroonooran National Park,Австралия,Австралия и Океания,1149,2017,1486,Point(145.820277777 -17.391111111)
http://www.wikidata.org/entity/Q1481393,Wooroonooran National Park,Австралия,Австралия и Океания,1150.09,1991,1486,Point(145.820277777 -17.391111111)
http://www.wikidata.org/entity/Q1481393,Wooroonooran National Park,Австралия,Австралия и Океания,1150.09,2017,1486,Point(145.820277777 -17.391111111)
http://www.wikidata.org/entity/Q1481393,Wooroonooran National Park,Австралия,Австралия и Океания,1149,1991,1486,Point(145.793 -17.1464)
http://www.wikidata.org/entity/Q1481393,Wooroonooran National Park,Австралия,Австралия и Океания,1149,2017,1486,Point(145.793 -17.1464)
http://www.wikidata.org/entity/Q1481393,Wooroonooran National Park,Австралия,Австралия и Океания,1150.09,1991,1486,Point(145.793 -17.1464)
http://www.wikidata.org/entity/Q1481393,Wooroonooran National Park,Австралия,Австралия и Океания,1150.09,2017,1486,Point(145.793 -17.1464)
http://www.wikidata.org/entity/Q1486032,Gatton National Park,Австралия,Австралия и Океания,4.25803833007812,2006,176,Point(152.3017645 -27.6058087)
http://www.wikidata.org/entity/Q1486032,Gatton National Park,Австралия,Австралия и Океания,426,2006,176,Point(152.3017645 -27.6058087)
http://www.wikidata.org/entity/Q1487859,Gaagal Wanggaan (South Beach) National Park,Австралия,Австралия и Океания,634,2010,,Point(153.00075531 -30.6689237)
http://www.wikidata.org/entity/Q1487859,Gaagal Wanggaan (South Beach) National Park,Австралия,Австралия и Океания,634,2016,,Point(153.00075531 -30.6689237)
http://www.wikidata.org/entity/Q1487859,Gaagal Wanggaan (South Beach) National Park,Австралия,Австралия и Океания,6.65311218261719,2010,,Point(153.00075531 -30.6689237)
http://www.wikidata.org/entity/Q1487859,Gaagal Wanggaan (South Beach) National Park,Австралия,Австралия и Океания,6.65311218261719,2016,,Point(153.00075531 -30.6689237)
http://www.wikidata.org/entity/Q1489775,Gulaga National Park,Австралия,Австралия и Океания,47.585166015625,2001,,Point(150.01916667 -36.30666667)
http://www.wikidata.org/entity/Q1489775,Gulaga National Park,Австралия,Австралия и Океания,47.585166015625,2006,,Point(150.01916667 -36.30666667)
http://www.wikidata.org/entity/Q1489775,Gulaga National Park,Австралия,Австралия и Океания,4673,2001,,Point(150.01916667 -36.30666667)
http://www.wikidata.org/entity/Q1489775,Gulaga National Park,Австралия,Австралия и Океания,4673,2006,,Point(150.01916667 -36.30666667)
http://www.wikidata.org/entity/Q1495137,Гашака-Гумти,Нигерия,Африка,6.67,1991,,Point(11.52 7.35)
http://www.wikidata.org/entity/Q1496499,Gawler Ranges National Park,Австралия,Австралия и Океания,1.66303,2002,284,Point(135.464 -32.5539)
http://www.wikidata.org/entity/Q1496499,Gawler Ranges National Park,Австралия,Австралия и Океания,1.66303,2016,284,Point(135.464 -32.5539)
http://www.wikidata.org/entity/Q1496499,Gawler Ranges National Park,Австралия,Австралия и Океания,1794.78484375,2002,284,Point(135.464 -32.5539)
http://www.wikidata.org/entity/Q1496499,Gawler Ranges National Park,Австралия,Австралия и Океания,1794.78484375,2016,284,Point(135.464 -32.5539)
http://www.wikidata.org/entity/Q1498242,Ранумафана,Мадагаскар,Африка,416.01,1991,,Point(47.455 -21.216944444)
http://www.wikidata.org/entity/Q1498242,Ранумафана,Мадагаскар,Африка,405,1991,,Point(47.455 -21.216944444)
http://www.wikidata.org/entity/Q1498242,Ранумафана,Мадагаскар,Африка,416.01,1991,,Point(47.4553 -21.217)
http://www.wikidata.org/entity/Q1498242,Ранумафана,Мадагаскар,Африка,405,1991,,Point(47.4553 -21.217)
http://www.wikidata.org/entity/Q1498369,Geham National Park,Австралия,Австралия и Океания,0.219522762298584,2006,636,Point(152.0375463 -27.3883428)
http://www.wikidata.org/entity/Q1498369,Geham National Park,Австралия,Австралия и Океания,22,2006,636,Point(152.0375463 -27.3883428)
http://www.wikidata.org/entity/Q1498369,Geham National Park,Австралия,Австралия и Океания,0.219522762298584,2006,636,Point(152.03751 -27.38806)
http://www.wikidata.org/entity/Q1498369,Geham National Park,Австралия,Австралия и Океания,22,2006,636,Point(152.03751 -27.38806)
http://www.wikidata.org/entity/Q1505447,Стура-Шёфаллет,Швеция,Европа,1279.9332,1909,,Point(17.993649696 67.566898179)
http://www.wikidata.org/entity/Q1505447,Стура-Шёфаллет,Швеция,Европа,119.16959,1909,,Point(17.993649696 67.566898179)
http://www.wikidata.org/entity/Q1505447,Стура-Шёфаллет,Швеция,Европа,1160.76,1909,,Point(17.993649696 67.566898179)
http://www.wikidata.org/entity/Q1505447,Стура-Шёфаллет,Швеция,Европа,11.10488,1909,,Point(17.993649696 67.566898179)
http://www.wikidata.org/entity/Q1505461,Фернебуфьерден,Швеция,Европа,62.6544,1998,,Point(16.784154195 60.201206796)
http://www.wikidata.org/entity/Q1505461,Фернебуфьерден,Швеция,Европа,104.6379,1998,,Point(16.784154195 60.201206796)
http://www.wikidata.org/entity/Q1505461,Фернебуфьерден,Швеция,Европа,41.98234,1998,,Point(16.784154195 60.201206796)
http://www.wikidata.org/entity/Q1505461,Фернебуфьерден,Швеция,Европа,42.30429,1998,,Point(16.784154195 60.201206796)
http://www.wikidata.org/entity/Q1507799,Словацкий Рай,Словакия,Европа,194.14193,2016,,Point(20.4 48.90833333)
http://www.wikidata.org/entity/Q1507799,Словацкий Рай,Словакия,Европа,197.63,2016,,Point(20.4 48.90833333)
http://www.wikidata.org/entity/Q1511987,Kinchega National Park,Австралия,Австралия и Океания,445.7496875,1967,63,Point(142.3344444 -32.498333333)
http://www.wikidata.org/entity/Q1511987,Kinchega National Park,Австралия,Австралия и Океания,445.7496875,1997,63,Point(142.3344444 -32.498333333)
http://www.wikidata.org/entity/Q1511987,Kinchega National Park,Австралия,Австралия и Океания,443,1967,63,Point(142.3344444 -32.498333333)
http://www.wikidata.org/entity/Q1511987,Kinchega National Park,Австралия,Австралия и Океания,443,1997,63,Point(142.3344444 -32.498333333)
http://www.wikidata.org/entity/Q1516724,Марсабит,Кения,Африка,1554,1949,,Point(37.98305556 2.38305556)
http://www.wikidata.org/entity/Q1517343,Mount Roe National Park,Австралия,Австралия и Океания,1.277,2004,,Point(116.93333333 -34.76666667)
http://www.wikidata.org/entity/Q1517343,Mount Roe National Park,Австралия,Австралия и Океания,1278.00140625,2004,,Point(116.93333333 -34.76666667)
http://www.wikidata.org/entity/Q1518527,Национальный парк Кевир,Иран,Азия,4422.12,1964,,Point(52.14 34.65)
http://www.wikidata.org/entity/Q1518527,Национальный парк Кевир,Иран,Азия,6911.69,1964,,Point(52.14 34.65)
http://www.wikidata.org/entity/Q1518527,Национальный парк Кевир,Иран,Азия,4422.12,1964,,Point(52.4333 34.6347)
http://www.wikidata.org/entity/Q1518527,Национальный парк Кевир,Иран,Азия,6911.69,1964,,Point(52.4333 34.6347)
http://www.wikidata.org/entity/Q1519747,Национальный парк Сахама,Боливия,Южная Америка,1002,1938,4775,Point(-68.91666667 -18.08333333)
http://www.wikidata.org/entity/Q1520200,Найджерхоул,Индия,Азия,643.4,1988,960,Point(76.151111111 12.06)
http://www.wikidata.org/entity/Q1651467,Carrasco National Park,Боливия,Южная Америка,6.226,1991,778,Point(-65.05 -17.38333333)
http://www.wikidata.org/entity/Q1651472,Tesso Nilo National Park,Индонезия,Азия,83068,2004,,Point(101.75 -0.166667)
http://www.wikidata.org/entity/Q1651644,Маго (национальный парк),Эфиопия,Африка,5061,1971,,Point(36.1667 5.66667)
http://www.wikidata.org/entity/Q1652932,Нордвест-Шпицберген,Норвегия,Европа,9841.8272997,1973,,Point(11.5 79.583333)
http://www.wikidata.org/entity/Q1652932,Нордвест-Шпицберген,Норвегия,Европа,9914,1973,,Point(11.5 79.583333)
http://www.wikidata.org/entity/Q1655345,Richmond Range National Park,Австралия,Австралия и Океания,15712,1997,,Point(152.71416667 -28.59555556)
http://www.wikidata.org/entity/Q1655345,Richmond Range National Park,Австралия,Австралия и Океания,15712,2003,,Point(152.71416667 -28.59555556)
http://www.wikidata.org/entity/Q1655345,Richmond Range National Park,Австралия,Австралия и Океания,157.157900390625,1997,,Point(152.71416667 -28.59555556)
http://www.wikidata.org/entity/Q1655345,Richmond Range National Park,Австралия,Австралия и Океания,157.157900390625,2003,,Point(152.71416667 -28.59555556)
http://www.wikidata.org/entity/Q1657650,Livingstone National Park,Австралия,Австралия и Океания,19.2019702148438,2001,,Point(147.35194 -35.37222)
http://www.wikidata.org/entity/Q1657650,Livingstone National Park,Австралия,Австралия и Океания,1919,2001,,Point(147.35194 -35.37222)
http://www.wikidata.org/entity/Q1657650,Livingstone National Park,Австралия,Австралия и Океания,19.2019702148438,2001,,Point(147.36 -35.3689)
http://www.wikidata.org/entity/Q1657650,Livingstone National Park,Австралия,Австралия и Океания,1919,2001,,Point(147.36 -35.3689)
http://www.wikidata.org/entity/Q1658753,Сиес,Испания,Европа,4.4635,2004,197,Point(-8.9 42.233333333)
http://www.wikidata.org/entity/Q1661434,Индира Ганди (национальный парк),Индия,Азия,1479.87,1976,,Point(77.125 10.366944444)
http://www.wikidata.org/entity/Q1661434,Индира Ганди (национальный парк),Индия,Азия,1479.87,1976,,Point(77.05666667 10.41694444)
http://www.wikidata.org/entity/Q1661839,Индре-Вийдефьорден (национальный парк),Норвегия,Европа,1127,2005,,Point(16.1 79.083333)
http://www.wikidata.org/entity/Q1661839,Индре-Вийдефьорден (национальный парк),Норвегия,Европа,1127.1806414,2005,,Point(16.1 79.083333)
http://www.wikidata.org/entity/Q1666495,Junee National Park,Австралия,Австралия и Океания,54,2000,,Point(148.9887437 -22.7464741)
http://www.wikidata.org/entity/Q1666495,Junee National Park,Австралия,Австралия и Океания,54.1097802734375,2000,,Point(148.9887437 -22.7464741)
http://www.wikidata.org/entity/Q1668264,Millstream Falls National Park,Австралия,Австралия и Океания,3.42072082519531,1909,881,Point(145.45916667 -17.63638889)
http://www.wikidata.org/entity/Q1668264,Millstream Falls National Park,Австралия,Австралия и Океания,3.42072082519531,2017,881,Point(145.45916667 -17.63638889)
http://www.wikidata.org/entity/Q1668264,Millstream Falls National Park,Австралия,Австралия и Океания,372,1909,881,Point(145.45916667 -17.63638889)
http://www.wikidata.org/entity/Q1668264,Millstream Falls National Park,Австралия,Австралия и Океания,372,2017,881,Point(145.45916667 -17.63638889)
http://www.wikidata.org/entity/Q1668658,Marahoué National Park,Кот-д’Ивуар,Африка,1001,1968,,Point(-6.025 7.1)
http://www.wikidata.org/entity/Q1670728,Mungo National Park,Австралия,Австралия и Океания,1226.96796875,1979,84,Point(143.0011111 -33.731666666)
http://www.wikidata.org/entity/Q1670728,Mungo National Park,Австралия,Австралия и Океания,1226.96796875,2012,84,Point(143.0011111 -33.731666666)
http://www.wikidata.org/entity/Q1670728,Mungo National Park,Австралия,Австралия и Океания,27847,1979,84,Point(143.0011111 -33.731666666)
http://www.wikidata.org/entity/Q1670728,Mungo National Park,Австралия,Австралия и Океания,27847,2012,84,Point(143.0011111 -33.731666666)
http://www.wikidata.org/entity/Q1670942,Nerang National Park,Австралия,Австралия и Океания,1614,2009,,Point(153.303 -27.9722)
http://www.wikidata.org/entity/Q1670942,Nerang National Park,Австралия,Австралия и Океания,1614,2014,,Point(153.303 -27.9722)
http://www.wikidata.org/entity/Q1670942,Nerang National Park,Австралия,Австралия и Океания,16.5883654785156,2009,,Point(153.303 -27.9722)
http://www.wikidata.org/entity/Q1670942,Nerang National Park,Австралия,Австралия и Океания,16.5883654785156,2014,,Point(153.303 -27.9722)
http://www.wikidata.org/entity/Q1673310,Тёфсингдален,Швеция,Европа,4.5407,1930,,Point(12.480094664 62.165371315)
http://www.wikidata.org/entity/Q1673310,Тёфсингдален,Швеция,Европа,15.7558,1930,,Point(12.480094664 62.165371315)
http://www.wikidata.org/entity/Q1673310,Тёфсингдален,Швеция,Европа,15.8994,1930,,Point(12.480094664 62.165371315)
http://www.wikidata.org/entity/Q1673310,Тёфсингдален,Швеция,Европа,0.14332,1930,,Point(12.480094664 62.165371315)
http://www.wikidata.org/entity/Q1673711,Исангано (национальный парк),Замбия,Африка,840,1957,1190,Point(30.66666667 -11.25)
http://www.wikidata.org/entity/Q1673711,Исангано (национальный парк),Замбия,Африка,840,1957,1190,Point(30.63321 -11.15221)
http://www.wikidata.org/entity/Q1674848,Mowbray National Park,Австралия,Австралия и Океания,867,1988,229,Point(145.425555555 -16.580555555)
http://www.wikidata.org/entity/Q1674848,Mowbray National Park,Австралия,Австралия и Океания,867,2014,229,Point(145.425555555 -16.580555555)
http://www.wikidata.org/entity/Q1674848,Mowbray National Park,Австралия,Австралия и Океания,88.010126953125,1988,229,Point(145.425555555 -16.580555555)
http://www.wikidata.org/entity/Q1674848,Mowbray National Park,Австралия,Австралия и Океания,88.010126953125,2014,229,Point(145.425555555 -16.580555555)
http://www.wikidata.org/entity/Q1678943,Wallingat National Park,Австралия,Австралия и Океания,6557,1999,,Point(152.43527778 -32.30111111)
http://www.wikidata.org/entity/Q1678943,Wallingat National Park,Австралия,Австралия и Океания,64.8046142578125,1999,,Point(152.43527778 -32.30111111)
http://www.wikidata.org/entity/Q1681298,Tilligerry National Park,Австралия,Австралия и Океания,1.41204605102539,2007,,Point(151.94944444 -32.77361111)
http://www.wikidata.org/entity/Q1699032,Джон-Форрест,Австралия,Австралия и Океания,26.9993383789062,1898,175,Point(116.091161 -31.869706)
http://www.wikidata.org/entity/Q1699032,Джон-Форрест,Австралия,Австралия и Океания,26.9993383789062,1990,175,Point(116.091161 -31.869706)
http://www.wikidata.org/entity/Q1702747,Nevado Tres Cruces National Park,Чили,Южная Америка,591,1994,,Point(-69.0923078 -27.056095)
http://www.wikidata.org/entity/Q1702789,Las Palmas de Cocalán National Park,Чили,Южная Америка,37.09,1971,,Point(-71.0965 -34.19404)
http://www.wikidata.org/entity/Q1702795,Толуака,Чили,Южная Америка,0.06374,1935,1380,Point(-71.8275 -38.2032)
http://www.wikidata.org/entity/Q1702858,Bernardo O'Higgins National Park,Чили,Южная Америка,35259.012,1969,,Point(-74.0 -50.0)
http://www.wikidata.org/entity/Q1702858,Bernardo O'Higgins National Park,Чили,Южная Америка,35259,1969,,Point(-74.0 -50.0)
http://www.wikidata.org/entity/Q1702865,Archipiélago de Juan Fernández National Park,Чили,Южная Америка,95.71,1935,,Point(-79.8692 -33.7297)
http://www.wikidata.org/entity/Q1702865,Archipiélago de Juan Fernández National Park,Чили,Южная Америка,91.742,1935,,Point(-79.8692 -33.7297)
http://www.wikidata.org/entity/Q1702870,Фрай-Хорхе,Чили,Южная Америка,99.59,1941,355,Point(-71.682777777 -30.6625)
http://www.wikidata.org/entity/Q1702875,Национальный парк Вулкан Ислуга,Чили,Южная Америка,1747.44,1967,,Point(-68.83333334 -19.15000001)
http://www.wikidata.org/entity/Q1702881,Hornopirén National Park,Чили,Южная Америка,482.32,1988,,Point(-72.266666666 -41.916666666)
http://www.wikidata.org/entity/Q1702889,Национальный парк Льюльяйльяко,Чили,Южная Америка,2687,1995,,Point(-68.61666667 -24.71666667)
http://www.wikidata.org/entity/Q1702892,Чилоэ,Чили,Южная Америка,430,1982,,Point(-74.0341 -42.5129)
http://www.wikidata.org/entity/Q1702892,Чилоэ,Чили,Южная Америка,425.67,1982,,Point(-74.0341 -42.5129)
http://www.wikidata.org/entity/Q1702897,Гуамблин (остров),Чили,Южная Америка,0.10625,1967,131,Point(-75.08 -44.85)
http://www.wikidata.org/entity/Q1702917,Nahuelbuta National Park,Чили,Южная Америка,68.319,1939,,Point(-72.98333333 -37.78333333)
http://www.wikidata.org/entity/Q1702923,Alerce Andino National Park,Чили,Южная Америка,392.55,1982,519,Point(-72.54414 -41.57795)
http://www.wikidata.org/entity/Q1703007,Llanos de Challe National Park,Чили,Южная Америка,457.08,1994,,Point(-71.0 -28.16666667)
http://www.wikidata.org/entity/Q1703011,Queulat National Park,Чили,Южная Америка,1540.93,1983,,Point(-72.4035 -44.4045)
http://www.wikidata.org/entity/Q1703052,Лагуна-Сан-Рафаэль,Чили,Южная Америка,17420,1959,,Point(-74.0 -47.0)
http://www.wikidata.org/entity/Q1703667,Maleny National Park,Австралия,Австралия и Океания,18.8177221679687,2006,433,Point(152.7229801 -26.6682651)
http://www.wikidata.org/entity/Q1703667,Maleny National Park,Австралия,Австралия и Океания,188,2006,433,Point(152.7229801 -26.6682651)
http://www.wikidata.org/entity/Q1703667,Maleny National Park,Австралия,Австралия и Океания,18.8177221679687,2006,433,Point(152.730833333 -26.663611111)
http://www.wikidata.org/entity/Q1703667,Maleny National Park,Австралия,Австралия и Океания,188,2006,433,Point(152.730833333 -26.663611111)
http://www.wikidata.org/entity/Q1711140,Tully Falls National Park,Австралия,Австралия и Океания,170.5683984375,2005,869,Point(145.542511111 -17.735561111)
http://www.wikidata.org/entity/Q1711140,Tully Falls National Park,Австралия,Австралия и Океания,170.5683984375,2014,869,Point(145.542511111 -17.735561111)
http://www.wikidata.org/entity/Q1711140,Tully Falls National Park,Австралия,Австралия и Океания,16822,2005,869,Point(145.542511111 -17.735561111)
http://www.wikidata.org/entity/Q1711140,Tully Falls National Park,Австралия,Австралия и Океания,16822,2014,869,Point(145.542511111 -17.735561111)
http://www.wikidata.org/entity/Q1711140,Tully Falls National Park,Австралия,Австралия и Океания,170.5683984375,2005,869,Point(145.56 -17.77666667)
http://www.wikidata.org/entity/Q1711140,Tully Falls National Park,Австралия,Австралия и Океания,170.5683984375,2014,869,Point(145.56 -17.77666667)
http://www.wikidata.org/entity/Q1711140,Tully Falls National Park,Австралия,Австралия и Океания,16822,2005,869,Point(145.56 -17.77666667)
http://www.wikidata.org/entity/Q1711140,Tully Falls National Park,Австралия,Австралия и Океания,16822,2014,869,Point(145.56 -17.77666667)
http://www.wikidata.org/entity/Q1718891,Woko National Park,Австралия,Австралия и Океания,0,1982,613,Point(151.7511111 -31.748333333)
http://www.wikidata.org/entity/Q1718891,Woko National Park,Австралия,Австралия и Океания,0,2005,613,Point(151.7511111 -31.748333333)
http://www.wikidata.org/entity/Q1718891,Woko National Park,Австралия,Австралия и Океания,8729,1982,613,Point(151.7511111 -31.748333333)
http://www.wikidata.org/entity/Q1718891,Woko National Park,Австралия,Австралия и Океания,8729,2005,613,Point(151.7511111 -31.748333333)
http://www.wikidata.org/entity/Q1719903,Marrangaroo National Park,Австралия,Австралия и Океания,16.7160498046875,2007,942,Point(150.08055556 -33.47916667)
http://www.wikidata.org/entity/Q1719903,Marrangaroo National Park,Австралия,Австралия и Океания,16.7160498046875,2007,942,Point(150.08055556 -33.47916667)
http://www.wikidata.org/entity/Q1719903,Marrangaroo National Park,Австралия,Австралия и Океания,1671,2007,942,Point(150.08055556 -33.47916667)
http://www.wikidata.org/entity/Q1719903,Marrangaroo National Park,Австралия,Австралия и Океания,1671,2007,942,Point(150.08055556 -33.47916667)
http://www.wikidata.org/entity/Q1719903,Marrangaroo National Park,Австралия,Австралия и Океания,16.7160498046875,2007,942,Point(150.084722222 -33.456666666)
http://www.wikidata.org/entity/Q1719903,Marrangaroo National Park,Австралия,Австралия и Океания,16.7160498046875,2007,942,Point(150.084722222 -33.456666666)
http://www.wikidata.org/entity/Q1719903,Marrangaroo National Park,Австралия,Австралия и Океания,1671,2007,942,Point(150.084722222 -33.456666666)
http://www.wikidata.org/entity/Q1719903,Marrangaroo National Park,Австралия,Австралия и Океания,1671,2007,942,Point(150.084722222 -33.456666666)
http://www.wikidata.org/entity/Q1721097,Кафуэ,Замбия,Африка,22400,1950,1103,Point(25.7 -15.28)
http://www.wikidata.org/entity/Q1721928,Q1721928,Камерун,Африка,45,1948,,Point(14.85 12.2)
http://www.wikidata.org/entity/Q1721939,Kalamunda National Park,Австралия,Австралия и Океания,3.97215484619141,1964,169,Point(116.071 -31.9586)
http://www.wikidata.org/entity/Q1721939,Kalamunda National Park,Австралия,Австралия и Океания,375,1964,169,Point(116.071 -31.9586)
http://www.wikidata.org/entity/Q1722083,Калбарри (национальный парк),Австралия,Австралия и Океания,1.83,1963,212,Point(114.246 -27.7847)
http://www.wikidata.org/entity/Q1722083,Калбарри (национальный парк),Австралия,Австралия и Океания,1.83,1972,212,Point(114.246 -27.7847)
http://www.wikidata.org/entity/Q1722083,Калбарри (национальный парк),Австралия,Австралия и Океания,1831.62171875,1963,212,Point(114.246 -27.7847)
http://www.wikidata.org/entity/Q1722083,Калбарри (национальный парк),Австралия,Австралия и Океания,1831.62171875,1972,212,Point(114.246 -27.7847)
http://www.wikidata.org/entity/Q1723746,Kanger Ghati National Park,Индия,Азия,200,1982,,Point(82.011 18.832)
http://www.wikidata.org/entity/Q1724651,Warra National Park,Австралия,Австралия и Океания,20.1533020019531,1999,,Point(151.92777778 -29.99166667)
http://www.wikidata.org/entity/Q1724651,Warra National Park,Австралия,Австралия и Океания,2031,1999,,Point(151.92777778 -29.99166667)
http://www.wikidata.org/entity/Q1725911,Долина Валбоны,Албания,Европа,80,1966,,Point(19.88777778 42.45333333)
http://www.wikidata.org/entity/Q1727012,Ulidarra National Park,Австралия,Австралия и Океания,6074,1999,,Point(153.080555555 -30.250277777)
http://www.wikidata.org/entity/Q1727012,Ulidarra National Park,Австралия,Австралия и Океания,6.83561706542969,1999,,Point(153.080555555 -30.250277777)
http://www.wikidata.org/entity/Q1729357,Кариджини,Австралия,Австралия и Океания,6244.28,1973,650,Point(117.976 -22.2506)
http://www.wikidata.org/entity/Q1729357,Кариджини,Австралия,Австралия и Океания,6244.28,1973,782,Point(117.976 -22.2506)
http://www.wikidata.org/entity/Q1733755,Karlamilyi National Park,Австралия,Австралия и Океания,12837.29125,1977,307,Point(122.483333333 -22.333333333)
http://www.wikidata.org/entity/Q1733755,Karlamilyi National Park,Австралия,Австралия и Океания,12837,1977,307,Point(122.483333333 -22.333333333)
http://www.wikidata.org/entity/Q1734673,Karuah National Park,Австралия,Австралия и Океания,3308,2007,,Point(151.94847107 -32.59484149)
http://www.wikidata.org/entity/Q1734673,Karuah National Park,Австралия,Австралия и Океания,3308,2008,,Point(151.94847107 -32.59484149)
http://www.wikidata.org/entity/Q1734673,Karuah National Park,Австралия,Австралия и Океания,35.237265625,2007,,Point(151.94847107 -32.59484149)
http://www.wikidata.org/entity/Q1734673,Karuah National Park,Австралия,Австралия и Океания,35.237265625,2008,,Point(151.94847107 -32.59484149)
http://www.wikidata.org/entity/Q1735116,Mount Data National Park,Филиппины,Азия,3352,1940,2170,Point(120.84098 16.87753)
http://www.wikidata.org/entity/Q1735508,Kasungu National Park,Малави,Африка,2316,1970,,Point(33.166666666 -13.0)
http://www.wikidata.org/entity/Q1737898,Keibul Lamjao National Park,Индия,Азия,40,1977,,Point(93.8402 24.4856)
http://www.wikidata.org/entity/Q1738788,Национальный парк Кеннеди-Рендж,Австралия,Австралия и Океания,1.417,1993,,Point(115.05 -24.5792)
http://www.wikidata.org/entity/Q1738788,Национальный парк Кеннеди-Рендж,Австралия,Австралия и Океания,1422.7525,1993,,Point(115.05 -24.5792)
http://www.wikidata.org/entity/Q1739148,Keppel Bay Islands National Park,Австралия,Австралия и Океания,7.17619750976563,1994,15,Point(151.073055555 -23.159722222)
http://www.wikidata.org/entity/Q1739148,Keppel Bay Islands National Park,Австралия,Австралия и Океания,7.17619750976563,2014,15,Point(151.073055555 -23.159722222)
http://www.wikidata.org/entity/Q1739148,Keppel Bay Islands National Park,Австралия,Австралия и Океания,827,1994,15,Point(151.073055555 -23.159722222)
http://www.wikidata.org/entity/Q1739148,Keppel Bay Islands National Park,Австралия,Австралия и Океания,827,2014,15,Point(151.073055555 -23.159722222)
http://www.wikidata.org/entity/Q1739148,Keppel Bay Islands National Park,Австралия,Австралия и Океания,7.17619750976563,1994,15,Point(150.871666666 -23.041666666)
http://www.wikidata.org/entity/Q1739148,Keppel Bay Islands National Park,Австралия,Австралия и Океания,7.17619750976563,2014,15,Point(150.871666666 -23.041666666)
http://www.wikidata.org/entity/Q1739148,Keppel Bay Islands National Park,Австралия,Австралия и Океания,827,1994,15,Point(150.871666666 -23.041666666)
http://www.wikidata.org/entity/Q1739148,Keppel Bay Islands National Park,Австралия,Австралия и Океания,827,2014,15,Point(150.871666666 -23.041666666)
http://www.wikidata.org/entity/Q1740067,Keverstone National Park,Австралия,Австралия и Океания,10,2009,824,Point(149.20555556 -34.10555556)
http://www.wikidata.org/entity/Q1740067,Keverstone National Park,Австралия,Австралия и Океания,10,2011,824,Point(149.20555556 -34.10555556)
http://www.wikidata.org/entity/Q1740067,Keverstone National Park,Австралия,Австралия и Океания,18.576669921875,2009,824,Point(149.20555556 -34.10555556)
http://www.wikidata.org/entity/Q1740067,Keverstone National Park,Австралия,Австралия и Океания,18.576669921875,2011,824,Point(149.20555556 -34.10555556)
http://www.wikidata.org/entity/Q1740067,Keverstone National Park,Австралия,Австралия и Океания,10,2009,824,Point(149.201111111 -34.098611111)
http://www.wikidata.org/entity/Q1740067,Keverstone National Park,Австралия,Австралия и Океания,10,2011,824,Point(149.201111111 -34.098611111)
http://www.wikidata.org/entity/Q1740067,Keverstone National Park,Австралия,Австралия и Океания,18.576669921875,2009,824,Point(149.201111111 -34.098611111)
http://www.wikidata.org/entity/Q1740067,Keverstone National Park,Австралия,Австралия и Океания,18.576669921875,2011,824,Point(149.201111111 -34.098611111)
http://www.wikidata.org/entity/Q1740765,Kiang West National Park,Гамбия,Африка,19,1987,,Point(-15.91666667 13.38333333)
http://www.wikidata.org/entity/Q1741175,Lierne National Park,Норвегия,Европа,333,2004,,Point(13.9 64.3)
http://www.wikidata.org/entity/Q1741175,Lierne National Park,Норвегия,Европа,333.0009581,2004,,Point(13.9 64.3)
http://www.wikidata.org/entity/Q1742613,Scheyville National Park,Австралия,Австралия и Океания,92,1996,30,Point(150.8927778 -33.594166666)
http://www.wikidata.org/entity/Q1742613,Scheyville National Park,Австралия,Австралия и Океания,9.33219543457031,1996,30,Point(150.8927778 -33.594166666)
http://www.wikidata.org/entity/Q1743569,Kirrama National Park,Австралия,Австралия и Океания,1729,2006,733,Point(145.61555556 -18.12111111)
http://www.wikidata.org/entity/Q1743569,Kirrama National Park,Австралия,Австралия и Океания,1729,2011,733,Point(145.61555556 -18.12111111)
http://www.wikidata.org/entity/Q1743569,Kirrama National Park,Австралия,Австралия и Океания,174.6309765625,2006,733,Point(145.61555556 -18.12111111)
http://www.wikidata.org/entity/Q1743569,Kirrama National Park,Австралия,Австралия и Океания,174.6309765625,2011,733,Point(145.61555556 -18.12111111)
http://www.wikidata.org/entity/Q1743569,Kirrama National Park,Австралия,Австралия и Океания,1729,2006,733,Point(145.645830555 -18.051111111)
http://www.wikidata.org/entity/Q1743569,Kirrama National Park,Австралия,Австралия и Океания,1729,2011,733,Point(145.645830555 -18.051111111)
http://www.wikidata.org/entity/Q1743569,Kirrama National Park,Австралия,Австралия и Океания,174.6309765625,2006,733,Point(145.645830555 -18.051111111)
http://www.wikidata.org/entity/Q1756690,Loango National Park,Габон,Африка,1550,2002,,Point(9.56666667 -2.16666667)
http://www.wikidata.org/entity/Q1757413,Braulio Carrillo National Park,Коста-Рика,Северная Америка,475.86,1978,606,Point(-83.974425 10.1599)
http://www.wikidata.org/entity/Q1759349,Alberto de Agostini National Park,Чили,Южная Америка,14600,1965,,Point(-70.439669444 -54.749061111)
http://www.wikidata.org/entity/Q1761032,Апеннино-Тоско-Эмилиано,Италия,Европа,261.49,1997,,Point(10.24055556 44.31833333)
http://www.wikidata.org/entity/Q1761032,Апеннино-Тоско-Эмилиано,Италия,Европа,261.49,2001,,Point(10.24055556 44.31833333)
http://www.wikidata.org/entity/Q1761032,Апеннино-Тоско-Эмилиано,Италия,Европа,227.93,1997,,Point(10.24055556 44.31833333)
http://www.wikidata.org/entity/Q1761032,Апеннино-Тоско-Эмилиано,Италия,Европа,227.93,2001,,Point(10.24055556 44.31833333)
http://www.wikidata.org/entity/Q1763364,Национальный парк Рапа-Нуи,Чили,Южная Америка,66.66,1935,,Point(-109.348579 -27.072877)
http://www.wikidata.org/entity/Q1763364,Национальный парк Рапа-Нуи,Чили,Южная Америка,69.0806,1935,,Point(-109.348579 -27.072877)
http://www.wikidata.org/entity/Q2054002,Pico Bonito National Park,Гондурас,Северная Америка,1073,1987,,Point(-86.87222222 15.60972222)
http://www.wikidata.org/entity/Q2060502,Серра-Жерал,Бразилия,Южная Америка,173.02,1992,,Point(-49.99466 -29.13417)
http://www.wikidata.org/entity/Q2060502,Серра-Жерал,Бразилия,Южная Америка,173.02,1992,,Point(-49.99466 -29.13417)
http://www.wikidata.org/entity/Q2072918,Windjana Gorge National Park,Австралия,Австралия и Океания,2134,1971,106,Point(124.976 -17.4283)
http://www.wikidata.org/entity/Q2072918,Windjana Gorge National Park,Австралия,Австралия и Океания,20.8110986328125,1971,106,Point(124.976 -17.4283)
http://www.wikidata.org/entity/Q2090073,Иль-Зембра-э-Зембрета,Тунис,Африка,5.7,1977,,Point(10.8 37.1)
http://www.wikidata.org/entity/Q2091798,Рейса,Норвегия,Европа,803.6617531,1986,,Point(21.966666666 69.2)
http://www.wikidata.org/entity/Q2091798,Рейса,Норвегия,Европа,803,1986,,Point(21.966666666 69.2)
http://www.wikidata.org/entity/Q2095735,Willi Willi National Park,Австралия,Австралия и Океания,2987,1996,928,Point(152.3983333 -31.073333333)
http://www.wikidata.org/entity/Q2095735,Willi Willi National Park,Австралия,Австралия и Океания,2987,2018,928,Point(152.3983333 -31.073333333)
http://www.wikidata.org/entity/Q2095735,Willi Willi National Park,Австралия,Австралия и Океания,16.1,1996,928,Point(152.3983333 -31.073333333)
http://www.wikidata.org/entity/Q2095735,Willi Willi National Park,Австралия,Австралия и Океания,16.1,2018,928,Point(152.3983333 -31.073333333)
http://www.wikidata.org/entity/Q2095735,Willi Willi National Park,Австралия,Австралия и Океания,305.431796875,1996,928,Point(152.3983333 -31.073333333)
http://www.wikidata.org/entity/Q2095735,Willi Willi National Park,Австралия,Австралия и Океания,305.431796875,2018,928,Point(152.3983333 -31.073333333)
http://www.wikidata.org/entity/Q2095735,Willi Willi National Park,Австралия,Австралия и Океания,2987,1996,928,Point(152.490833333 -31.178611111)
http://www.wikidata.org/entity/Q2095735,Willi Willi National Park,Австралия,Австралия и Океания,2987,2018,928,Point(152.490833333 -31.178611111)
http://www.wikidata.org/entity/Q2095735,Willi Willi National Park,Австралия,Австралия и Океания,16.1,1996,928,Point(152.490833333 -31.178611111)
http://www.wikidata.org/entity/Q2095735,Willi Willi National Park,Австралия,Австралия и Океания,16.1,2018,928,Point(152.490833333 -31.178611111)
http://www.wikidata.org/entity/Q2095735,Willi Willi National Park,Австралия,Австралия и Океания,305.431796875,1996,928,Point(152.490833333 -31.178611111)
http://www.wikidata.org/entity/Q2095735,Willi Willi National Park,Австралия,Австралия и Океания,305.431796875,2018,928,Point(152.490833333 -31.178611111)
http://www.wikidata.org/entity/Q2096005,Уошпул,Австралия,Австралия и Океания,0,1983,643,Point(152.3344444 -29.365)
http://www.wikidata.org/entity/Q2096005,Уошпул,Австралия,Австралия и Океания,0,2008,643,Point(152.3344444 -29.365)
http://www.wikidata.org/entity/Q2096005,Уошпул,Австралия,Австралия и Океания,58678,1983,643,Point(152.3344444 -29.365)
http://www.wikidata.org/entity/Q2096005,Уошпул,Австралия,Австралия и Океания,58678,2008,643,Point(152.3344444 -29.365)
http://www.wikidata.org/entity/Q2096005,Уошпул,Австралия,Австралия и Океания,277.15,1983,643,Point(152.3344444 -29.365)
http://www.wikidata.org/entity/Q2096005,Уошпул,Австралия,Австралия и Океания,277.15,2008,643,Point(152.3344444 -29.365)
http://www.wikidata.org/entity/Q2097137,Вашловани,Грузия,Европа,251.14,1935,,Point(46.383333333 41.2)
http://www.wikidata.org/entity/Q2104042,Poona National Park,Австралия,Австралия и Океания,5368,1991,7,Point(152.822777777 -25.588888888)
http://www.wikidata.org/entity/Q2104042,Poona National Park,Австралия,Австралия и Океания,5368,2008,7,Point(152.822777777 -25.588888888)
http://www.wikidata.org/entity/Q2104042,Poona National Park,Австралия,Австралия и Океания,53.497685546875,1991,7,Point(152.822777777 -25.588888888)
http://www.wikidata.org/entity/Q2104042,Poona National Park,Австралия,Австралия и Океания,53.497685546875,2008,7,Point(152.822777777 -25.588888888)
http://www.wikidata.org/entity/Q2104482,Поронгуруп,Австралия,Австралия и Океания,26.8588660516,1957,309,Point(117.8866 -34.6853)
http://www.wikidata.org/entity/Q2104482,Поронгуруп,Австралия,Австралия и Океания,26.8588660516,1971,309,Point(117.8866 -34.6853)
http://www.wikidata.org/entity/Q2104482,Поронгуруп,Австралия,Австралия и Океания,26.8590234375,1957,309,Point(117.8866 -34.6853)
http://www.wikidata.org/entity/Q2104482,Поронгуруп,Австралия,Австралия и Океания,26.8590234375,1971,309,Point(117.8866 -34.6853)
http://www.wikidata.org/entity/Q2104482,Поронгуруп,Австралия,Австралия и Океания,25,1957,309,Point(117.8866 -34.6853)
http://www.wikidata.org/entity/Q2104482,Поронгуруп,Австралия,Австралия и Океания,25,1971,309,Point(117.8866 -34.6853)
http://www.wikidata.org/entity/Q2109503,Wolfe Creek Meteorite Crater National Park,Австралия,Австралия и Океания,14.545966796875,1969,,Point(127.794444444 -19.173611111)
http://www.wikidata.org/entity/Q2109503,Wolfe Creek Meteorite Crater National Park,Австралия,Австралия и Океания,14.545966796875,1972,,Point(127.794444444 -19.173611111)
http://www.wikidata.org/entity/Q2110735,Уэйчиникап (национальный парк),Австралия,Австралия и Океания,40,1990,,Point(118.37222222 -34.87722222)
http://www.wikidata.org/entity/Q2110735,Уэйчиникап (национальный парк),Австралия,Австралия и Океания,39.7467272949219,1990,,Point(118.37222222 -34.87722222)
http://www.wikidata.org/entity/Q2110735,Уэйчиникап (национальный парк),Австралия,Австралия и Океания,40,1990,,Point(118.372 -34.8772)
http://www.wikidata.org/entity/Q2110735,Уэйчиникап (национальный парк),Австралия,Австралия и Океания,39.7467272949219,1990,,Point(118.372 -34.8772)
http://www.wikidata.org/entity/Q2118139,Pumicestone National Park,Австралия,Австралия и Океания,10.1602325439453,2010,,Point(153.0602274 -26.9774731)
http://www.wikidata.org/entity/Q2118139,Pumicestone National Park,Австралия,Австралия и Океания,10.1602325439453,2018,,Point(153.0602274 -26.9774731)
http://www.wikidata.org/entity/Q2118139,Pumicestone National Park,Австралия,Австралия и Океания,164,2010,,Point(153.0602274 -26.9774731)
http://www.wikidata.org/entity/Q2118139,Pumicestone National Park,Австралия,Австралия и Океания,164,2018,,Point(153.0602274 -26.9774731)
http://www.wikidata.org/entity/Q2120243,Humboldt National Park,Австралия,Австралия и Океания,77.0889208984375,2009,,Point(148.933 -24.242)
http://www.wikidata.org/entity/Q2120243,Humboldt National Park,Австралия,Австралия и Океания,7660,2009,,Point(148.933 -24.242)
http://www.wikidata.org/entity/Q2145431,Repulse Islands National Park,Австралия,Австралия и Океания,142,1994,27,Point(148.876111111 -20.6)
http://www.wikidata.org/entity/Q2145431,Repulse Islands National Park,Австралия,Австралия и Океания,142,1998,27,Point(148.876111111 -20.6)
http://www.wikidata.org/entity/Q2145431,Repulse Islands National Park,Австралия,Австралия и Океания,1.41402130126953,1994,27,Point(148.876111111 -20.6)
http://www.wikidata.org/entity/Q2145431,Repulse Islands National Park,Австралия,Австралия и Океания,1.41402130126953,1998,27,Point(148.876111111 -20.6)
http://www.wikidata.org/entity/Q2145431,Repulse Islands National Park,Австралия,Австралия и Океания,142,1994,27,Point(148.879444444 -20.598888888)
http://www.wikidata.org/entity/Q2145431,Repulse Islands National Park,Австралия,Австралия и Океания,142,1998,27,Point(148.879444444 -20.598888888)
http://www.wikidata.org/entity/Q2145431,Repulse Islands National Park,Австралия,Австралия и Океания,1.41402130126953,1994,27,Point(148.879444444 -20.598888888)
http://www.wikidata.org/entity/Q2145431,Repulse Islands National Park,Австралия,Австралия и Океания,1.41402130126953,1998,27,Point(148.879444444 -20.598888888)
http://www.wikidata.org/entity/Q2211959,Национальный парк Сагарматха,Непал,Азия,1244,1976,,Point(86.693033 27.891069)
http://www.wikidata.org/entity/Q2211959,Национальный парк Сагарматха,Непал,Азия,1148,1976,,Point(86.693033 27.891069)
http://www.wikidata.org/entity/Q2217910,Yanununbeyan National Park,Австралия,Австралия и Океания,34.8658813476562,2001,,Point(149.40833333 -35.52555556)
http://www.wikidata.org/entity/Q2217910,Yanununbeyan National Park,Австралия,Австралия и Океания,34.8658813476562,2003,,Point(149.40833333 -35.52555556)
http://www.wikidata.org/entity/Q2217910,Yanununbeyan National Park,Австралия,Австралия и Океания,352,2001,,Point(149.40833333 -35.52555556)
http://www.wikidata.org/entity/Q2217910,Yanununbeyan National Park,Австралия,Австралия и Океания,352,2003,,Point(149.40833333 -35.52555556)
http://www.wikidata.org/entity/Q2231459,Worimi National Park,Австралия,Австралия и Океания,1826,2007,12,Point(151.917888888 -32.8152)
http://www.wikidata.org/entity/Q2231459,Worimi National Park,Австралия,Австралия и Океания,1826,2018,12,Point(151.917888888 -32.8152)
http://www.wikidata.org/entity/Q2231459,Worimi National Park,Австралия,Австралия и Океания,18.6846044921875,2007,12,Point(151.917888888 -32.8152)
http://www.wikidata.org/entity/Q2231459,Worimi National Park,Австралия,Австралия и Океания,18.6846044921875,2018,12,Point(151.917888888 -32.8152)
http://www.wikidata.org/entity/Q2231459,Worimi National Park,Австралия,Австралия и Океания,1826,2007,12,Point(151.96805556 -32.67333333)
http://www.wikidata.org/entity/Q2231459,Worimi National Park,Австралия,Австралия и Океания,1826,2018,12,Point(151.96805556 -32.67333333)
http://www.wikidata.org/entity/Q2231459,Worimi National Park,Австралия,Австралия и Океания,18.6846044921875,2007,12,Point(151.96805556 -32.67333333)
http://www.wikidata.org/entity/Q2231459,Worimi National Park,Австралия,Австралия и Океания,18.6846044921875,2018,12,Point(151.96805556 -32.67333333)
http://www.wikidata.org/entity/Q2260738,Скотт (национальный парк),Австралия,Австралия и Океания,33,1959,16,Point(115.236 -34.2581)
http://www.wikidata.org/entity/Q2260738,Скотт (национальный парк),Австралия,Австралия и Океания,33.2228588867187,1959,16,Point(115.236 -34.2581)
http://www.wikidata.org/entity/Q2266463,Шапада-Диамантина,Бразилия,Южная Америка,1540,1985,1301,Point(-41.372222222 -12.880277777)
http://www.wikidata.org/entity/Q2266463,Шапада-Диамантина,Бразилия,Южная Америка,1521.42,1985,1301,Point(-41.372222222 -12.880277777)
http://www.wikidata.org/entity/Q2266463,Шапада-Диамантина,Бразилия,Южная Америка,1540,1985,1301,Point(-41.57586 -12.51089)
http://www.wikidata.org/entity/Q2266463,Шапада-Диамантина,Бразилия,Южная Америка,1521.42,1985,1301,Point(-41.57586 -12.51089)
http://www.wikidata.org/entity/Q2266782,Seiland National Park,Норвегия,Европа,316,2006,,Point(23.166666666 70.383333333)
http://www.wikidata.org/entity/Q2266782,Seiland National Park,Норвегия,Европа,316.9037933,2006,,Point(23.166666666 70.383333333)
http://www.wikidata.org/entity/Q2269548,Семпре-Вивас,Бразилия,Южная Америка,1241.55,2002,,Point(-43.79425 -17.80361)
http://www.wikidata.org/entity/Q2269548,Семпре-Вивас,Бразилия,Южная Америка,1241,2002,,Point(-43.79425 -17.80361)
http://www.wikidata.org/entity/Q2288381,Симпсон-дезерт,Австралия,Австралия и Океания,10144.695625,1967,56,Point(138.24 -25.1425)
http://www.wikidata.org/entity/Q2288381,Симпсон-дезерт,Австралия,Австралия и Океания,10144.695625,2011,56,Point(138.24 -25.1425)
http://www.wikidata.org/entity/Q2288381,Симпсон-дезерт,Австралия,Австралия и Океания,10.12,1967,56,Point(138.24 -25.1425)
http://www.wikidata.org/entity/Q2288381,Симпсон-дезерт,Австралия,Австралия и Океания,10.12,2011,56,Point(138.24 -25.1425)
http://www.wikidata.org/entity/Q2289215,Single National Park,Австралия,Австралия и Океания,25.6313305664062,1999,,Point(151.411388888 -29.996944444)
http://www.wikidata.org/entity/Q2289215,Single National Park,Австралия,Австралия и Океания,2558,1999,,Point(151.411388888 -29.996944444)
http://www.wikidata.org/entity/Q2304246,South Cumberland Islands National Park,Австралия,Австралия и Океания,316,1994,18,Point(149.473611111 -20.741111111)
http://www.wikidata.org/entity/Q2304246,South Cumberland Islands National Park,Австралия,Австралия и Океания,316,2000,18,Point(149.473611111 -20.741111111)
http://www.wikidata.org/entity/Q2304246,South Cumberland Islands National Park,Австралия,Австралия и Океания,31.376845703125,1994,18,Point(149.473611111 -20.741111111)
http://www.wikidata.org/entity/Q2304246,South Cumberland Islands National Park,Австралия,Австралия и Океания,31.376845703125,2000,18,Point(149.473611111 -20.741111111)
http://www.wikidata.org/entity/Q2394398,Tarlo River National Park,Австралия,Австралия и Океания,8074,1982,653,Point(149.9177778 -34.498333333)
http://www.wikidata.org/entity/Q2394398,Tarlo River National Park,Австралия,Австралия и Океания,8074,2015,653,Point(149.9177778 -34.498333333)
http://www.wikidata.org/entity/Q2394398,Tarlo River National Park,Австралия,Австралия и Океания,0,1982,653,Point(149.9177778 -34.498333333)
http://www.wikidata.org/entity/Q2394398,Tarlo River National Park,Австралия,Австралия и Океания,0,2015,653,Point(149.9177778 -34.498333333)
http://www.wikidata.org/entity/Q2397554,Моллем,Индия,Азия,107,1978,890,Point(74.25861111 15.37361111)
http://www.wikidata.org/entity/Q2407480,Tewantin National Park,Австралия,Австралия и Океания,1299,2010,,Point(152.9674242 -26.3797328)
http://www.wikidata.org/entity/Q2407480,Tewantin National Park,Австралия,Австралия и Океания,1299,2016,,Point(152.9674242 -26.3797328)
http://www.wikidata.org/entity/Q2407480,Tewantin National Park,Австралия,Австралия и Океания,31.5316040039062,2010,,Point(152.9674242 -26.3797328)
http://www.wikidata.org/entity/Q2407480,Tewantin National Park,Австралия,Австралия и Океания,31.5316040039062,2016,,Point(152.9674242 -26.3797328)
http://www.wikidata.org/entity/Q2409324,The Lakes National Park,Австралия,Австралия и Океания,23.89,1927,13,Point(147.742 -37.9703)
http://www.wikidata.org/entity/Q2409324,The Lakes National Park,Австралия,Австралия и Океания,23.89,2001,13,Point(147.742 -37.9703)
http://www.wikidata.org/entity/Q2409324,The Lakes National Park,Австралия,Австралия и Океания,23.9,1927,13,Point(147.742 -37.9703)
http://www.wikidata.org/entity/Q2409324,The Lakes National Park,Австралия,Австралия и Океания,23.9,2001,13,Point(147.742 -37.9703)
http://www.wikidata.org/entity/Q2409324,The Lakes National Park,Австралия,Австралия и Океания,24.0530029296875,1927,13,Point(147.742 -37.9703)
http://www.wikidata.org/entity/Q2409324,The Lakes National Park,Австралия,Австралия и Океания,24.0530029296875,2001,13,Point(147.742 -37.9703)
http://www.wikidata.org/entity/Q2409324,The Lakes National Park,Австралия,Австралия и Океания,14.51,1927,13,Point(147.742 -37.9703)
http://www.wikidata.org/entity/Q2409324,The Lakes National Park,Австралия,Австралия и Океания,14.51,2001,13,Point(147.742 -37.9703)
http://www.wikidata.org/entity/Q2418337,Национальный парк Козара,Босния и Герцеговина,Европа,34,1967,626,Point(16.89166667 45.00833333)
http://www.wikidata.org/entity/Q2421766,Блэк-Ривер-Горджес,Маврикий,Африка,66,1994,,Point(57.416666666 -20.416666666)
http://www.wikidata.org/entity/Q2426755,Wallarah National Park,Австралия,Австралия и Океания,1.74503448486328,2003,45,Point(151.63 -33.13)
http://www.wikidata.org/entity/Q2426755,Wallarah National Park,Австралия,Австралия и Океания,1.74503448486328,2003,45,Point(151.63 -33.13)
http://www.wikidata.org/entity/Q2426755,Wallarah National Park,Австралия,Австралия и Океания,178,2003,45,Point(151.63 -33.13)
http://www.wikidata.org/entity/Q2426755,Wallarah National Park,Австралия,Австралия и Океания,178,2003,45,Point(151.63 -33.13)
http://www.wikidata.org/entity/Q2426755,Wallarah National Park,Австралия,Австралия и Океания,1.74503448486328,2003,45,Point(151.63638889 -33.12861111)
http://www.wikidata.org/entity/Q2426755,Wallarah National Park,Австралия,Австралия и Океания,1.74503448486328,2003,45,Point(151.63638889 -33.12861111)
http://www.wikidata.org/entity/Q2426755,Wallarah National Park,Австралия,Австралия и Океания,178,2003,45,Point(151.63638889 -33.12861111)
http://www.wikidata.org/entity/Q2426755,Wallarah National Park,Австралия,Австралия и Океания,178,2003,45,Point(151.63638889 -33.12861111)
http://www.wikidata.org/entity/Q2426755,Wallarah National Park,Австралия,Австралия и Океания,1.74503448486328,2003,45,Point(151.6429 -33.1235)
http://www.wikidata.org/entity/Q2426755,Wallarah National Park,Австралия,Австралия и Океания,1.74503448486328,2003,45,Point(151.6429 -33.1235)
http://www.wikidata.org/entity/Q2426755,Wallarah National Park,Австралия,Австралия и Океания,178,2003,45,Point(151.6429 -33.1235)
http://www.wikidata.org/entity/Q2426755,Wallarah National Park,Австралия,Австралия и Океания,178,2003,45,Point(151.6429 -33.1235)
http://www.wikidata.org/entity/Q2429712,Thrushton National Park,Австралия,Австралия и Океания,25652,1990,220,Point(147.666666666 -27.763888888)
http://www.wikidata.org/entity/Q2429712,Thrushton National Park,Австралия,Австралия и Океания,25652,1994,220,Point(147.666666666 -27.763888888)
http://www.wikidata.org/entity/Q2429712,Thrushton National Park,Австралия,Австралия и Океания,256.63,1990,220,Point(147.666666666 -27.763888888)
http://www.wikidata.org/entity/Q2429712,Thrushton National Park,Австралия,Австралия и Океания,256.63,1994,220,Point(147.666666666 -27.763888888)
http://www.wikidata.org/entity/Q2436849,Гыданский национальный парк,Россия,Европа,8781.74,1996,,Point(77.851156 72.142098)
http://www.wikidata.org/entity/Q2446868,Towarri National Park,Австралия,Австралия и Океания,65.77720703125,1998,,Point(150.073611111 -31.845833333)
http://www.wikidata.org/entity/Q2446868,Towarri National Park,Австралия,Австралия и Океания,65.77720703125,2012,,Point(150.073611111 -31.845833333)
http://www.wikidata.org/entity/Q2446868,Towarri National Park,Австралия,Австралия и Океания,6074,1998,,Point(150.073611111 -31.845833333)
http://www.wikidata.org/entity/Q2446868,Towarri National Park,Австралия,Австралия и Океания,6074,2012,,Point(150.073611111 -31.845833333)
http://www.wikidata.org/entity/Q2447760,Кристоффельпарк,Кюрасао,Северная Америка,20,1978,,Point(-69.11666667 12.33333333)
http://www.wikidata.org/entity/Q2454491,Triunia National Park,Австралия,Австралия и Океания,0.339764022827148,1994,216,Point(152.903333333 -26.655833333)
http://www.wikidata.org/entity/Q2454491,Triunia National Park,Австралия,Австралия и Океания,0.339764022827148,2009,216,Point(152.903333333 -26.655833333)
http://www.wikidata.org/entity/Q2454491,Triunia National Park,Австралия,Австралия и Океания,3399,1994,216,Point(152.903333333 -26.655833333)
http://www.wikidata.org/entity/Q2454491,Triunia National Park,Австралия,Австралия и Океания,3399,2009,216,Point(152.903333333 -26.655833333)
http://www.wikidata.org/entity/Q2459046,Tuchekoi National Park,Австралия,Австралия и Океания,3.8501123046875,2009,,Point(152.8403143 -26.3689381)
http://www.wikidata.org/entity/Q2459046,Tuchekoi National Park,Австралия,Австралия и Океания,3.8501123046875,2014,,Point(152.8403143 -26.3689381)
http://www.wikidata.org/entity/Q2459046,Tuchekoi National Park,Австралия,Австралия и Океания,371,2009,,Point(152.8403143 -26.3689381)
http://www.wikidata.org/entity/Q2459046,Tuchekoi National Park,Австралия,Австралия и Океания,371,2014,,Point(152.8403143 -26.3689381)
http://www.wikidata.org/entity/Q2468697,Шахдагский национальный парк,Азербайджан,Азия,1305.081,2006,,Point(48.25277778 40.92388889)
http://www.wikidata.org/entity/Q2468740,Зангезурский национальный парк имени академика Гасана Алиева,Азербайджан,Азия,427.97,2004,1692,Point(45.923333333 39.035277777)
http://www.wikidata.org/entity/Q2468740,Зангезурский национальный парк имени академика Гасана Алиева,Азербайджан,Азия,427.97,2004,1692,Point(45.9297 39.1622)
http://www.wikidata.org/entity/Q2468888,Алтыагаджский национальный парк,Азербайджан,Азия,110.35,2004,941,Point(48.89361111 40.88666667)
http://www.wikidata.org/entity/Q2469996,Домоглед-Валя-Черна,Румыния,Европа,616.5800152,1990,,Point(22.624 45.093)
http://www.wikidata.org/entity/Q2469996,Домоглед-Валя-Черна,Румыния,Европа,616.5800152,2000,,Point(22.624 45.093)
http://www.wikidata.org/entity/Q2469996,Домоглед-Валя-Черна,Румыния,Европа,612,1990,,Point(22.624 45.093)
http://www.wikidata.org/entity/Q2469996,Домоглед-Валя-Черна,Румыния,Европа,612,2000,,Point(22.624 45.093)
http://www.wikidata.org/entity/Q2482466,Narrien Range National Park,Австралия,Австралия и Океания,7460,1991,382,Point(146.940833333 -22.898055555)
http://www.wikidata.org/entity/Q2482466,Narrien Range National Park,Австралия,Австралия и Океания,7460,1999,382,Point(146.940833333 -22.898055555)
http://www.wikidata.org/entity/Q2482466,Narrien Range National Park,Австралия,Австралия и Океания,74.5517431640625,1991,382,Point(146.940833333 -22.898055555)
http://www.wikidata.org/entity/Q2482466,Narrien Range National Park,Австралия,Австралия и Океания,74.5517431640625,1999,382,Point(146.940833333 -22.898055555)
http://www.wikidata.org/entity/Q2483354,Snake Range National Park,Австралия,Австралия и Океания,26.729814453125,1972,352,Point(147.583611111 -24.043055555)
http://www.wikidata.org/entity/Q2483354,Snake Range National Park,Австралия,Австралия и Океания,26.729814453125,1998,352,Point(147.583611111 -24.043055555)
http://www.wikidata.org/entity/Q2483354,Snake Range National Park,Австралия,Австралия и Океания,26877,1972,352,Point(147.583611111 -24.043055555)
http://www.wikidata.org/entity/Q2483354,Snake Range National Park,Австралия,Австралия и Океания,26877,1998,352,Point(147.583611111 -24.043055555)
http://www.wikidata.org/entity/Q2483381,Yungaburra National Park,Австралия,Австралия и Океания,0.0543812036514282,1953,,Point(145.570833333 -17.287777777)
http://www.wikidata.org/entity/Q2483381,Yungaburra National Park,Австралия,Австралия и Океания,0.0543812036514282,1953,,Point(145.570833333 -17.287777777)
http://www.wikidata.org/entity/Q2483381,Yungaburra National Park,Австралия,Австралия и Океания,0.0543812036514282,1994,,Point(145.570833333 -17.287777777)
http://www.wikidata.org/entity/Q2483381,Yungaburra National Park,Австралия,Австралия и Океания,0.05,1953,,Point(145.570833333 -17.287777777)
http://www.wikidata.org/entity/Q2483381,Yungaburra National Park,Австралия,Австралия и Океания,0.05,1953,,Point(145.570833333 -17.287777777)
http://www.wikidata.org/entity/Q2483381,Yungaburra National Park,Австралия,Австралия и Океания,0.05,1994,,Point(145.570833333 -17.287777777)
http://www.wikidata.org/entity/Q2483381,Yungaburra National Park,Австралия,Австралия и Океания,0.05,1953,,Point(145.570833333 -17.287777777)
http://www.wikidata.org/entity/Q2483381,Yungaburra National Park,Австралия,Австралия и Океания,0.05,1953,,Point(145.570833333 -17.287777777)
http://www.wikidata.org/entity/Q2483381,Yungaburra National Park,Австралия,Австралия и Океания,0.05,1994,,Point(145.570833333 -17.287777777)
http://www.wikidata.org/entity/Q2485097,Марудзедзи,Мадагаскар,Африка,597.518,1952,,Point(49.706 -14.435)
http://www.wikidata.org/entity/Q2485097,Марудзедзи,Мадагаскар,Африка,597.518,1952,,Point(49.706111111 -14.435)
http://www.wikidata.org/entity/Q2533154,Sodwana Bay National Park,ЮАР,Африка,11.56,1950,,Point(32.6651 -27.5383)
http://www.wikidata.org/entity/Q2535413,Vulkathunha-Gammon Ranges National Park,Австралия,Австралия и Океания,1262.437578125,1970,961,Point(139.1794 -30.412580555)
http://www.wikidata.org/entity/Q2535413,Vulkathunha-Gammon Ranges National Park,Австралия,Австралия и Океания,1262.437578125,1984,961,Point(139.1794 -30.412580555)
http://www.wikidata.org/entity/Q2535413,Vulkathunha-Gammon Ranges National Park,Австралия,Австралия и Океания,1.228,1970,961,Point(139.1794 -30.412580555)
http://www.wikidata.org/entity/Q2535413,Vulkathunha-Gammon Ranges National Park,Австралия,Австралия и Океания,1.228,1984,961,Point(139.1794 -30.412580555)
http://www.wikidata.org/entity/Q2535413,Vulkathunha-Gammon Ranges National Park,Австралия,Австралия и Океания,1262.437578125,1970,961,Point(139.277 -30.4472)
http://www.wikidata.org/entity/Q2535413,Vulkathunha-Gammon Ranges National Park,Австралия,Австралия и Океания,1262.437578125,1984,961,Point(139.277 -30.4472)
http://www.wikidata.org/entity/Q2535413,Vulkathunha-Gammon Ranges National Park,Австралия,Австралия и Океания,1.228,1970,961,Point(139.277 -30.4472)
http://www.wikidata.org/entity/Q2535413,Vulkathunha-Gammon Ranges National Park,Австралия,Австралия и Океания,1.228,1984,961,Point(139.277 -30.4472)
http://www.wikidata.org/entity/Q2535657,Yengo National Park,Австралия,Австралия и Океания,1.634,1988,,Point(150.9113889 -33.014722222)
http://www.wikidata.org/entity/Q2535657,Yengo National Park,Австралия,Австралия и Океания,1.634,2015,,Point(150.9113889 -33.014722222)
http://www.wikidata.org/entity/Q2535657,Yengo National Park,Австралия,Австралия и Океания,1676.1865625,1988,,Point(150.9113889 -33.014722222)
http://www.wikidata.org/entity/Q2535657,Yengo National Park,Австралия,Австралия и Океания,1676.1865625,2015,,Point(150.9113889 -33.014722222)
http://www.wikidata.org/entity/Q2540203,Пик Макайа,Гаити,Северная Америка,20,1984,,Point(-74.02027778 18.37138889)
http://www.wikidata.org/entity/Q2542568,Wallaroo National Park,Австралия,Австралия и Океания,27.8401147460938,2007,,Point(151.81671 -32.6247)
http://www.wikidata.org/entity/Q2542568,Wallaroo National Park,Австралия,Австралия и Океания,27.8401147460938,2007,,Point(151.81671 -32.6247)
http://www.wikidata.org/entity/Q2542568,Wallaroo National Park,Австралия,Австралия и Океания,278,2007,,Point(151.81671 -32.6247)
http://www.wikidata.org/entity/Q2542568,Wallaroo National Park,Австралия,Австралия и Океания,278,2007,,Point(151.81671 -32.6247)
http://www.wikidata.org/entity/Q2546988,Cahuita National Park,Коста-Рика,Северная Америка,243.92,1982,,Point(-82.825 9.72916667)
http://www.wikidata.org/entity/Q2549016,Warby-Ovens National Park,Австралия,Австралия и Океания,147.076962890625,2010,,Point(146.188 -36.3297)
http://www.wikidata.org/entity/Q2549016,Warby-Ovens National Park,Австралия,Австралия и Океания,14655,2010,,Point(146.188 -36.3297)
http://www.wikidata.org/entity/Q2549016,Warby-Ovens National Park,Австралия,Австралия и Океания,147.5,2010,,Point(146.188 -36.3297)
http://www.wikidata.org/entity/Q2549607,Jozani Chwaka Bay National Park,Танзания,Африка,50,2003,,Point(39.404 -6.233)
http://www.wikidata.org/entity/Q2549832,Warro National Park,Австралия,Австралия и Океания,6032,2006,308,Point(151.710833333 -24.648333333)
http://www.wikidata.org/entity/Q1137401,Шенандоа,США,Северная Америка,805.39,1935,,Point(-78.35 38.5333)
http://www.wikidata.org/entity/Q1137640,Халеакала,США,Северная Америка,134.6,1961,,Point(-156.15515 20.7204)
http://www.wikidata.org/entity/Q1137657,Грейт-Бейсин,США,Северная Америка,312,1987,,Point(-114.2197 39.0058)
http://www.wikidata.org/entity/Q1138453,Крейдл-Маунтин — Лейк-Сент-Клэр,Австралия,Австралия и Океания,1616.81703125,1922,947,Point(145.924166666 -41.830277777)
http://www.wikidata.org/entity/Q1138453,Крейдл-Маунтин — Лейк-Сент-Клэр,Австралия,Австралия и Океания,1616.8,1922,947,Point(145.924166666 -41.830277777)
http://www.wikidata.org/entity/Q1139151,Limmen National Park,Австралия,Австралия и Океания,960846,2012,,Point(135.143 -15.0367)
http://www.wikidata.org/entity/Q1139151,Limmen National Park,Австралия,Австралия и Океания,9581.18242805719,2012,,Point(135.143 -15.0367)
http://www.wikidata.org/entity/Q1140044,Хардангервидда,Норвегия,Европа,3444.757761,1981,,Point(7.5 60.133333333)
http://www.wikidata.org/entity/Q1140044,Хардангервидда,Норвегия,Европа,3422,1981,,Point(7.5 60.133333333)
http://www.wikidata.org/entity/Q1140071,Onkaparinga River National Park,Австралия,Австралия и Океания,1554,1993,137,Point(138.554 -35.1606)
http://www.wikidata.org/entity/Q1140071,Onkaparinga River National Park,Австралия,Австралия и Океания,1554,2001,137,Point(138.554 -35.1606)
http://www.wikidata.org/entity/Q1140071,Onkaparinga River National Park,Австралия,Австралия и Океания,15.4447827148438,1993,137,Point(138.554 -35.1606)
http://www.wikidata.org/entity/Q1140071,Onkaparinga River National Park,Австралия,Австралия и Океания,15.4447827148438,2001,137,Point(138.554 -35.1606)
http://www.wikidata.org/entity/Q1140663,Кроаджинголонг,Австралия,Австралия и Океания,885.25,1979,138,Point(149.4667 -37.6167)
http://www.wikidata.org/entity/Q1140663,Кроаджинголонг,Австралия,Австралия и Океания,885.25,2013,138,Point(149.4667 -37.6167)
http://www.wikidata.org/entity/Q1140663,Кроаджинголонг,Австралия,Австралия и Океания,860,1979,138,Point(149.4667 -37.6167)
http://www.wikidata.org/entity/Q1140663,Кроаджинголонг,Австралия,Австралия и Океания,860,2013,138,Point(149.4667 -37.6167)
http://www.wikidata.org/entity/Q1140663,Кроаджинголонг,Австралия,Австралия и Океания,875,1979,138,Point(149.4667 -37.6167)
http://www.wikidata.org/entity/Q1140663,Кроаджинголонг,Австралия,Австралия и Океания,875,2013,138,Point(149.4667 -37.6167)
http://www.wikidata.org/entity/Q1140663,Кроаджинголонг,Австралия,Австралия и Океания,885.1453125,1979,138,Point(149.4667 -37.6167)
http://www.wikidata.org/entity/Q1140663,Кроаджинголонг,Австралия,Австралия и Океания,885.1453125,2013,138,Point(149.4667 -37.6167)
http://www.wikidata.org/entity/Q1140798,Crows Nest National Park,Австралия,Австралия и Океания,18,1992,628,Point(152.074166666 -27.253888888)
http://www.wikidata.org/entity/Q1140798,Crows Nest National Park,Австралия,Австралия и Океания,18,2006,628,Point(152.074166666 -27.253888888)
http://www.wikidata.org/entity/Q1140798,Crows Nest National Park,Австралия,Австралия и Океания,17.934287109375,1992,628,Point(152.074166666 -27.253888888)
http://www.wikidata.org/entity/Q1140798,Crows Nest National Park,Австралия,Австралия и Океания,17.934287109375,2006,628,Point(152.074166666 -27.253888888)
http://www.wikidata.org/entity/Q1141385,Mount Remarkable National Park,Австралия,Австралия и Океания,106,1952,322,Point(138.062777777 -32.781388888)
http://www.wikidata.org/entity/Q1141385,Mount Remarkable National Park,Австралия,Австралия и Океания,106,2000,322,Point(138.062777777 -32.781388888)
http://www.wikidata.org/entity/Q1141385,Mount Remarkable National Park,Австралия,Австралия и Океания,183.60841796875,1952,322,Point(138.062777777 -32.781388888)
http://www.wikidata.org/entity/Q1141385,Mount Remarkable National Park,Австралия,Австралия и Океания,183.60841796875,2000,322,Point(138.062777777 -32.781388888)
http://www.wikidata.org/entity/Q1143404,Culgoa Floodplain National Park,Австралия,Австралия и Океания,617.8191796875,1994,141,Point(146.825833333 -28.8225)
http://www.wikidata.org/entity/Q1143404,Culgoa Floodplain National Park,Австралия,Австралия и Океания,617.8191796875,2008,141,Point(146.825833333 -28.8225)
http://www.wikidata.org/entity/Q1143404,Culgoa Floodplain National Park,Австралия,Австралия и Океания,619,1994,141,Point(146.825833333 -28.8225)
http://www.wikidata.org/entity/Q1143404,Culgoa Floodplain National Park,Австралия,Австралия и Океания,619,2008,141,Point(146.825833333 -28.8225)
http://www.wikidata.org/entity/Q1143416,Хот-Спрингс,США,Северная Америка,22.5,1921,,Point(-93.053611111 34.513611111)
http://www.wikidata.org/entity/Q1143655,Драй-Тортугас,США,Северная Америка,261.8,1935,,Point(-82.873333333 24.628611111)
http://www.wikidata.org/entity/Q1144814,Curracabundi National Park,Австралия,Австралия и Океания,153.63267578125,2006,,Point(151.61956787 -31.6457826)
http://www.wikidata.org/entity/Q1144814,Curracabundi National Park,Австралия,Австралия и Океания,153.63267578125,2010,,Point(151.61956787 -31.6457826)
http://www.wikidata.org/entity/Q1144814,Curracabundi National Park,Австралия,Австралия и Океания,10784,2006,,Point(151.61956787 -31.6457826)
http://www.wikidata.org/entity/Q1144814,Curracabundi National Park,Австралия,Австралия и Океания,10784,2010,,Point(151.61956787 -31.6457826)
http://www.wikidata.org/entity/Q1144838,Currawinya National Park,Австралия,Австралия и Океания,3438.9425,1991,139,Point(144.478011111 -28.783702777)
http://www.wikidata.org/entity/Q1144838,Currawinya National Park,Австралия,Австралия и Океания,3438.9425,2016,139,Point(144.478011111 -28.783702777)
http://www.wikidata.org/entity/Q1144838,Currawinya National Park,Австралия,Австралия и Океания,1.5487,1991,139,Point(144.478011111 -28.783702777)
http://www.wikidata.org/entity/Q1144838,Currawinya National Park,Австралия,Австралия и Океания,1.5487,2016,139,Point(144.478011111 -28.783702777)
http://www.wikidata.org/entity/Q1145412,Curtain Fig National Park,Австралия,Австралия и Океания,1.95079025268555,2005,747,Point(145.57361111 -17.28583333)
http://www.wikidata.org/entity/Q1145412,Curtain Fig National Park,Австралия,Австралия и Океания,1.95079025268555,2017,747,Point(145.57361111 -17.28583333)
http://www.wikidata.org/entity/Q1145412,Curtain Fig National Park,Австралия,Австралия и Океания,196,2005,747,Point(145.57361111 -17.28583333)
http://www.wikidata.org/entity/Q1145412,Curtain Fig National Park,Австралия,Австралия и Океания,196,2017,747,Point(145.57361111 -17.28583333)
http://www.wikidata.org/entity/Q1145503,Curtis Island National Park,Австралия,Австралия и Океания,864,1992,40,Point(151.221111111 -23.530277777)
http://www.wikidata.org/entity/Q1145503,Curtis Island National Park,Австралия,Австралия и Океания,864,2013,40,Point(151.221111111 -23.530277777)
http://www.wikidata.org/entity/Q1145503,Curtis Island National Park,Австралия,Австралия и Океания,102.705654296875,1992,40,Point(151.221111111 -23.530277777)
http://www.wikidata.org/entity/Q1145503,Curtis Island National Park,Австралия,Австралия и Океания,102.705654296875,2013,40,Point(151.221111111 -23.530277777)
http://www.wikidata.org/entity/Q1153938,Пойнт-Пили,Канада,Северная Америка,15.2,1918,,Point(-82.516666666 41.966666666)
http://www.wikidata.org/entity/Q1156717,Дачигам (национальный парк),Индия,Азия,147,1910,,Point(75.02 34.14)
http://www.wikidata.org/entity/Q1158073,Dalrymple National Park,Австралия,Австралия и Океания,166,1990,275,Point(146.099444444 -19.787777777)
http://www.wikidata.org/entity/Q1158073,Dalrymple National Park,Австралия,Австралия и Океания,166,1998,275,Point(146.099444444 -19.787777777)
http://www.wikidata.org/entity/Q1158073,Dalrymple National Park,Австралия,Австралия и Океания,17.3385729980469,1990,275,Point(146.099444444 -19.787777777)
http://www.wikidata.org/entity/Q1158073,Dalrymple National Park,Австралия,Австралия и Океания,17.3385729980469,1998,275,Point(146.099444444 -19.787777777)
http://www.wikidata.org/entity/Q1159284,Danbulla National Park,Австралия,Австралия и Океания,8133,2011,737,Point(145.54638889 -17.15333333)
http://www.wikidata.org/entity/Q1159284,Danbulla National Park,Австралия,Австралия и Океания,8133,2015,737,Point(145.54638889 -17.15333333)
http://www.wikidata.org/entity/Q1159284,Danbulla National Park,Австралия,Австралия и Океания,114.254765625,2011,737,Point(145.54638889 -17.15333333)
http://www.wikidata.org/entity/Q1159284,Danbulla National Park,Австралия,Австралия и Океания,114.254765625,2015,737,Point(145.54638889 -17.15333333)
http://www.wikidata.org/entity/Q1159284,Danbulla National Park,Австралия,Австралия и Океания,8133,2011,737,Point(145.611 -17.1062)
http://www.wikidata.org/entity/Q1159284,Danbulla National Park,Австралия,Австралия и Океания,8133,2015,737,Point(145.611 -17.1062)
http://www.wikidata.org/entity/Q1159284,Danbulla National Park,Австралия,Австралия и Океания,114.254765625,2011,737,Point(145.611 -17.1062)
http://www.wikidata.org/entity/Q1159284,Danbulla National Park,Австралия,Австралия и Океания,114.254765625,2015,737,Point(145.611 -17.1062)
http://www.wikidata.org/entity/Q1161253,Глейшер,Канада,Северная Америка,1349,1886,,Point(-117.519 51.3)
http://www.wikidata.org/entity/Q1163005,Триглав,Словения,Европа,839.81,1981,,Point(13.8497 46.3831)
http://www.wikidata.org/entity/Q1163005,Триглав,Словения,Европа,839.7944514,1981,,Point(13.8497 46.3831)
http://www.wikidata.org/entity/Q1163128,Альфред,Австралия,Австралия и Океания,30.5,1925,211,Point(149.360277777 -37.571388888)
http://www.wikidata.org/entity/Q1163128,Альфред,Австралия,Австралия и Океания,30.5,1956,211,Point(149.360277777 -37.571388888)
http://www.wikidata.org/entity/Q1163128,Альфред,Австралия,Австралия и Океания,305,1925,211,Point(149.360277777 -37.571388888)
http://www.wikidata.org/entity/Q1163128,Альфред,Австралия,Австралия и Океания,305,1956,211,Point(149.360277777 -37.571388888)
http://www.wikidata.org/entity/Q1163128,Альфред,Австралия,Австралия и Океания,30.2174584960938,1925,211,Point(149.360277777 -37.571388888)
http://www.wikidata.org/entity/Q1163128,Альфред,Австралия,Австралия и Океания,30.2174584960938,1956,211,Point(149.360277777 -37.571388888)
http://www.wikidata.org/entity/Q1163275,Organ Pipes National Park,Австралия,Австралия и Океания,0.65,1972,136,Point(144.767 -37.6686)
http://www.wikidata.org/entity/Q1163275,Organ Pipes National Park,Австралия,Австралия и Океания,0.65,1988,136,Point(144.767 -37.6686)
http://www.wikidata.org/entity/Q1163275,Organ Pipes National Park,Австралия,Австралия и Океания,0.85,1972,136,Point(144.767 -37.6686)
http://www.wikidata.org/entity/Q1163275,Organ Pipes National Park,Австралия,Австралия и Океания,0.85,1988,136,Point(144.767 -37.6686)
http://www.wikidata.org/entity/Q1163275,Organ Pipes National Park,Австралия,Австралия и Океания,1.53,1972,136,Point(144.767 -37.6686)
http://www.wikidata.org/entity/Q1163275,Organ Pipes National Park,Австралия,Австралия и Океания,1.53,1988,136,Point(144.767 -37.6686)
http://www.wikidata.org/entity/Q1163275,Organ Pipes National Park,Австралия,Австралия и Океания,1.21,1972,136,Point(144.767 -37.6686)
http://www.wikidata.org/entity/Q1163275,Organ Pipes National Park,Австралия,Австралия и Океания,1.21,1988,136,Point(144.767 -37.6686)
http://www.wikidata.org/entity/Q1163275,Organ Pipes National Park,Австралия,Австралия и Океания,1.52561859130859,1972,136,Point(144.767 -37.6686)
http://www.wikidata.org/entity/Q1163275,Organ Pipes National Park,Австралия,Австралия и Океания,1.52561859130859,1988,136,Point(144.767 -37.6686)
http://www.wikidata.org/entity/Q1163542,Лассен-Волканик,США,Северная Америка,430.8,1916,,Point(-121.4275 40.498055555)
http://www.wikidata.org/entity/Q1163799,Норт-Каскейдс,США,Северная Америка,2043,1968,,Point(-120.911388888 48.483055555)
http://www.wikidata.org/entity/Q1164803,Deua National Park,Австралия,Австралия и Океания,1216.03984375,1979,433,Point(149.7511111 -35.915)
http://www.wikidata.org/entity/Q1164803,Deua National Park,Австралия,Австралия и Океания,1216.03984375,2014,433,Point(149.7511111 -35.915)
http://www.wikidata.org/entity/Q1164803,Deua National Park,Австралия,Австралия и Океания,1220,1979,433,Point(149.7511111 -35.915)
http://www.wikidata.org/entity/Q1164803,Deua National Park,Австралия,Австралия и Океания,1220,2014,433,Point(149.7511111 -35.915)
http://www.wikidata.org/entity/Q1164806,Wyrrabalong National Park,Австралия,Австралия и Океания,0,1991,2,Point(151.4844444 -33.398333333)
http://www.wikidata.org/entity/Q1164806,Wyrrabalong National Park,Австралия,Австралия и Океания,0,2005,2,Point(151.4844444 -33.398333333)
http://www.wikidata.org/entity/Q1164806,Wyrrabalong National Park,Австралия,Австралия и Океания,62,1991,2,Point(151.4844444 -33.398333333)
http://www.wikidata.org/entity/Q1164806,Wyrrabalong National Park,Австралия,Австралия и Океания,62,2005,2,Point(151.4844444 -33.398333333)
http://www.wikidata.org/entity/Q1164823,Oolambeyan National Park,Австралия,Австралия и Океания,22231,2001,100,Point(145.273 -34.7214)
http://www.wikidata.org/entity/Q1164823,Oolambeyan National Park,Австралия,Австралия и Океания,22231,2012,100,Point(145.273 -34.7214)
http://www.wikidata.org/entity/Q1164823,Oolambeyan National Park,Австралия,Австралия и Океания,221.998203125,2001,100,Point(145.273 -34.7214)
http://www.wikidata.org/entity/Q1164823,Oolambeyan National Park,Австралия,Австралия и Океания,221.998203125,2012,100,Point(145.273 -34.7214)
http://www.wikidata.org/entity/Q1164871,Mutawintji National Park,Австралия,Австралия и Океания,689,1998,280,Point(142.381 -31.1467)
http://www.wikidata.org/entity/Q1164871,Mutawintji National Park,Австралия,Австралия и Океания,677.823984375,1998,280,Point(142.381 -31.1467)
http://www.wikidata.org/entity/Q1164875,Marramarra National Park,Австралия,Австралия и Океания,118,1979,214,Point(151.0677778 -33.531666666)
http://www.wikidata.org/entity/Q1164875,Marramarra National Park,Австралия,Австралия и Океания,118,2003,214,Point(151.0677778 -33.531666666)
http://www.wikidata.org/entity/Q1164875,Marramarra National Park,Австралия,Австралия и Океания,116.52181640625,1979,214,Point(151.0677778 -33.531666666)
http://www.wikidata.org/entity/Q1164875,Marramarra National Park,Австралия,Австралия и Океания,116.52181640625,2003,214,Point(151.0677778 -33.531666666)
http://www.wikidata.org/entity/Q1164884,South East Forest National Park,Австралия,Австралия и Океания,1113.69354556523,1997,,Point(149.476 -36.9872)
http://www.wikidata.org/entity/Q1164884,South East Forest National Park,Австралия,Австралия и Океания,1113.69354556523,2015,,Point(149.476 -36.9872)
http://www.wikidata.org/entity/Q1164884,South East Forest National Park,Австралия,Австралия и Океания,1.15177,1997,,Point(149.476 -36.9872)
http://www.wikidata.org/entity/Q1164884,South East Forest National Park,Австралия,Австралия и Океания,1.15177,2015,,Point(149.476 -36.9872)
http://www.wikidata.org/entity/Q1165039,Indwarra National Park,Австралия,Австралия и Океания,94,1999,,Point(151.250555555 -30.085555555)
http://www.wikidata.org/entity/Q1165039,Indwarra National Park,Австралия,Австралия и Океания,9.30996459960937,1999,,Point(151.250555555 -30.085555555)
http://www.wikidata.org/entity/Q1165053,Werakata National Park,Австралия,Австралия и Океания,33.3697314453125,1999,51,Point(151.4177778 -32.848333333)
http://www.wikidata.org/entity/Q1165053,Werakata National Park,Австралия,Австралия и Океания,33.3697314453125,2005,51,Point(151.4177778 -32.848333333)
http://www.wikidata.org/entity/Q1165053,Werakata National Park,Австралия,Австралия и Океания,2139,1999,51,Point(151.4177778 -32.848333333)
http://www.wikidata.org/entity/Q1165053,Werakata National Park,Австралия,Австралия и Океания,2139,2005,51,Point(151.4177778 -32.848333333)
http://www.wikidata.org/entity/Q1165056,Georges River National Park,Австралия,Австралия и Океания,0,1992,21,Point(151.032 -33.9828)
http://www.wikidata.org/entity/Q1165056,Georges River National Park,Австралия,Австралия и Океания,0,2012,21,Point(151.032 -33.9828)
http://www.wikidata.org/entity/Q1165056,Georges River National Park,Австралия,Австралия и Океания,34,1992,21,Point(151.032 -33.9828)
http://www.wikidata.org/entity/Q1165056,Georges River National Park,Австралия,Австралия и Океания,34,2012,21,Point(151.032 -33.9828)
http://www.wikidata.org/entity/Q1165056,Georges River National Park,Австралия,Австралия и Океания,0,1992,21,Point(151.0344444 -33.981666666)
http://www.wikidata.org/entity/Q1165056,Georges River National Park,Австралия,Австралия и Океания,0,2012,21,Point(151.0344444 -33.981666666)
http://www.wikidata.org/entity/Q1165056,Georges River National Park,Австралия,Австралия и Океания,34,1992,21,Point(151.0344444 -33.981666666)
http://www.wikidata.org/entity/Q1165056,Georges River National Park,Австралия,Австралия и Океания,34,2012,21,Point(151.0344444 -33.981666666)
http://www.wikidata.org/entity/Q1165060,Mount Imlay National Park,Австралия,Австралия и Океания,47.1686279296875,1972,328,Point(149.7511111 -37.165)
http://www.wikidata.org/entity/Q1165060,Mount Imlay National Park,Австралия,Австралия и Океания,47.1686279296875,1999,328,Point(149.7511111 -37.165)
http://www.wikidata.org/entity/Q1165060,Mount Imlay National Park,Австралия,Австралия и Океания,48,1972,328,Point(149.7511111 -37.165)
http://www.wikidata.org/entity/Q1165060,Mount Imlay National Park,Австралия,Австралия и Океания,48,1999,328,Point(149.7511111 -37.165)
http://www.wikidata.org/entity/Q1165064,Dooragan National Park,Австралия,Австралия и Океания,11,1997,,Point(152.773888888 -31.664444444)
http://www.wikidata.org/entity/Q1165064,Dooragan National Park,Австралия,Австралия и Океания,11,2015,,Point(152.773888888 -31.664444444)
http://www.wikidata.org/entity/Q1165064,Dooragan National Park,Австралия,Австралия и Океания,10.954775390625,1997,,Point(152.773888888 -31.664444444)
http://www.wikidata.org/entity/Q1165064,Dooragan National Park,Австралия,Австралия и Океания,10.954775390625,2015,,Point(152.773888888 -31.664444444)
http://www.wikidata.org/entity/Q1165069,Seven Mile Beach National Park,Австралия,Австралия и Океания,898,1971,20,Point(150.7511111 -34.815)
http://www.wikidata.org/entity/Q1165069,Seven Mile Beach National Park,Австралия,Австралия и Океания,898,2013,20,Point(150.7511111 -34.815)
http://www.wikidata.org/entity/Q1165069,Seven Mile Beach National Park,Австралия,Австралия и Океания,9.64630432128906,1971,20,Point(150.7511111 -34.815)
http://www.wikidata.org/entity/Q1165069,Seven Mile Beach National Park,Австралия,Австралия и Океания,9.64630432128906,2013,20,Point(150.7511111 -34.815)
http://www.wikidata.org/entity/Q1165080,Turon National Park,Австралия,Австралия и Океания,30.9862670898438,2002,866,Point(149.9344444 -33.198333333)
http://www.wikidata.org/entity/Q1165080,Turon National Park,Австралия,Австралия и Океания,30.9862670898438,2009,866,Point(149.9344444 -33.198333333)
http://www.wikidata.org/entity/Q1165080,Turon National Park,Австралия,Австралия и Океания,3059,2002,866,Point(149.9344444 -33.198333333)
http://www.wikidata.org/entity/Q1165080,Turon National Park,Австралия,Австралия и Океания,3059,2009,866,Point(149.9344444 -33.198333333)
http://www.wikidata.org/entity/Q1165123,Mallanganee National Park,Австралия,Австралия и Океания,11,1999,,Point(152.753611111 -28.919166666)
http://www.wikidata.org/entity/Q1165123,Mallanganee National Park,Австралия,Австралия и Океания,11.3526770019531,1999,,Point(152.753611111 -28.919166666)
http://www.wikidata.org/entity/Q1165129,Nowendoc National Park,Австралия,Австралия и Океания,173.43490234375,1999,,Point(151.597777777 -31.532777777)
http://www.wikidata.org/entity/Q1165129,Nowendoc National Park,Австралия,Австралия и Океания,173.43490234375,2008,,Point(151.597777777 -31.532777777)
http://www.wikidata.org/entity/Q1165129,Nowendoc National Park,Австралия,Австралия и Океания,88,1999,,Point(151.597777777 -31.532777777)
http://www.wikidata.org/entity/Q1165129,Nowendoc National Park,Австралия,Австралия и Океания,88,2008,,Point(151.597777777 -31.532777777)
http://www.wikidata.org/entity/Q1165139,Mount Clunie National Park,Австралия,Австралия и Океания,14.0111462402344,1999,,Point(152.52 -28.324166666)
http://www.wikidata.org/entity/Q1165139,Mount Clunie National Park,Австралия,Австралия и Океания,1426,1999,,Point(152.52 -28.324166666)
http://www.wikidata.org/entity/Q1165146,Fortis Creek National Park,Австралия,Австралия и Океания,79.094609375,1997,,Point(152.879444444 -29.429722222)
http://www.wikidata.org/entity/Q1165146,Fortis Creek National Park,Австралия,Австралия и Океания,79.094609375,2003,,Point(152.879444444 -29.429722222)
http://www.wikidata.org/entity/Q1165146,Fortis Creek National Park,Австралия,Австралия и Океания,78,1997,,Point(152.879444444 -29.429722222)
http://www.wikidata.org/entity/Q1165146,Fortis Creek National Park,Австралия,Австралия и Океания,78,2003,,Point(152.879444444 -29.429722222)
http://www.wikidata.org/entity/Q1165175,Meroo National Park,Австралия,Австралия и Океания,38.3258276367187,2001,,Point(150.397222222 -35.448333333)
http://www.wikidata.org/entity/Q1165175,Meroo National Park,Австралия,Австралия и Океания,38.3258276367187,2011,,Point(150.397222222 -35.448333333)
http://www.wikidata.org/entity/Q1165185,Goonengerry National Park,Австралия,Австралия и Океания,5.24177124023437,1999,,Point(153.404722222 -28.579722222)
http://www.wikidata.org/entity/Q1165185,Goonengerry National Park,Австралия,Австралия и Океания,5.24177124023437,2012,,Point(153.404722222 -28.579722222)
http://www.wikidata.org/entity/Q1165185,Goonengerry National Park,Австралия,Австралия и Океания,44,1999,,Point(153.404722222 -28.579722222)
http://www.wikidata.org/entity/Q1165185,Goonengerry National Park,Австралия,Австралия и Океания,44,2012,,Point(153.404722222 -28.579722222)
http://www.wikidata.org/entity/Q1165190,Junuy Juluum National Park,Австралия,Австралия и Океания,9.44936950683594,1999,,Point(152.727222222 -30.299166666)
http://www.wikidata.org/entity/Q1165190,Junuy Juluum National Park,Австралия,Австралия и Океания,945,1999,,Point(152.727222222 -30.299166666)
http://www.wikidata.org/entity/Q1165288,Gundabooka National Park,Австралия,Австралия и Океания,640.256953125,1996,127,Point(145.7163889 -30.509444444)
http://www.wikidata.org/entity/Q1165288,Gundabooka National Park,Австралия,Австралия и Океания,640.256953125,2002,127,Point(145.7163889 -30.509444444)
http://www.wikidata.org/entity/Q1165288,Gundabooka National Park,Австралия,Австралия и Океания,63902,1996,127,Point(145.7163889 -30.509444444)
http://www.wikidata.org/entity/Q1165288,Gundabooka National Park,Австралия,Австралия и Океания,63902,2002,127,Point(145.7163889 -30.509444444)
http://www.wikidata.org/entity/Q1165291,Tomaree National Park,Австралия,Австралия и Океания,2318,1984,37,Point(152.140833333 -32.752777777)
http://www.wikidata.org/entity/Q1165291,Tomaree National Park,Австралия,Австралия и Океания,2318,2007,37,Point(152.140833333 -32.752777777)
http://www.wikidata.org/entity/Q1165291,Tomaree National Park,Австралия,Австралия и Океания,23.2318969726563,1984,37,Point(152.140833333 -32.752777777)
http://www.wikidata.org/entity/Q1165291,Tomaree National Park,Австралия,Австралия и Океания,23.2318969726563,2007,37,Point(152.140833333 -32.752777777)
http://www.wikidata.org/entity/Q1165291,Tomaree National Park,Австралия,Австралия и Океания,2318,1984,37,Point(152.1511111 -32.74)
http://www.wikidata.org/entity/Q1165291,Tomaree National Park,Австралия,Австралия и Океания,2318,2007,37,Point(152.1511111 -32.74)
http://www.wikidata.org/entity/Q1165291,Tomaree National Park,Австралия,Австралия и Океания,23.2318969726563,1984,37,Point(152.1511111 -32.74)
http://www.wikidata.org/entity/Q1165291,Tomaree National Park,Австралия,Австралия и Океания,23.2318969726563,2007,37,Point(152.1511111 -32.74)
http://www.wikidata.org/entity/Q1165318,Kwiambal National Park,Австралия,Австралия и Океания,1301,2000,429,Point(150.9816667 -29.154444444)
http://www.wikidata.org/entity/Q1165318,Kwiambal National Park,Австралия,Австралия и Океания,1301,2011,429,Point(150.9816667 -29.154444444)
http://www.wikidata.org/entity/Q1165318,Kwiambal National Park,Австралия,Австралия и Океания,76.627802734375,2000,429,Point(150.9816667 -29.154444444)
http://www.wikidata.org/entity/Q1165318,Kwiambal National Park,Австралия,Австралия и Океания,76.627802734375,2011,429,Point(150.9816667 -29.154444444)
http://www.wikidata.org/entity/Q1165318,Kwiambal National Park,Австралия,Австралия и Океания,1301,2000,429,Point(150.983888888 -29.154166666)
http://www.wikidata.org/entity/Q1165318,Kwiambal National Park,Австралия,Австралия и Океания,1301,2011,429,Point(150.983888888 -29.154166666)
http://www.wikidata.org/entity/Q1165318,Kwiambal National Park,Австралия,Австралия и Океания,76.627802734375,2000,429,Point(150.983888888 -29.154166666)
http://www.wikidata.org/entity/Q1165318,Kwiambal National Park,Австралия,Австралия и Океания,76.627802734375,2011,429,Point(150.983888888 -29.154166666)
http://www.wikidata.org/entity/Q1165321,Mount Jerusalem National Park,Австралия,Австралия и Океания,5149,1995,696,Point(153.3594444 -28.523333333)
http://www.wikidata.org/entity/Q1165321,Mount Jerusalem National Park,Австралия,Австралия и Океания,5149,2014,696,Point(153.3594444 -28.523333333)
http://www.wikidata.org/entity/Q1165321,Mount Jerusalem National Park,Австралия,Австралия и Океания,50.853466796875,1995,696,Point(153.3594444 -28.523333333)
http://www.wikidata.org/entity/Q1165321,Mount Jerusalem National Park,Австралия,Австралия и Океания,50.853466796875,2014,696,Point(153.3594444 -28.523333333)
http://www.wikidata.org/entity/Q1165321,Mount Jerusalem National Park,Австралия,Австралия и Океания,5149,1995,696,Point(153.357777777 -28.484444444)
http://www.wikidata.org/entity/Q1165321,Mount Jerusalem National Park,Австралия,Австралия и Океания,5149,2014,696,Point(153.357777777 -28.484444444)
http://www.wikidata.org/entity/Q1165321,Mount Jerusalem National Park,Австралия,Австралия и Океания,50.853466796875,1995,696,Point(153.357777777 -28.484444444)
http://www.wikidata.org/entity/Q1165321,Mount Jerusalem National Park,Австралия,Австралия и Океания,50.853466796875,2014,696,Point(153.357777777 -28.484444444)
http://www.wikidata.org/entity/Q1165327,Mount Nothofagus National Park,Австралия,Австралия и Океания,6.5,1999,,Point(152.633611111 -28.3175)
http://www.wikidata.org/entity/Q1165327,Mount Nothofagus National Park,Австралия,Австралия и Океания,21.1879931640625,1999,,Point(152.633611111 -28.3175)
http://www.wikidata.org/entity/Q1165327,Mount Nothofagus National Park,Австралия,Австралия и Океания,218,1999,,Point(152.633611111 -28.3175)
http://www.wikidata.org/entity/Q1165387,Koreelah National Park,Австралия,Австралия и Океания,51.44046875,1999,,Point(152.438888888 -28.305277777)
http://www.wikidata.org/entity/Q1165387,Koreelah National Park,Австралия,Австралия и Океания,527,1999,,Point(152.438888888 -28.305277777)
http://www.wikidata.org/entity/Q1165416,Kumbatine National Park,Австралия,Австралия и Океания,151,1999,,Point(152.601388888 -31.143055555)
http://www.wikidata.org/entity/Q1165416,Kumbatine National Park,Австралия,Австралия и Океания,151,2014,,Point(152.601388888 -31.143055555)
http://www.wikidata.org/entity/Q1165416,Kumbatine National Park,Австралия,Австралия и Океания,153.86658203125,1999,,Point(152.601388888 -31.143055555)
http://www.wikidata.org/entity/Q1165416,Kumbatine National Park,Австралия,Австралия и Океания,153.86658203125,2014,,Point(152.601388888 -31.143055555)
http://www.wikidata.org/entity/Q1165427,Kings Plains National Park,Австралия,Австралия и Океания,6918,1988,728,Point(151.365555555 -29.58)
http://www.wikidata.org/entity/Q1165427,Kings Plains National Park,Австралия,Австралия и Океания,6918,2010,728,Point(151.365555555 -29.58)
http://www.wikidata.org/entity/Q1165427,Kings Plains National Park,Австралия,Австралия и Океания,82.102578125,1988,728,Point(151.365555555 -29.58)
http://www.wikidata.org/entity/Q1165427,Kings Plains National Park,Австралия,Австралия и Океания,82.102578125,2010,728,Point(151.365555555 -29.58)
http://www.wikidata.org/entity/Q1165452,Mooball National Park,Австралия,Австралия и Океания,116,1999,,Point(153.464722222 -28.388333333)
http://www.wikidata.org/entity/Q1194252,Эравикулам,Индия,Азия,127,1978,,Point(77.083 10.2)
http://www.wikidata.org/entity/Q1969017,Национальный парк Шебеник-Ябланица,Албания,Европа,339,2008,,Point(20.450021 41.222643)
http://www.wikidata.org/entity/Q1969017,Национальный парк Шебеник-Ябланица,Албания,Европа,339.277,2008,,Point(20.450021 41.222643)
http://www.wikidata.org/entity/Q1969043,Sapo National Park,Либерия,Африка,1804,1983,,Point(-8.50503 5.36985)
http://www.wikidata.org/entity/Q1969043,Sapo National Park,Либерия,Африка,1804,1983,,Point(-8.55083333 5.47638889)
http://www.wikidata.org/entity/Q1969050,Национальный парк Сьерра-Невада,Испания,Европа,862,1999,1818,Point(-3.09 37.1)
http://www.wikidata.org/entity/Q1969050,Национальный парк Сьерра-Невада,Испания,Европа,858.8289465,1999,1818,Point(-3.09 37.1)
http://www.wikidata.org/entity/Q1969050,Национальный парк Сьерра-Невада,Испания,Европа,862.08,1999,1818,Point(-3.09 37.1)
http://www.wikidata.org/entity/Q1969050,Национальный парк Сьерра-Невада,Испания,Европа,1722.3805,1999,1818,Point(-3.09 37.1)
http://www.wikidata.org/entity/Q1969065,Tirgua National Park,Венесуэла,Южная Америка,910,1992,,Point(-68.66805556 9.86472222)
http://www.wikidata.org/entity/Q1969097,Тубкаль,Марокко,Африка,380,1942,,Point(-7.83333 31.0833)
http://www.wikidata.org/entity/Q1969102,Masaya Volcano National Park,Никарагуа,Северная Америка,54.69,1979,,Point(-86.15 11.98333333)
http://www.wikidata.org/entity/Q1969108,Zall-Gjoçaj National Park,Албания,Европа,1.4,1996,,Point(19.898056 41.520556)
http://www.wikidata.org/entity/Q1969108,Zall-Gjoçaj National Park,Албания,Европа,1.4,1996,,Point(20.18611111 41.70888889)
http://www.wikidata.org/entity/Q1970895,Нордре Исфьорден,Норвегия,Европа,2954,2003,,Point(14.383333 78.4)
http://www.wikidata.org/entity/Q1970895,Нордре Исфьорден,Норвегия,Европа,2952.105897,2003,,Point(14.383333 78.4)
http://www.wikidata.org/entity/Q1973215,Южная Луангва,Замбия,Африка,9050,1938,586,Point(31.5 -13.0)
http://www.wikidata.org/entity/Q1974494,Тижука,Бразилия,Южная Америка,39.58,1961,538,Point(-43.277777777 -22.959444444)
http://www.wikidata.org/entity/Q1974494,Тижука,Бразилия,Южная Америка,39.58,1961,538,Point(-43.277777777 -22.959444444)
http://www.wikidata.org/entity/Q1976764,Tapin Tops National Park,Австралия,Австралия и Океания,10976,1999,,Point(152.186944444 -31.663611111)
http://www.wikidata.org/entity/Q1976764,Tapin Tops National Park,Австралия,Австралия и Океания,108.893896484375,1999,,Point(152.186944444 -31.663611111)
http://www.wikidata.org/entity/Q1982368,New England National Park,Австралия,Австралия и Океания,72241,1935,279,Point(152.5011111 -30.498333333)
http://www.wikidata.org/entity/Q1982368,New England National Park,Австралия,Австралия и Океания,72241,2012,279,Point(152.5011111 -30.498333333)
http://www.wikidata.org/entity/Q1982368,New England National Park,Австралия,Австралия и Океания,299.85,1935,279,Point(152.5011111 -30.498333333)
http://www.wikidata.org/entity/Q1982368,New England National Park,Австралия,Австралия и Океания,299.85,2012,279,Point(152.5011111 -30.498333333)
http://www.wikidata.org/entity/Q1982368,New England National Park,Австралия,Австралия и Океания,711.772578125,1935,279,Point(152.5011111 -30.498333333)
http://www.wikidata.org/entity/Q1982368,New England National Park,Австралия,Австралия и Океания,711.772578125,2012,279,Point(152.5011111 -30.498333333)
http://www.wikidata.org/entity/Q1984244,Дилижанский национальный парк,Армения,Азия,240,2002,1685,Point(45.02138889 40.65638889)
http://www.wikidata.org/entity/Q1988901,Prespes National Park,Греция,Европа,250,1974,,Point(21.07722222 40.77222222)
http://www.wikidata.org/entity/Q1988901,Prespes National Park,Греция,Европа,266.1306,1974,,Point(21.07722222 40.77222222)
http://www.wikidata.org/entity/Q1989158,Пинд,Греция,Европа,1462.59,2005,,Point(21.11666667 39.9)
http://www.wikidata.org/entity/Q1992720,Nimule National Park,Южный Судан,Африка,410,1954,640,Point(31.9476 3.7026)
http://www.wikidata.org/entity/Q1993949,Нитмилук,Австралия,Австралия и Океания,1131.729765625,1,,Point(132.423 -14.3122)
http://www.wikidata.org/entity/Q1993949,Нитмилук,Австралия,Австралия и Океания,1131.729765625,1989,,Point(132.423 -14.3122)
http://www.wikidata.org/entity/Q1993949,Нитмилук,Австралия,Австралия и Океания,2.921,1,,Point(132.423 -14.3122)
http://www.wikidata.org/entity/Q1993949,Нитмилук,Австралия,Австралия и Океания,2.921,1989,,Point(132.423 -14.3122)
http://www.wikidata.org/entity/Q1999046,The Broads,Великобритания,Европа,303,1988,,Point(1.5 52.666666666)
http://www.wikidata.org/entity/Q1999046,The Broads,Великобритания,Европа,303,1988,,Point(1.640833333 52.724166666)
http://www.wikidata.org/entity/Q2003663,Бундала,Шри-Ланка,Азия,62,1993,,Point(81.225 6.213888888)
http://www.wikidata.org/entity/Q2006345,Подийи,Чехия,Европа,62.792814,1991,207,Point(15.89722222 48.84777778)
http://www.wikidata.org/entity/Q2006345,Подийи,Чехия,Европа,62.792814,1991,536,Point(15.89722222 48.84777778)
http://www.wikidata.org/entity/Q2576838,Yanga National Park,Австралия,Австралия и Океания,3119,2016,,Point(143.583 -34.65)
http://www.wikidata.org/entity/Q2576838,Yanga National Park,Австралия,Австралия и Океания,353.8289453125,2016,,Point(143.583 -34.65)
http://www.wikidata.org/entity/Q2580089,Джурджура,Алжир,Африка,82.25,1983,,Point(4.1333 36.4667)
http://www.wikidata.org/entity/Q2580141,Бхитарканика,Индия,Азия,145,1975,,Point(86.9341 20.6625)
http://www.wikidata.org/entity/Q2586011,Принс-Риджент,Австралия,Австралия и Океания,5848.17375,1964,,Point(125.2333 -15.5)
http://www.wikidata.org/entity/Q2586011,Принс-Риджент,Австралия,Австралия и Океания,5848.17375,2011,,Point(125.2333 -15.5)
http://www.wikidata.org/entity/Q2586011,Принс-Риджент,Австралия,Австралия и Океания,5764,1964,,Point(125.2333 -15.5)
http://www.wikidata.org/entity/Q2586011,Принс-Риджент,Австралия,Австралия и Океания,5764,2011,,Point(125.2333 -15.5)
http://www.wikidata.org/entity/Q2593033,Wongi National Park,Австралия,Австралия и Океания,1016,2006,205,Point(152.2711947 -25.5367047)
http://www.wikidata.org/entity/Q2593033,Wongi National Park,Австралия,Австралия и Океания,1016,2011,205,Point(152.2711947 -25.5367047)
http://www.wikidata.org/entity/Q2593033,Wongi National Park,Австралия,Австралия и Океания,109.35892578125,2006,205,Point(152.2711947 -25.5367047)
http://www.wikidata.org/entity/Q2593033,Wongi National Park,Австралия,Австралия и Океания,109.35892578125,2011,205,Point(152.2711947 -25.5367047)
http://www.wikidata.org/entity/Q2593051,Woocoo National Park,Австралия,Австралия и Океания,2.43679656982422,2006,141,Point(152.3282156 -25.6378718)
http://www.wikidata.org/entity/Q2593051,Woocoo National Park,Австралия,Австралия и Океания,243,2006,141,Point(152.3282156 -25.6378718)
http://www.wikidata.org/entity/Q2593051,Woocoo National Park,Австралия,Австралия и Океания,2.43679656982422,2006,141,Point(152.33 -25.638611111)
http://www.wikidata.org/entity/Q2593051,Woocoo National Park,Австралия,Австралия и Океания,243,2006,141,Point(152.33 -25.638611111)
http://www.wikidata.org/entity/Q2593313,Woondum National Park,Австралия,Австралия и Океания,4001,2009,,Point(152.8117685 -26.2846796)
http://www.wikidata.org/entity/Q2593313,Woondum National Park,Австралия,Австралия и Океания,4001,2014,,Point(152.8117685 -26.2846796)
http://www.wikidata.org/entity/Q2593313,Woondum National Park,Австралия,Австралия и Океания,40.49767578125,2009,,Point(152.8117685 -26.2846796)
http://www.wikidata.org/entity/Q2593313,Woondum National Park,Австралия,Австралия и Океания,40.49767578125,2014,,Point(152.8117685 -26.2846796)
http://www.wikidata.org/entity/Q2594015,Woroon National Park,Австралия,Австралия и Океания,5529,2006,333,Point(151.7645339 -26.0701744)
http://www.wikidata.org/entity/Q2594015,Woroon National Park,Австралия,Австралия и Океания,5.51301147460937,2006,333,Point(151.7645339 -26.0701744)
http://www.wikidata.org/entity/Q2594015,Woroon National Park,Австралия,Австралия и Океания,5529,2006,333,Point(151.763055555 -26.068055555)
http://www.wikidata.org/entity/Q2594015,Woroon National Park,Австралия,Австралия и Океания,5.51301147460937,2006,333,Point(151.763055555 -26.068055555)
http://www.wikidata.org/entity/Q2594415,Wrattens National Park,Австралия,Австралия и Океания,20869,2009,,Point(152.3375141 -26.2912665)
http://www.wikidata.org/entity/Q2594415,Wrattens National Park,Австралия,Австралия и Океания,20869,2011,,Point(152.3375141 -26.2912665)
http://www.wikidata.org/entity/Q2594415,Wrattens National Park,Австралия,Австралия и Океания,217.897890625,2009,,Point(152.3375141 -26.2912665)
http://www.wikidata.org/entity/Q2594415,Wrattens National Park,Австралия,Австралия и Океания,217.897890625,2011,,Point(152.3375141 -26.2912665)
http://www.wikidata.org/entity/Q2599639,Yarrahapinni Wetlands National Park,Австралия,Австралия и Океания,13.0114196777344,2007,,Point(152.97277778 -30.89638889)
http://www.wikidata.org/entity/Q2599639,Yarrahapinni Wetlands National Park,Австралия,Австралия и Океания,13.0114196777344,2012,,Point(152.97277778 -30.89638889)
http://www.wikidata.org/entity/Q2599639,Yarrahapinni Wetlands National Park,Австралия,Австралия и Океания,806,2007,,Point(152.97277778 -30.89638889)
http://www.wikidata.org/entity/Q2599639,Yarrahapinni Wetlands National Park,Австралия,Австралия и Океания,806,2012,,Point(152.97277778 -30.89638889)
http://www.wikidata.org/entity/Q2600427,Каланки (национальный парк),Франция,Европа,520,2012,,Point(5.44916667 43.20944444)
http://www.wikidata.org/entity/Q2600427,Каланки (национальный парк),Франция,Европа,519.977298,2012,,Point(5.44916667 43.20944444)
http://www.wikidata.org/entity/Q2601211,Сьерра-Невада-де-Санта-Марта,Колумбия,Южная Америка,3830,1964,,Point(-73.716666666 10.866666666)
http://www.wikidata.org/entity/Q2603196,Чирибикете,Колумбия,Южная Америка,27633.99,1989,189,Point(-72.8054 0.700607)
http://www.wikidata.org/entity/Q2603196,Чирибикете,Колумбия,Южная Америка,39896.8282,1989,189,Point(-72.8054 0.700607)
http://www.wikidata.org/entity/Q2603196,Чирибикете,Колумбия,Южная Америка,27823.54,1989,189,Point(-72.8054 0.700607)
http://www.wikidata.org/entity/Q2605019,Канченджанга,Индия,Азия,1784,1977,,Point(88.3123 27.6563)
http://www.wikidata.org/entity/Q2605019,Канченджанга,Индия,Азия,1147.12,1977,,Point(88.3123 27.6563)
http://www.wikidata.org/entity/Q2625399,Кхаптад,Непал,Азия,255,1984,,Point(80.99 29.27)
http://www.wikidata.org/entity/Q2639563,Tadoba-Andhari Tiger Reserve,Индия,Азия,1727.5911,1995,,Point(79.42528 20.24873)
http://www.wikidata.org/entity/Q2639563,Tadoba-Andhari Tiger Reserve,Индия,Азия,1727.5911,1995,,Point(79.4291 20.267)
http://www.wikidata.org/entity/Q2639657,Albinia National Park,Австралия,Австралия и Океания,73.45583984375,2008,,Point(148.4923599 -24.4748351)
http://www.wikidata.org/entity/Q2639657,Albinia National Park,Австралия,Австралия и Океания,7360,2008,,Point(148.4923599 -24.4748351)
http://www.wikidata.org/entity/Q2641970,Деосай,Пакистан,Азия,3464,1993,,Point(75.414393 35.01893)
http://www.wikidata.org/entity/Q2645587,Альтон (национальный парк),Австралия,Австралия и Океания,5.57966247558594,1973,241,Point(149.313333333 -27.989722222)
http://www.wikidata.org/entity/Q2645587,Альтон (национальный парк),Австралия,Австралия и Океания,5.57966247558594,2001,241,Point(149.313333333 -27.989722222)
http://www.wikidata.org/entity/Q2648427,Якури,Эквадор,Южная Америка,481.34,2009,,Point(-79.365 -4.706)
http://www.wikidata.org/entity/Q2658531,Bania National Park,Австралия,Австралия и Океания,328.6695703125,2008,,Point(151.4825372 -24.9806596)
http://www.wikidata.org/entity/Q2658531,Bania National Park,Австралия,Австралия и Океания,328.6695703125,2014,,Point(151.4825372 -24.9806596)
http://www.wikidata.org/entity/Q2658531,Bania National Park,Австралия,Австралия и Океания,33110,2008,,Point(151.4825372 -24.9806596)
http://www.wikidata.org/entity/Q2658531,Bania National Park,Австралия,Австралия и Океания,33110,2014,,Point(151.4825372 -24.9806596)
http://www.wikidata.org/entity/Q2659252,Basilisk Range National Park,Австралия,Австралия и Океания,221,2010,,Point(145.9778132 -17.6943897)
http://www.wikidata.org/entity/Q2659252,Basilisk Range National Park,Австралия,Австралия и Океания,22.2133032226563,2010,,Point(145.9778132 -17.6943897)
http://www.wikidata.org/entity/Q2660354,Bellthorpe National Park,Австралия,Австралия и Океания,76.43125,2010,,Point(152.6790973 -26.8918025)
http://www.wikidata.org/entity/Q2660354,Bellthorpe National Park,Австралия,Австралия и Океания,76.43125,2014,,Point(152.6790973 -26.8918025)
http://www.wikidata.org/entity/Q2660354,Bellthorpe National Park,Австралия,Австралия и Океания,7550,2010,,Point(152.6790973 -26.8918025)
http://www.wikidata.org/entity/Q2660354,Bellthorpe National Park,Австралия,Австралия и Океания,7550,2014,,Point(152.6790973 -26.8918025)
http://www.wikidata.org/entity/Q1476533,Mares Forest National Park,Австралия,Австралия и Океания,26.4530712890625,2016,,Point(149.9125 -34.32777778)
http://www.wikidata.org/entity/Q1476533,Mares Forest National Park,Австралия,Австралия и Океания,2559,2010,,Point(149.9125 -34.32777778)
http://www.wikidata.org/entity/Q1476533,Mares Forest National Park,Австралия,Австралия и Океания,2559,2016,,Point(149.9125 -34.32777778)
http://www.wikidata.org/entity/Q1476916,Kalbario-Patapat National Park,Филиппины,Азия,38,2007,,Point(120.91666667 18.53333333)
http://www.wikidata.org/entity/Q1477179,Russell River National Park,Австралия,Австралия и Океания,41,1969,393,Point(145.939 -17.2247)
http://www.wikidata.org/entity/Q1477179,Russell River National Park,Австралия,Австралия и Океания,41,2008,393,Point(145.939 -17.2247)
http://www.wikidata.org/entity/Q1477179,Russell River National Park,Австралия,Австралия и Океания,57.519736328125,1969,393,Point(145.939 -17.2247)
http://www.wikidata.org/entity/Q1477179,Russell River National Park,Австралия,Австралия и Океания,57.519736328125,2008,393,Point(145.939 -17.2247)
http://www.wikidata.org/entity/Q1478367,Махали-Маунтинс,Танзания,Африка,1613,1985,,Point(29.93333333 -6.26666667)
http://www.wikidata.org/entity/Q1480481,Канха,Индия,Азия,940,1955,,Point(80.645 22.2275)
http://www.wikidata.org/entity/Q1480521,Timanfaya National Park,Испания,Европа,51.7663693,1974,103,Point(-13.779722222 29.011388888)
http://www.wikidata.org/entity/Q1756401,Пасифик-Рим,Канада,Северная Америка,510,2001,,Point(-125.666666666 48.983333333)
http://www.wikidata.org/entity/Q1681298,Tilligerry National Park,Австралия,Австралия и Океания,1.41204605102539,2007,,Point(151.94944444 -32.77361111)
http://www.wikidata.org/entity/Q1681298,Tilligerry National Park,Австралия,Австралия и Океания,141,2007,,Point(151.94944444 -32.77361111)
http://www.wikidata.org/entity/Q1681298,Tilligerry National Park,Австралия,Австралия и Океания,141,2007,,Point(151.94944444 -32.77361111)
http://www.wikidata.org/entity/Q1685981,Жанетт-Кауас,Гондурас,Северная Америка,781.62,1988,,Point(-87.66666667 15.85)
http://www.wikidata.org/entity/Q1687776,Jerrawangala National Park,Австралия,Австралия и Океания,40.2032788085938,2001,,Point(150.44 -35.06)
http://www.wikidata.org/entity/Q1687776,Jerrawangala National Park,Австралия,Австралия и Океания,40.2032788085938,2007,,Point(150.44 -35.06)
http://www.wikidata.org/entity/Q1687776,Jerrawangala National Park,Австралия,Австралия и Океания,4008,2001,,Point(150.44 -35.06)
http://www.wikidata.org/entity/Q1687776,Jerrawangala National Park,Австралия,Австралия и Океания,4008,2007,,Point(150.44 -35.06)
http://www.wikidata.org/entity/Q1696277,Turtle Group National Park,Австралия,Австралия и Океания,105,1939,4,Point(145.20305556 -14.73611111)
http://www.wikidata.org/entity/Q1696277,Turtle Group National Park,Австралия,Австралия и Океания,105,2000,4,Point(145.20305556 -14.73611111)
http://www.wikidata.org/entity/Q1696277,Turtle Group National Park,Австралия,Австралия и Океания,1.21097900390625,1939,4,Point(145.20305556 -14.73611111)
http://www.wikidata.org/entity/Q1696277,Turtle Group National Park,Австралия,Австралия и Океания,1.21097900390625,2000,4,Point(145.20305556 -14.73611111)
http://www.wikidata.org/entity/Q1696277,Turtle Group National Park,Австралия,Австралия и Океания,105,1939,4,Point(145.203 -14.7047)
http://www.wikidata.org/entity/Q1696277,Turtle Group National Park,Австралия,Австралия и Океания,105,2000,4,Point(145.203 -14.7047)
http://www.wikidata.org/entity/Q1696277,Turtle Group National Park,Австралия,Австралия и Океания,1.21097900390625,1939,4,Point(145.203 -14.7047)
http://www.wikidata.org/entity/Q1696277,Turtle Group National Park,Австралия,Австралия и Океания,1.21097900390625,2000,4,Point(145.203 -14.7047)
http://www.wikidata.org/entity/Q1699032,Джон-Форрест,Австралия,Австралия и Океания,27,1898,175,Point(116.091161 -31.869706)
http://www.wikidata.org/entity/Q1699032,Джон-Форрест,Австралия,Австралия и Океания,27,1990,175,Point(116.091161 -31.869706)
http://www.wikidata.org/entity/Q1743569,Kirrama National Park,Австралия,Австралия и Океания,174.6309765625,2011,733,Point(145.645830555 -18.051111111)
http://www.wikidata.org/entity/Q1743664,Киртхар (национальный парк),Пакистан,Азия,3087,1974,,Point(67.58333333 25.7)
http://www.wikidata.org/entity/Q1743959,Китуло,Танзания,Африка,464,2005,,Point(33.85 -9.01666667)
http://www.wikidata.org/entity/Q1747195,Makgadikgadi Pans National Park,Ботсвана,Африка,4902,1992,,Point(24.78277778 -20.605)
http://www.wikidata.org/entity/Q1749839,Kon Ka Kinh National Park,Вьетнам,Азия,420.57,2002,,Point(108.36666667 14.33333333)
http://www.wikidata.org/entity/Q1751847,Sumapaz Natural Park,Колумбия,Южная Америка,1421.12,1977,,Point(-74.1 4.41667)
http://www.wikidata.org/entity/Q1751924,Ваза,Камерун,Африка,170,1934,307,Point(14.4167 11.2667)
http://www.wikidata.org/entity/Q1753496,Серра-дуз-Органс,Бразилия,Южная Америка,110,1939,684,Point(-43.05679 -22.48211)
http://www.wikidata.org/entity/Q1753496,Серра-дуз-Органс,Бразилия,Южная Америка,200.21,1939,684,Point(-43.05679 -22.48211)
http://www.wikidata.org/entity/Q1754183,Скулескуген,Швеция,Европа,17.73888,1984,,Point(18.484165611 63.110978284)
http://www.wikidata.org/entity/Q1754183,Скулескуген,Швеция,Европа,3.17145,1984,,Point(18.484165611 63.110978284)
http://www.wikidata.org/entity/Q1754183,Скулескуген,Швеция,Европа,30.5708,1984,,Point(18.484165611 63.110978284)
http://www.wikidata.org/entity/Q1754183,Скулескуген,Швеция,Европа,27.3991,1984,,Point(18.484165611 63.110978284)
http://www.wikidata.org/entity/Q1754204,Вадвечокка,Швеция,Европа,27.0394,1920,,Point(18.43265553 68.541278472)
http://www.wikidata.org/entity/Q1754204,Вадвечокка,Швеция,Европа,0,1920,,Point(18.43265553 68.541278472)
http://www.wikidata.org/entity/Q1754204,Вадвечокка,Швеция,Европа,0.50576,1920,,Point(18.43265553 68.541278472)
http://www.wikidata.org/entity/Q1754204,Вадвечокка,Швеция,Европа,26.5334,1920,,Point(18.43265553 68.541278472)
http://www.wikidata.org/entity/Q1755161,Косцюшко,Австралия,Австралия и Океания,6886.20820201325,1944,1337,Point(148.4186111 -36.412777777)
http://www.wikidata.org/entity/Q1755161,Косцюшко,Австралия,Австралия и Океания,6886.20820201325,2016,1337,Point(148.4186111 -36.412777777)
http://www.wikidata.org/entity/Q1755161,Косцюшко,Австралия,Австралия и Океания,6.73492,1944,1337,Point(148.4186111 -36.412777777)
http://www.wikidata.org/entity/Q1755161,Косцюшко,Австралия,Австралия и Океания,6.73492,2016,1337,Point(148.4186111 -36.412777777)
http://www.wikidata.org/entity/Q1755161,Косцюшко,Австралия,Австралия и Океания,6886.20820201325,1944,1337,Point(148.3344444 -35.998333333)
http://www.wikidata.org/entity/Q1755161,Косцюшко,Австралия,Австралия и Океания,6886.20820201325,2016,1337,Point(148.3344444 -35.998333333)
http://www.wikidata.org/entity/Q1755161,Косцюшко,Австралия,Австралия и Океания,6.73492,1944,1337,Point(148.3344444 -35.998333333)
http://www.wikidata.org/entity/Q1755161,Косцюшко,Австралия,Австралия и Океания,6.73492,2016,1337,Point(148.3344444 -35.998333333)
http://www.wikidata.org/entity/Q1755551,Меру,Кения,Африка,870,1966,,Point(38.20805556 -0.09361111)
http://www.wikidata.org/entity/Q1755551,Меру,Кения,Африка,870,1966,,Point(38.20633 0.08171)
http://www.wikidata.org/entity/Q2316148,St Helena Island National Park,Австралия,Австралия и Океания,0.801527099609375,1979,,Point(153.23166667 -27.39333333)
http://www.wikidata.org/entity/Q2316148,St Helena Island National Park,Австралия,Австралия и Океания,0.801527099609375,1994,,Point(153.23166667 -27.39333333)
http://www.wikidata.org/entity/Q2316148,St Helena Island National Park,Австралия,Австралия и Океания,751,1979,,Point(153.23166667 -27.39333333)
http://www.wikidata.org/entity/Q2316148,St Helena Island National Park,Австралия,Австралия и Океания,751,1994,,Point(153.23166667 -27.39333333)
http://www.wikidata.org/entity/Q2325342,Mount Merbabu National Park,Индонезия,Азия,67,2004,,Point(110.4 -7.5)
http://www.wikidata.org/entity/Q2347510,Wollumbin National Park,Австралия,Австралия и Океания,4117,1967,964,Point(153.268611111 -28.389722222)
http://www.wikidata.org/entity/Q2347510,Wollumbin National Park,Австралия,Австралия и Океания,4117,2009,964,Point(153.268611111 -28.389722222)
http://www.wikidata.org/entity/Q2347510,Wollumbin National Park,Австралия,Австралия и Океания,42.482958984375,1967,964,Point(153.268611111 -28.389722222)
http://www.wikidata.org/entity/Q2347510,Wollumbin National Park,Австралия,Австралия и Океания,42.482958984375,2009,964,Point(153.268611111 -28.389722222)
http://www.wikidata.org/entity/Q2347510,Wollumbin National Park,Австралия,Австралия и Океания,23.8,1967,964,Point(153.268611111 -28.389722222)
http://www.wikidata.org/entity/Q2347510,Wollumbin National Park,Австралия,Австралия и Океания,23.8,2009,964,Point(153.268611111 -28.389722222)
http://www.wikidata.org/entity/Q2363309,Q2363309,Филиппины,Азия,6.09,1936,,Point(123.788 10.3788)
http://www.wikidata.org/entity/Q2371921,Swain Reefs National Park,Австралия,Австралия и Океания,5815,1995,,Point(151.846666666 -21.239444444)
http://www.wikidata.org/entity/Q2371921,Swain Reefs National Park,Австралия,Австралия и Океания,5815,2005,,Point(151.846666666 -21.239444444)
http://www.wikidata.org/entity/Q2371921,Swain Reefs National Park,Австралия,Австралия и Океания,0.560513191223145,1995,,Point(151.846666666 -21.239444444)
http://www.wikidata.org/entity/Q2371921,Swain Reefs National Park,Австралия,Австралия и Океания,0.560513191223145,2005,,Point(151.846666666 -21.239444444)
http://www.wikidata.org/entity/Q2372700,Мудумалай,Индия,Азия,321,1940,1266,Point(76.5 11.6)
http://www.wikidata.org/entity/Q2383378,Гирканский национальный парк,Азербайджан,Азия,403.58,2004,243,Point(48.71166667 38.63055556)
http://www.wikidata.org/entity/Q2383378,Гирканский национальный парк,Азербайджан,Азия,403.58,2004,243,Point(48.72575 38.5639)
http://www.wikidata.org/entity/Q2549832,Warro National Park,Австралия,Австралия и Океания,60.809208984375,2006,308,Point(151.710833333 -24.648333333)
http://www.wikidata.org/entity/Q2549832,Warro National Park,Австралия,Австралия и Океания,6032,2006,308,Point(151.7163434 -24.6471534)
http://www.wikidata.org/entity/Q2549832,Warro National Park,Австралия,Австралия и Океания,60.809208984375,2006,308,Point(151.7163434 -24.6471534)
http://www.wikidata.org/entity/Q2567639,Wickham National Park,Австралия,Австралия и Океания,141,2009,,Point(153.162708 -27.833764)
http://www.wikidata.org/entity/Q2567639,Wickham National Park,Австралия,Австралия и Океания,141,2014,,Point(153.162708 -27.833764)
http://www.wikidata.org/entity/Q2567639,Wickham National Park,Австралия,Австралия и Океания,1.45979751586914,2009,,Point(153.162708 -27.833764)
http://www.wikidata.org/entity/Q2567639,Wickham National Park,Австралия,Австралия и Океания,1.45979751586914,2014,,Point(153.162708 -27.833764)
http://www.wikidata.org/entity/Q2567639,Wickham National Park,Австралия,Австралия и Океания,1.46,2009,,Point(153.162708 -27.833764)
http://www.wikidata.org/entity/Q2567639,Wickham National Park,Австралия,Австралия и Океания,1.46,2014,,Point(153.162708 -27.833764)
http://www.wikidata.org/entity/Q2567639,Wickham National Park,Австралия,Австралия и Океания,141,2009,,Point(153.158888888 -27.833333333)
http://www.wikidata.org/entity/Q2567639,Wickham National Park,Австралия,Австралия и Океания,141,2014,,Point(153.158888888 -27.833333333)
http://www.wikidata.org/entity/Q2567639,Wickham National Park,Австралия,Австралия и Океания,1.45979751586914,2009,,Point(153.158888888 -27.833333333)
http://www.wikidata.org/entity/Q2567639,Wickham National Park,Австралия,Австралия и Океания,1.45979751586914,2014,,Point(153.158888888 -27.833333333)
http://www.wikidata.org/entity/Q2567639,Wickham National Park,Австралия,Австралия и Океания,1.46,2009,,Point(153.158888888 -27.833333333)
http://www.wikidata.org/entity/Q2567639,Wickham National Park,Австралия,Австралия и Океания,1.46,2014,,Point(153.158888888 -27.833333333)
http://www.wikidata.org/entity/Q2571074,Topaz Road National Park,Австралия,Австралия и Океания,378,1977,753,Point(145.699722222 -17.4)
http://www.wikidata.org/entity/Q2571074,Topaz Road National Park,Австралия,Австралия и Океания,378,1994,753,Point(145.699722222 -17.4)
http://www.wikidata.org/entity/Q2571074,Topaz Road National Park,Австралия,Австралия и Океания,0.361163558959961,1977,753,Point(145.699722222 -17.4)
http://www.wikidata.org/entity/Q2571074,Topaz Road National Park,Австралия,Австралия и Океания,0.361163558959961,1994,753,Point(145.699722222 -17.4)
http://www.wikidata.org/entity/Q2572177,Сариска,Индия,Азия,219,1955,,Point(76.43694444 27.3175)
http://www.wikidata.org/entity/Q2572177,Сариска,Индия,Азия,219,1955,,Point(76.43319 27.32856)
http://www.wikidata.org/entity/Q2576611,Yabbra National Park,Австралия,Австралия и Океания,89.706767578125,1999,,Point(152.510833333 -29.944166666)
http://www.wikidata.org/entity/Q2576611,Yabbra National Park,Австралия,Австралия и Океания,89.706767578125,2018,,Point(152.510833333 -29.944166666)
http://www.wikidata.org/entity/Q1164871,Mutawintji National Park,Австралия,Австралия и Океания,689,1998,280,Point(142.5012 -31.1652)
http://www.wikidata.org/entity/Q1164871,Mutawintji National Park,Австралия,Австралия и Океания,677.823984375,1998,280,Point(142.5012 -31.1652)
http://www.wikidata.org/entity/Q2576611,Yabbra National Park,Австралия,Австралия и Океания,889,1999,,Point(152.510833333 -29.944166666)
http://www.wikidata.org/entity/Q2576611,Yabbra National Park,Австралия,Австралия и Океания,889,2018,,Point(152.510833333 -29.944166666)
http://www.wikidata.org/entity/Q2576838,Yanga National Park,Австралия,Австралия и Океания,3119,2005,,Point(143.583 -34.65)
http://www.wikidata.org/entity/Q2576838,Yanga National Park,Австралия,Австралия и Океания,353.8289453125,2005,,Point(143.583 -34.65)
http://www.wikidata.org/entity/Q2671889,Мкомази,Танзания,Африка,3306,1951,,Point(38.389444444 -4.299444444)
http://www.wikidata.org/entity/Q1165460,Ramornie National Park,Австралия,Австралия и Океания,3307,1999,,Point(152.673333333 -29.711388888)
http://www.wikidata.org/entity/Q1165460,Ramornie National Park,Австралия,Австралия и Океания,3307,2003,,Point(152.673333333 -29.711388888)
http://www.wikidata.org/entity/Q1165460,Ramornie National Park,Австралия,Австралия и Океания,32.7544775390625,1999,,Point(152.673333333 -29.711388888)
http://www.wikidata.org/entity/Q1165460,Ramornie National Park,Австралия,Австралия и Океания,32.7544775390625,2003,,Point(152.673333333 -29.711388888)
http://www.wikidata.org/entity/Q1165967,Маунт-Буффало,Австралия,Австралия и Океания,310.2,1898,,Point(146.775 -36.7383)
http://www.wikidata.org/entity/Q1165967,Маунт-Буффало,Австралия,Австралия и Океания,274.7853125,1898,,Point(146.775 -36.7383)
http://www.wikidata.org/entity/Q1177800,Davies Creek National Park,Австралия,Австралия и Океания,4.99514862060547,1971,482,Point(145.581666666 -17.009722222)
http://www.wikidata.org/entity/Q1177800,Davies Creek National Park,Австралия,Австралия и Океания,4.99514862060547,2001,482,Point(145.581666666 -17.009722222)
http://www.wikidata.org/entity/Q1177800,Davies Creek National Park,Австралия,Австралия и Океания,486,1971,482,Point(145.581666666 -17.009722222)
http://www.wikidata.org/entity/Q1177800,Davies Creek National Park,Австралия,Австралия и Океания,486,2001,482,Point(145.581666666 -17.009722222)
http://www.wikidata.org/entity/Q1178506,Dawes National Park,Австралия,Австралия и Океания,89.1237890625,2006,474,Point(151.208330555 -24.65)
http://www.wikidata.org/entity/Q1178506,Dawes National Park,Австралия,Австралия и Океания,89.1237890625,2014,474,Point(151.208330555 -24.65)
http://www.wikidata.org/entity/Q1178506,Dawes National Park,Австралия,Австралия и Океания,463,2006,474,Point(151.208330555 -24.65)
http://www.wikidata.org/entity/Q1178506,Dawes National Park,Австралия,Австралия и Океания,463,2014,474,Point(151.208330555 -24.65)
http://www.wikidata.org/entity/Q1178506,Dawes National Park,Австралия,Австралия и Океания,89.1237890625,2006,474,Point(151.281216 -24.5360409)
http://www.wikidata.org/entity/Q1178506,Dawes National Park,Австралия,Австралия и Океания,89.1237890625,2014,474,Point(151.281216 -24.5360409)
http://www.wikidata.org/entity/Q1178506,Dawes National Park,Австралия,Австралия и Океания,463,2006,474,Point(151.281216 -24.5360409)
http://www.wikidata.org/entity/Q1178506,Dawes National Park,Австралия,Австралия и Океания,463,2014,474,Point(151.281216 -24.5360409)
http://www.wikidata.org/entity/Q1182459,Deepwater National Park,Австралия,Австралия и Океания,47.328193359375,1988,13,Point(151.891944444 -24.261111111)
http://www.wikidata.org/entity/Q1182459,Deepwater National Park,Австралия,Австралия и Океания,473,1988,13,Point(151.891944444 -24.261111111)
http://www.wikidata.org/entity/Q2043976,Катимбау,Бразилия,Южная Америка,623,2002,,Point(-37.15 -8.61667)
http://www.wikidata.org/entity/Q2053999,Utría National Natural Park,Колумбия,Южная Америка,54.3,1987,,Point(-77.35 5.98333)
http://www.wikidata.org/entity/Q2053999,Utría National Natural Park,Колумбия,Южная Америка,54.3,1987,,Point(-77.242 6.003)
http://www.wikidata.org/entity/Q2660354,Bellthorpe National Park,Австралия,Австралия и Океания,76.43125,2010,,Point(152.689 -26.8658)
http://www.wikidata.org/entity/Q2660354,Bellthorpe National Park,Австралия,Австралия и Океания,76.43125,2014,,Point(152.689 -26.8658)
http://www.wikidata.org/entity/Q2660354,Bellthorpe National Park,Австралия,Австралия и Океания,7550,2010,,Point(152.689 -26.8658)
http://www.wikidata.org/entity/Q2660354,Bellthorpe National Park,Австралия,Австралия и Океания,7550,2014,,Point(152.689 -26.8658)
http://www.wikidata.org/entity/Q2662123,Binya National Park,Австралия,Австралия и Океания,133.785693359375,2009,,Point(145.6119765 -28.8467689)
http://www.wikidata.org/entity/Q2662123,Binya National Park,Австралия,Австралия и Океания,13710,2009,,Point(145.6119765 -28.8467689)
http://www.wikidata.org/entity/Q2662698,Bluff Hill National Park,Австралия,Австралия и Океания,18.110234375,2008,,Point(148.7773749 -21.054851)
http://www.wikidata.org/entity/Q2662698,Bluff Hill National Park,Австралия,Австралия и Океания,1806,2008,,Point(148.7773749 -21.054851)
http://www.wikidata.org/entity/Q2664184,Белезма,Алжир,Африка,262.5,1984,,Point(6.03333333 35.58333333)
http://www.wikidata.org/entity/Q2664193,Гурея,Алжир,Африка,20.8,1984,,Point(5.1 36.7667)
http://www.wikidata.org/entity/Q2664197,Тлемсен,Алжир,Африка,8225,1993,,Point(-1.459733 34.706346)
http://www.wikidata.org/entity/Q2671615,Таза,Алжир,Африка,38.07,1985,,Point(5.5594 36.7002)
http://www.wikidata.org/entity/Q1792589,Тарра-Булга,Австралия,Австралия и Океания,20.22,1956,466,Point(146.58 -38.4417)
http://www.wikidata.org/entity/Q1792589,Тарра-Булга,Австралия,Австралия и Океания,20.22,1986,466,Point(146.58 -38.4417)
http://www.wikidata.org/entity/Q1792589,Тарра-Булга,Австралия,Австралия и Океания,20.15,1956,466,Point(146.58 -38.4417)
http://www.wikidata.org/entity/Q1792589,Тарра-Булга,Австралия,Австралия и Океания,20.15,1986,466,Point(146.58 -38.4417)
http://www.wikidata.org/entity/Q1792589,Тарра-Булга,Австралия,Австралия и Океания,20.1723059082031,1956,466,Point(146.58 -38.4417)
http://www.wikidata.org/entity/Q1792589,Тарра-Булга,Австралия,Австралия и Океания,20.1723059082031,1986,466,Point(146.58 -38.4417)
http://www.wikidata.org/entity/Q1792932,Kuranda National Park,Австралия,Австралия и Океания,274.06251953125,1989,624,Point(145.61666667 -17.00972222)
http://www.wikidata.org/entity/Q1792932,Kuranda National Park,Австралия,Австралия и Океания,274.06251953125,2016,624,Point(145.61666667 -17.00972222)
http://www.wikidata.org/entity/Q1792932,Kuranda National Park,Австралия,Австралия и Океания,24362,1989,624,Point(145.61666667 -17.00972222)
http://www.wikidata.org/entity/Q1792932,Kuranda National Park,Австралия,Австралия и Океания,24362,2016,624,Point(145.61666667 -17.00972222)
http://www.wikidata.org/entity/Q1792932,Kuranda National Park,Австралия,Австралия и Океания,274.06251953125,1989,624,Point(145.54918 -16.69972)
http://www.wikidata.org/entity/Q1792932,Kuranda National Park,Австралия,Австралия и Океания,274.06251953125,2016,624,Point(145.54918 -16.69972)
http://www.wikidata.org/entity/Q1792932,Kuranda National Park,Австралия,Австралия и Океания,24362,1989,624,Point(145.54918 -16.69972)
http://www.wikidata.org/entity/Q1792932,Kuranda National Park,Австралия,Австралия и Океания,24362,2016,624,Point(145.54918 -16.69972)
http://www.wikidata.org/entity/Q1799705,Lachlan Valley National Park,Австралия,Австралия и Океания,208.98703125,2010,,Point(145.112755 -33.7567804)
http://www.wikidata.org/entity/Q1799705,Lachlan Valley National Park,Австралия,Австралия и Океания,208.98703125,2016,,Point(145.112755 -33.7567804)
http://www.wikidata.org/entity/Q1799705,Lachlan Valley National Park,Австралия,Австралия и Океания,11638,2010,,Point(145.112755 -33.7567804)
http://www.wikidata.org/entity/Q1799705,Lachlan Valley National Park,Австралия,Австралия и Океания,11638,2016,,Point(145.112755 -33.7567804)
http://www.wikidata.org/entity/Q1800487,Лагодехи,Грузия,Европа,244.51,1912,,Point(46.28 41.82)
http://www.wikidata.org/entity/Q1800487,Лагодехи,Грузия,Европа,244.51,1912,,Point(46.33333 41.9)
http://www.wikidata.org/entity/Q1800839,Lake Bindegolly National Park,Австралия,Австралия и Океания,125,1991,145,Point(144.193611111 -28.013333333)
http://www.wikidata.org/entity/Q1800839,Lake Bindegolly National Park,Австралия,Австралия и Океания,125,1998,145,Point(144.193611111 -28.013333333)
http://www.wikidata.org/entity/Q1800839,Lake Bindegolly National Park,Австралия,Австралия и Океания,127.41748046875,1991,145,Point(144.193611111 -28.013333333)
http://www.wikidata.org/entity/Q1800839,Lake Bindegolly National Park,Австралия,Австралия и Океания,127.41748046875,1998,145,Point(144.193611111 -28.013333333)
http://www.wikidata.org/entity/Q1800842,Lake Naujan National Park,Филиппины,Азия,13011,1968,,Point(121.16666667 13.16666667)
http://www.wikidata.org/entity/Q1810964,Walpole-Nornalup National Park,Австралия,Австралия и Океания,0.136294541358948,1957,153,Point(116.766669444 -34.983330555)
http://www.wikidata.org/entity/Q1810964,Walpole-Nornalup National Park,Австралия,Австралия и Океания,0.136294541358948,1972,153,Point(116.766669444 -34.983330555)
http://www.wikidata.org/entity/Q1810964,Walpole-Nornalup National Park,Австралия,Австралия и Океания,0.136294541358948,1973,153,Point(116.766669444 -34.983330555)
http://www.wikidata.org/entity/Q1810964,Walpole-Nornalup National Park,Австралия,Австралия и Океания,0.136294541358948,2002,153,Point(116.766669444 -34.983330555)
http://www.wikidata.org/entity/Q1810964,Walpole-Nornalup National Park,Австралия,Австралия и Океания,4.09691162109375,1957,153,Point(116.766669444 -34.983330555)
http://www.wikidata.org/entity/Q1810964,Walpole-Nornalup National Park,Австралия,Австралия и Океания,4.09691162109375,1972,153,Point(116.766669444 -34.983330555)
http://www.wikidata.org/entity/Q1810964,Walpole-Nornalup National Park,Австралия,Австралия и Океания,4.09691162109375,1973,153,Point(116.766669444 -34.983330555)
http://www.wikidata.org/entity/Q1810964,Walpole-Nornalup National Park,Австралия,Австралия и Океания,4.09691162109375,2002,153,Point(116.766669444 -34.983330555)
http://www.wikidata.org/entity/Q1810964,Walpole-Nornalup National Park,Австралия,Австралия и Океания,159,1957,153,Point(116.766669444 -34.983330555)
http://www.wikidata.org/entity/Q1810964,Walpole-Nornalup National Park,Австралия,Австралия и Океания,159,1972,153,Point(116.766669444 -34.983330555)
http://www.wikidata.org/entity/Q1810964,Walpole-Nornalup National Park,Австралия,Австралия и Океания,159,1973,153,Point(116.766669444 -34.983330555)
http://www.wikidata.org/entity/Q1810964,Walpole-Nornalup National Park,Австралия,Австралия и Океания,159,2002,153,Point(116.766669444 -34.983330555)
http://www.wikidata.org/entity/Q1810964,Walpole-Nornalup National Park,Австралия,Австралия и Океания,149.134697265625,1957,153,Point(116.766669444 -34.983330555)
http://www.wikidata.org/entity/Q1810964,Walpole-Nornalup National Park,Австралия,Австралия и Океания,149.134697265625,1972,153,Point(116.766669444 -34.983330555)
http://www.wikidata.org/entity/Q1810964,Walpole-Nornalup National Park,Австралия,Австралия и Океания,149.134697265625,1973,153,Point(116.766669444 -34.983330555)
http://www.wikidata.org/entity/Q1810964,Walpole-Nornalup National Park,Австралия,Австралия и Океания,149.134697265625,2002,153,Point(116.766669444 -34.983330555)
http://www.wikidata.org/entity/Q1810964,Walpole-Nornalup National Park,Австралия,Австралия и Океания,32.0920239257812,1957,153,Point(116.766669444 -34.983330555)
http://www.wikidata.org/entity/Q1810964,Walpole-Nornalup National Park,Австралия,Австралия и Океания,32.0920239257812,1972,153,Point(116.766669444 -34.983330555)
http://www.wikidata.org/entity/Q1810964,Walpole-Nornalup National Park,Австралия,Австралия и Океания,32.0920239257812,1973,153,Point(116.766669444 -34.983330555)
http://www.wikidata.org/entity/Q1810964,Walpole-Nornalup National Park,Австралия,Австралия и Океания,32.0920239257812,2002,153,Point(116.766669444 -34.983330555)
http://www.wikidata.org/entity/Q1810964,Walpole-Nornalup National Park,Австралия,Австралия и Океания,0.136294541358948,1957,153,Point(116.767 -34.9833)
http://www.wikidata.org/entity/Q1810964,Walpole-Nornalup National Park,Австралия,Австралия и Океания,0.136294541358948,1972,153,Point(116.767 -34.9833)
http://www.wikidata.org/entity/Q1810964,Walpole-Nornalup National Park,Австралия,Австралия и Океания,0.136294541358948,1973,153,Point(116.767 -34.9833)
http://www.wikidata.org/entity/Q1810964,Walpole-Nornalup National Park,Австралия,Австралия и Океания,0.136294541358948,2002,153,Point(116.767 -34.9833)
http://www.wikidata.org/entity/Q1810964,Walpole-Nornalup National Park,Австралия,Австралия и Океания,4.09691162109375,1957,153,Point(116.767 -34.9833)
http://www.wikidata.org/entity/Q1810964,Walpole-Nornalup National Park,Австралия,Австралия и Океания,4.09691162109375,1972,153,Point(116.767 -34.9833)
http://www.wikidata.org/entity/Q1810964,Walpole-Nornalup National Park,Австралия,Австралия и Океания,4.09691162109375,1973,153,Point(116.767 -34.9833)
http://www.wikidata.org/entity/Q1810964,Walpole-Nornalup National Park,Австралия,Австралия и Океания,4.09691162109375,2002,153,Point(116.767 -34.9833)
http://www.wikidata.org/entity/Q1810964,Walpole-Nornalup National Park,Австралия,Австралия и Океания,159,1957,153,Point(116.767 -34.9833)
http://www.wikidata.org/entity/Q1810964,Walpole-Nornalup National Park,Австралия,Австралия и Океания,159,1972,153,Point(116.767 -34.9833)
http://www.wikidata.org/entity/Q1810964,Walpole-Nornalup National Park,Австралия,Австралия и Океания,159,1973,153,Point(116.767 -34.9833)
http://www.wikidata.org/entity/Q1810964,Walpole-Nornalup National Park,Австралия,Австралия и Океания,159,2002,153,Point(116.767 -34.9833)
http://www.wikidata.org/entity/Q1810964,Walpole-Nornalup National Park,Австралия,Австралия и Океания,149.134697265625,1957,153,Point(116.767 -34.9833)
http://www.wikidata.org/entity/Q1810964,Walpole-Nornalup National Park,Австралия,Австралия и Океания,149.134697265625,1972,153,Point(116.767 -34.9833)
http://www.wikidata.org/entity/Q1810964,Walpole-Nornalup National Park,Австралия,Австралия и Океания,149.134697265625,1973,153,Point(116.767 -34.9833)
http://www.wikidata.org/entity/Q1810964,Walpole-Nornalup National Park,Австралия,Австралия и Океания,149.134697265625,2002,153,Point(116.767 -34.9833)
http://www.wikidata.org/entity/Q1810964,Walpole-Nornalup National Park,Австралия,Австралия и Океания,32.0920239257812,1957,153,Point(116.767 -34.9833)
http://www.wikidata.org/entity/Q1810964,Walpole-Nornalup National Park,Австралия,Австралия и Океания,32.0920239257812,1972,153,Point(116.767 -34.9833)
http://www.wikidata.org/entity/Q1810964,Walpole-Nornalup National Park,Австралия,Австралия и Океания,32.0920239257812,1973,153,Point(116.767 -34.9833)
http://www.wikidata.org/entity/Q1810964,Walpole-Nornalup National Park,Австралия,Австралия и Океания,32.0920239257812,2002,153,Point(116.767 -34.9833)
http://www.wikidata.org/entity/Q1811861,Воллеми,Австралия,Австралия и Океания,5.01703,1979,537,Point(150.3344444 -32.998333333)
http://www.wikidata.org/entity/Q1811861,Воллеми,Австралия,Австралия и Океания,5.01703,2016,537,Point(150.3344444 -32.998333333)
http://www.wikidata.org/entity/Q1811861,Воллеми,Австралия,Австралия и Океания,5023.8728125,1979,537,Point(150.3344444 -32.998333333)
http://www.wikidata.org/entity/Q1811861,Воллеми,Австралия,Австралия и Океания,5023.8728125,2016,537,Point(150.3344444 -32.998333333)
http://www.wikidata.org/entity/Q1814848,Ла Висит,Гаити,Северная Америка,30,1983,,Point(-71.98472222 18.33444444)
http://www.wikidata.org/entity/Q1815584,Лобеке,Камерун,Африка,2178.54,1999,449,Point(15.75 2.25)
http://www.wikidata.org/entity/Q1815612,Намдапха,Индия,Азия,1985,1974,,Point(96.110294 27.649841)
http://www.wikidata.org/entity/Q1817735,Баянаульский национальный парк,СССР,Азия,684.53,1985,,Point(75.6 50.8)
http://www.wikidata.org/entity/Q1817735,Баянаульский национальный парк,СССР,Европа,684.53,1985,,Point(75.6 50.8)
http://www.wikidata.org/entity/Q1817735,Баянаульский национальный парк,Казахстан,Азия,684.53,1985,,Point(75.6 50.8)
http://www.wikidata.org/entity/Q1817735,Баянаульский национальный парк,Казахстан,Европа,684.53,1985,,Point(75.6 50.8)
http://www.wikidata.org/entity/Q1817955,Амакайаку,Колумбия,Южная Америка,2672.41,1975,,Point(-70.2 -3.48333333)
http://www.wikidata.org/entity/Q1825817,Линд (национальный парк),Австралия,Австралия и Океания,13.7,1925,243,Point(148.96 -37.5706)
http://www.wikidata.org/entity/Q1825817,Линд (национальный парк),Австралия,Австралия и Океания,13.7,1956,243,Point(148.96 -37.5706)
http://www.wikidata.org/entity/Q1825817,Линд (национальный парк),Австралия,Австралия и Океания,13.5966101074219,1925,243,Point(148.96 -37.5706)
http://www.wikidata.org/entity/Q1825817,Линд (национальный парк),Австралия,Австралия и Океания,13.5966101074219,1956,243,Point(148.96 -37.5706)
http://www.wikidata.org/entity/Q1825817,Линд (национальный парк),Австралия,Австралия и Океания,137,1925,243,Point(148.96 -37.5706)
http://www.wikidata.org/entity/Q1825817,Линд (национальный парк),Австралия,Австралия и Океания,137,1956,243,Point(148.96 -37.5706)
http://www.wikidata.org/entity/Q1848058,Springbrook National Park,Австралия,Австралия и Океания,24.8,1990,555,Point(153.274167 -28.14)
http://www.wikidata.org/entity/Q1848058,Springbrook National Park,Австралия,Австралия и Океания,24.8,2016,555,Point(153.274167 -28.14)
http://www.wikidata.org/entity/Q1848058,Springbrook National Park,Австралия,Австралия и Океания,6253,1990,555,Point(153.274167 -28.14)
http://www.wikidata.org/entity/Q1848058,Springbrook National Park,Австралия,Австралия и Океания,6253,2016,555,Point(153.274167 -28.14)
http://www.wikidata.org/entity/Q1848058,Springbrook National Park,Австралия,Австралия и Океания,65.0524658203125,1990,555,Point(153.274167 -28.14)
http://www.wikidata.org/entity/Q1848058,Springbrook National Park,Австралия,Австралия и Океания,65.0524658203125,2016,555,Point(153.274167 -28.14)
http://www.wikidata.org/entity/Q1850670,Semuc Champey,Гватемала,Северная Америка,18.49,2005,,Point(-89.96111111 15.53333333)
http://www.wikidata.org/entity/Q1851106,Ормтьернкампен,Норвегия,Европа,85,1968,,Point(9.8 61.2)
http://www.wikidata.org/entity/Q1851352,Котопахи,Эквадор,Южная Америка,333.93,1975,226,Point(-78.437222222 -0.684166666)
http://www.wikidata.org/entity/Q1858100,Banco National Park,Кот-д’Ивуар,Африка,34.38,1953,22,Point(-4.05198097 5.394539)
http://www.wikidata.org/entity/Q1860450,Rohkunborri National Park,Норвегия,Европа,555.9089111,2011,,Point(19.31666667 68.56666667)
http://www.wikidata.org/entity/Q1860450,Rohkunborri National Park,Норвегия,Европа,556,2011,,Point(19.31666667 68.56666667)
http://www.wikidata.org/entity/Q1867657,Lockyer National Park,Австралия,Австралия и Океания,2677,2008,,Point(152.2431285 -27.4396009)
http://www.wikidata.org/entity/Q1867657,Lockyer National Park,Австралия,Австралия и Океания,2677,2014,,Point(152.2431285 -27.4396009)
http://www.wikidata.org/entity/Q1867657,Lockyer National Park,Австралия,Австралия и Океания,104.758828125,2008,,Point(152.2431285 -27.4396009)
http://www.wikidata.org/entity/Q1867657,Lockyer National Park,Австралия,Австралия и Океания,104.758828125,2014,,Point(152.2431285 -27.4396009)
http://www.wikidata.org/entity/Q1872590,Лоуэр-Голберн,Австралия,Австралия и Океания,93.07373046875,2010,,Point(145.12 -36.1817)
http://www.wikidata.org/entity/Q1875999,Tallaganda National Park,Австралия,Австралия и Океания,16729,2001,,Point(149.481388888 -35.743611111)
http://www.wikidata.org/entity/Q1875999,Tallaganda National Park,Австралия,Австралия и Океания,16729,2007,,Point(149.481388888 -35.743611111)
http://www.wikidata.org/entity/Q1885849,Bamingui-Bangoran National Park and Biosphere Reserve,Центральноафриканская Республика,Африка,11.1911,1993,397,Point(19.5 8.0)
http://www.wikidata.org/entity/Q1885849,Bamingui-Bangoran National Park and Biosphere Reserve,Центральноафриканская Республика,Африка,11.1911,1993,397,Point(19.502777777 8.348611111)
http://www.wikidata.org/entity/Q1885989,Nangar National Park,Австралия,Австралия и Океания,94.12783203125,1983,443,Point(148.5677778 -33.398333333)
http://www.wikidata.org/entity/Q1885989,Nangar National Park,Австралия,Австралия и Океания,94.12783203125,2015,443,Point(148.5677778 -33.398333333)
http://www.wikidata.org/entity/Q1885989,Nangar National Park,Австралия,Австралия и Океания,9196,1983,443,Point(148.5677778 -33.398333333)
http://www.wikidata.org/entity/Q1885989,Nangar National Park,Австралия,Австралия и Океания,9196,2015,443,Point(148.5677778 -33.398333333)
http://www.wikidata.org/entity/Q1886016,Mallee Cliffs National Park,Австралия,Австралия и Океания,580,1977,76,Point(142.4677778 -34.198333333)
http://www.wikidata.org/entity/Q1886016,Mallee Cliffs National Park,Австралия,Австралия и Океания,580,1983,76,Point(142.4677778 -34.198333333)
http://www.wikidata.org/entity/Q1886016,Mallee Cliffs National Park,Австралия,Австралия и Океания,581.2023046875,1977,76,Point(142.4677778 -34.198333333)
http://www.wikidata.org/entity/Q1886016,Mallee Cliffs National Park,Австралия,Австралия и Океания,581.2023046875,1983,76,Point(142.4677778 -34.198333333)
http://www.wikidata.org/entity/Q1886230,Tooloom National Park,Австралия,Австралия и Океания,438,1995,580,Point(152.4427778 -28.448333333)
http://www.wikidata.org/entity/Q1886230,Tooloom National Park,Австралия,Австралия и Океания,438,1999,580,Point(152.4427778 -28.448333333)
http://www.wikidata.org/entity/Q1886230,Tooloom National Park,Австралия,Австралия и Океания,43.739814453125,1995,580,Point(152.4427778 -28.448333333)
http://www.wikidata.org/entity/Q1886230,Tooloom National Park,Австралия,Австралия и Океания,43.739814453125,1999,580,Point(152.4427778 -28.448333333)
http://www.wikidata.org/entity/Q1886487,Cinque Terre National Park,Италия,Европа,38.6,1999,,Point(9.75 44.1)
http://www.wikidata.org/entity/Q1886487,Cinque Terre National Park,Италия,Европа,38.6,1999,,Point(9.75 44.1)
http://www.wikidata.org/entity/Q1887395,Malindi Marine National Park,Кения,Африка,6,1968,,Point(40.14333944 -3.25560536)
http://www.wikidata.org/entity/Q1888246,Пикапен,Австралия,Австралия и Океания,26.0996508789062,1999,,Point(152.695 -29.0111)
http://www.wikidata.org/entity/Q1888246,Пикапен,Австралия,Австралия и Океания,263,1999,,Point(152.695 -29.0111)
http://www.wikidata.org/entity/Q1891711,Стельвио (национальный парк),Италия,Европа,597.41,1935,,Point(10.506 46.466)
http://www.wikidata.org/entity/Q1891711,Стельвио (национальный парк),Италия,Европа,1307.34,1935,,Point(10.506 46.466)
http://www.wikidata.org/entity/Q1891973,Архипелаг Хапаранда,Швеция,Европа,7.4269,1995,,Point(23.769575215 65.604909128)
http://www.wikidata.org/entity/Q1891973,Архипелаг Хапаранда,Швеция,Европа,3.2611,1995,,Point(23.769575215 65.604909128)
http://www.wikidata.org/entity/Q1891973,Архипелаг Хапаранда,Швеция,Европа,66.87732,1995,,Point(23.769575215 65.604909128)
http://www.wikidata.org/entity/Q1891973,Архипелаг Хапаранда,Швеция,Европа,74.3046,1995,,Point(23.769575215 65.604909128)
http://www.wikidata.org/entity/Q1892088,Mapleton National Park,Австралия,Австралия и Океания,100.77224609375,2011,,Point(151.86472222 -26.57888889)
http://www.wikidata.org/entity/Q1892088,Mapleton National Park,Австралия,Австралия и Океания,100.77224609375,2014,,Point(151.86472222 -26.57888889)
http://www.wikidata.org/entity/Q1892088,Mapleton National Park,Австралия,Австралия и Океания,6455,2011,,Point(151.86472222 -26.57888889)
http://www.wikidata.org/entity/Q1892088,Mapleton National Park,Австралия,Австралия и Океания,6455,2014,,Point(151.86472222 -26.57888889)
http://www.wikidata.org/entity/Q1894197,Mount Barney National Park,Австралия,Австралия и Океания,97.1,1947,943,Point(152.662 -28.2736)
http://www.wikidata.org/entity/Q1894197,Mount Barney National Park,Австралия,Австралия и Океания,97.1,2017,943,Point(152.662 -28.2736)
http://www.wikidata.org/entity/Q1894197,Mount Barney National Park,Австралия,Австралия и Океания,181.92240234375,1947,943,Point(152.662 -28.2736)
http://www.wikidata.org/entity/Q1894197,Mount Barney National Park,Австралия,Австралия и Океания,181.92240234375,2017,943,Point(152.662 -28.2736)
http://www.wikidata.org/entity/Q1894197,Mount Barney National Park,Австралия,Австралия и Океания,17660,1947,943,Point(152.662 -28.2736)
http://www.wikidata.org/entity/Q1894197,Mount Barney National Park,Австралия,Австралия и Океания,17660,2017,943,Point(152.662 -28.2736)
http://www.wikidata.org/entity/Q1895531,Maria Creek National Park,Австралия,Австралия и Океания,7.47515380859375,1972,9,Point(146.068611 -17.780556)
http://www.wikidata.org/entity/Q1895531,Maria Creek National Park,Австралия,Австралия и Океания,7.47515380859375,2013,9,Point(146.068611 -17.780556)
http://www.wikidata.org/entity/Q1929766,Национальный парк Кириром,Камбоджа,Азия,350,1993,,Point(104.05102995 11.31022059)
http://www.wikidata.org/entity/Q1931841,Middle Brother National Park,Австралия,Австралия и Океания,183,1999,256,Point(152.671 -31.6942)
http://www.wikidata.org/entity/Q1931841,Middle Brother National Park,Австралия,Австралия и Океания,183,2016,256,Point(152.671 -31.6942)
http://www.wikidata.org/entity/Q1931841,Middle Brother National Park,Австралия,Австралия и Океания,18.275927734375,1999,256,Point(152.671 -31.6942)
http://www.wikidata.org/entity/Q1931841,Middle Brother National Park,Австралия,Австралия и Океания,18.275927734375,2016,256,Point(152.671 -31.6942)
http://www.wikidata.org/entity/Q1931841,Middle Brother National Park,Австралия,Австралия и Океания,183,1999,256,Point(152.70028 -31.69361)
http://www.wikidata.org/entity/Q1931841,Middle Brother National Park,Австралия,Австралия и Океания,183,2016,256,Point(152.70028 -31.69361)
http://www.wikidata.org/entity/Q1931841,Middle Brother National Park,Австралия,Австралия и Океания,18.275927734375,1999,256,Point(152.70028 -31.69361)
http://www.wikidata.org/entity/Q1931841,Middle Brother National Park,Австралия,Австралия и Океания,18.275927734375,2016,256,Point(152.70028 -31.69361)
http://www.wikidata.org/entity/Q1937231,Minjary National Park,Австралия,Австралия и Океания,14.5961694335938,2001,,Point(148.14166667 -35.25)
http://www.wikidata.org/entity/Q1937231,Minjary National Park,Австралия,Австралия и Океания,1462,2001,,Point(148.14166667 -35.25)
http://www.wikidata.org/entity/Q1937231,Minjary National Park,Австралия,Австралия и Океания,14.5961694335938,2001,,Point(148.14 -35.24778)
http://www.wikidata.org/entity/Q1937231,Minjary National Park,Австралия,Австралия и Океания,1462,2001,,Point(148.14 -35.24778)
http://www.wikidata.org/entity/Q1939491,Mitchell River National Park,Австралия,Австралия и Океания,1150.52,2000,,Point(125.708 -14.8067)
http://www.wikidata.org/entity/Q1939491,Mitchell River National Park,Австралия,Австралия и Океания,1153,2000,,Point(125.708 -14.8067)
http://www.wikidata.org/entity/Q1946032,Fernando de Noronha Marine National Park,Бразилия,Южная Америка,112.7,1988,,Point(-32.446 -3.867)
http://www.wikidata.org/entity/Q1946032,Fernando de Noronha Marine National Park,Бразилия,Южная Америка,109.29,1988,,Point(-32.446 -3.867)
http://www.wikidata.org/entity/Q1946658,Mooloolah River National Park,Австралия,Австралия и Океания,926,1960,6,Point(153.080833333 -26.721666666)
http://www.wikidata.org/entity/Q1946658,Mooloolah River National Park,Австралия,Австралия и Океания,926,2016,6,Point(153.080833333 -26.721666666)
http://www.wikidata.org/entity/Q1946658,Mooloolah River National Park,Австралия,Австралия и Океания,16.7532385253906,1960,6,Point(153.080833333 -26.721666666)
http://www.wikidata.org/entity/Q1946658,Mooloolah River National Park,Австралия,Австралия и Океания,16.7532385253906,2016,6,Point(153.080833333 -26.721666666)
http://www.wikidata.org/entity/Q1948784,Morwell National Park,Австралия,Австралия и Океания,5.65,1967,209,Point(146.391 -38.3664)
http://www.wikidata.org/entity/Q1948784,Morwell National Park,Австралия,Австралия и Океания,5.65,1979,209,Point(146.391 -38.3664)
http://www.wikidata.org/entity/Q1948784,Morwell National Park,Австралия,Австралия и Океания,5.65319885253906,1967,209,Point(146.391 -38.3664)
http://www.wikidata.org/entity/Q1948784,Morwell National Park,Австралия,Австралия и Океания,5.65319885253906,1979,209,Point(146.391 -38.3664)
http://www.wikidata.org/entity/Q1948784,Morwell National Park,Австралия,Австралия и Океания,5.65,1967,209,Point(146.391 -38.3664)
http://www.wikidata.org/entity/Q1948784,Morwell National Park,Австралия,Австралия и Океания,5.65,1979,209,Point(146.391 -38.3664)
http://www.wikidata.org/entity/Q1950284,Mount Archer National Park,Австралия,Австралия и Океания,42.500654296875,1994,222,Point(150.581944444 -23.325277777)
http://www.wikidata.org/entity/Q1950284,Mount Archer National Park,Австралия,Австралия и Океания,42.500654296875,1999,222,Point(150.581944444 -23.325277777)
http://www.wikidata.org/entity/Q1950284,Mount Archer National Park,Австралия,Австралия и Океания,425,1994,222,Point(150.581944444 -23.325277777)
http://www.wikidata.org/entity/Q1950284,Mount Archer National Park,Австралия,Австралия и Океания,425,1999,222,Point(150.581944444 -23.325277777)
http://www.wikidata.org/entity/Q1950293,Mount Colosseum National Park,Австралия,Австралия и Океания,8.3011669921875,1977,229,Point(151.584 -24.4092)
http://www.wikidata.org/entity/Q1950293,Mount Colosseum National Park,Австралия,Австралия и Океания,8.3011669921875,1994,229,Point(151.584 -24.4092)
http://www.wikidata.org/entity/Q1950293,Mount Colosseum National Park,Австралия,Австралия и Океания,84,1977,229,Point(151.584 -24.4092)
http://www.wikidata.org/entity/Q1950293,Mount Colosseum National Park,Австралия,Австралия и Океания,84,1994,229,Point(151.584 -24.4092)
http://www.wikidata.org/entity/Q1950297,Маунт-Эклс,Австралия,Австралия и Океания,547,1960,86,Point(141.888611111 -38.078888888)
http://www.wikidata.org/entity/Q1950297,Маунт-Эклс,Австралия,Австралия и Океания,547,1997,86,Point(141.888611111 -38.078888888)
http://www.wikidata.org/entity/Q1950297,Маунт-Эклс,Австралия,Австралия и Океания,85.709931640625,1960,86,Point(141.888611111 -38.078888888)
http://www.wikidata.org/entity/Q1950297,Маунт-Эклс,Австралия,Австралия и Океания,85.709931640625,1997,86,Point(141.888611111 -38.078888888)
http://www.wikidata.org/entity/Q1950297,Маунт-Эклс,Австралия,Австралия и Океания,85.65,1960,86,Point(141.888611111 -38.078888888)
http://www.wikidata.org/entity/Q1950297,Маунт-Эклс,Австралия,Австралия и Океания,85.65,1997,86,Point(141.888611111 -38.078888888)
http://www.wikidata.org/entity/Q1950299,Mount Coolum National Park,Австралия,Австралия и Океания,367,1990,197,Point(153.083888888 -26.563333333)
http://www.wikidata.org/entity/Q1950299,Mount Coolum National Park,Австралия,Австралия и Океания,367,2001,197,Point(153.083888888 -26.563333333)
http://www.wikidata.org/entity/Q1950299,Mount Coolum National Park,Австралия,Австралия и Океания,3.69027801513672,1990,197,Point(153.083888888 -26.563333333)
http://www.wikidata.org/entity/Q1950299,Mount Coolum National Park,Австралия,Австралия и Океания,3.69027801513672,2001,197,Point(153.083888888 -26.563333333)
http://www.wikidata.org/entity/Q1950302,Mount Frankland North National Park,Австралия,Австралия и Океания,221,2004,,Point(116.7 -34.65)
http://www.wikidata.org/entity/Q1950302,Mount Frankland North National Park,Австралия,Австралия и Океания,220.6946484375,2004,,Point(116.7 -34.65)
http://www.wikidata.org/entity/Q1950308,Mount Frankland National Park,Австралия,Австралия и Океания,374,1988,104,Point(116.743 -34.7664)
http://www.wikidata.org/entity/Q1950308,Mount Frankland National Park,Австралия,Австралия и Океания,371.2153125,1988,104,Point(116.743 -34.7664)
http://www.wikidata.org/entity/Q1950327,Mount Kaputar National Park,Австралия,Австралия и Океания,368.17,1959,1192,Point(150.142777777 -30.290555555)
http://www.wikidata.org/entity/Q1950327,Mount Kaputar National Park,Австралия,Австралия и Океания,368.17,2008,1192,Point(150.142777777 -30.290555555)
http://www.wikidata.org/entity/Q1950327,Mount Kaputar National Park,Австралия,Австралия и Океания,513.03859375,1959,1192,Point(150.142777777 -30.290555555)
http://www.wikidata.org/entity/Q1950327,Mount Kaputar National Park,Австралия,Австралия и Океания,513.03859375,2008,1192,Point(150.142777777 -30.290555555)
http://www.wikidata.org/entity/Q1950327,Mount Kaputar National Park,Австралия,Австралия и Океания,368.17,1959,1192,Point(150.142777777 -30.290555555)
http://www.wikidata.org/entity/Q1950327,Mount Kaputar National Park,Австралия,Австралия и Океания,368.17,2008,1192,Point(150.142777777 -30.290555555)
http://www.wikidata.org/entity/Q1950327,Mount Kaputar National Park,Австралия,Австралия и Океания,368.17,1959,1192,Point(150.1511111 -30.198333333)
http://www.wikidata.org/entity/Q1950327,Mount Kaputar National Park,Австралия,Австралия и Океания,368.17,2008,1192,Point(150.1511111 -30.198333333)
http://www.wikidata.org/entity/Q1950327,Mount Kaputar National Park,Австралия,Австралия и Океания,513.03859375,1959,1192,Point(150.1511111 -30.198333333)
http://www.wikidata.org/entity/Q1950327,Mount Kaputar National Park,Австралия,Австралия и Океания,513.03859375,2008,1192,Point(150.1511111 -30.198333333)
http://www.wikidata.org/entity/Q1950327,Mount Kaputar National Park,Австралия,Австралия и Океания,368.17,1959,1192,Point(150.1511111 -30.198333333)
http://www.wikidata.org/entity/Q1950327,Mount Kaputar National Park,Австралия,Австралия и Океания,368.17,2008,1192,Point(150.1511111 -30.198333333)
http://www.wikidata.org/entity/Q1964588,Nangur National Park,Австралия,Австралия и Океания,18.1169921875,2006,395,Point(151.9836089 -26.1198281)
http://www.wikidata.org/entity/Q1964588,Nangur National Park,Австралия,Австралия и Океания,1813,2006,395,Point(151.9836089 -26.1198281)
http://www.wikidata.org/entity/Q1964588,Nangur National Park,Австралия,Австралия и Океания,18.1169921875,2006,395,Point(151.985 -26.11695)
http://www.wikidata.org/entity/Q1964588,Nangur National Park,Австралия,Австралия и Океания,1813,2006,395,Point(151.985 -26.11695)
http://www.wikidata.org/entity/Q1968721,Национальный парк архипелага Кабрера,Испания,Европа,914.2031253,1991,172,Point(2.96666667 39.15833333)
http://www.wikidata.org/entity/Q1968721,Национальный парк архипелага Кабрера,Испания,Европа,914.2031253,1991,172,Point(2.96666667 39.15833333)
http://www.wikidata.org/entity/Q1968721,Национальный парк архипелага Кабрера,Испания,Европа,907.94,1991,172,Point(2.96666667 39.15833333)
http://www.wikidata.org/entity/Q1968721,Национальный парк архипелага Кабрера,Испания,Европа,907.94,1991,172,Point(2.96666667 39.15833333)
http://www.wikidata.org/entity/Q1968747,Бабе,Вьетнам,Азия,100.48,1992,206,Point(105.615277777 22.405277777)
http://www.wikidata.org/entity/Q1968747,Бабе,Вьетнам,Азия,100.48,1992,206,Point(105.61528 22.40528)
http://www.wikidata.org/entity/Q1968766,Карара (национальный парк),Коста-Рика,Северная Америка,52,1978,436,Point(-84.62777778 9.74722222)
http://www.wikidata.org/entity/Q1968766,Карара (национальный парк),Коста-Рика,Северная Америка,52,1998,436,Point(-84.62777778 9.74722222)
http://www.wikidata.org/entity/Q1968784,Dajti National Park,Албания,Европа,292.169,1966,,Point(19.92555556 41.36583333)
http://www.wikidata.org/entity/Q1968784,Dajti National Park,Албания,Европа,247.231,1966,,Point(19.92555556 41.36583333)
http://www.wikidata.org/entity/Q1968784,Dajti National Park,Албания,Европа,292.169,1966,,Point(19.9256 41.3667)
http://www.wikidata.org/entity/Q1968784,Dajti National Park,Албания,Европа,247.231,1966,,Point(19.9256 41.3667)
http://www.wikidata.org/entity/Q1968796,Fir of Drenovë National Park,Албания,Европа,13.8,1966,,Point(20.82549 40.56619)
http://www.wikidata.org/entity/Q1968796,Fir of Drenovë National Park,Албания,Европа,13.8,1966,,Point(20.82549 40.56619)
http://www.wikidata.org/entity/Q1968897,Лимпопо (национальный парк),Мозамбик,Африка,10000,2001,,Point(32.13333333 -23.86666667)
http://www.wikidata.org/entity/Q1968939,Монфрагуэ,Испания,Европа,179,2007,,Point(-5.97 39.82)
http://www.wikidata.org/entity/Q1968939,Монфрагуэ,Испания,Европа,180.0996841,2007,,Point(-5.97 39.82)
http://www.wikidata.org/entity/Q1968946,Муранска Планина (национальный парк),Словакия,Европа,203.18,1997,,Point(20.03333333 48.78333333)
http://www.wikidata.org/entity/Q1968946,Муранска Планина (национальный парк),Словакия,Европа,203.31373,1997,,Point(20.03333333 48.78333333)
http://www.wikidata.org/entity/Q1968953,Q1968953,Черногория,Европа,190,2007,,Point(18.533333 42.566667)
http://www.wikidata.org/entity/Q1968993,Норра Квилль,Швеция,Европа,0.02431,1927,,Point(15.59356756 57.763727856)
http://www.wikidata.org/entity/Q1968993,Норра Квилль,Швеция,Европа,1.04847,1927,,Point(15.59356756 57.763727856)
http://www.wikidata.org/entity/Q1968993,Норра Квилль,Швеция,Европа,1.0974,1927,,Point(15.59356756 57.763727856)
http://www.wikidata.org/entity/Q1968993,Норра Квилль,Швеция,Европа,1.0731,1927,,Point(15.59356756 57.763727856)
http://www.wikidata.org/entity/Q1968995,Национальный парк Кафа Штама,Албания,Европа,20,1996,,Point(19.89805556 41.52055556)
http://www.wikidata.org/entity/Q1968995,Национальный парк Кафа Штама,Албания,Европа,20,1996,,Point(19.89805556 41.52055556)
http://www.wikidata.org/entity/Q1968995,Национальный парк Кафа Штама,Албания,Европа,20,1996,,Point(19.8981 41.5206)
http://www.wikidata.org/entity/Q1968995,Национальный парк Кафа Штама,Албания,Европа,20,1996,,Point(19.8981 41.5206)
http://www.wikidata.org/entity/Q1968999,Restinga de Jurubatiba National Park,Бразилия,Южная Америка,148.6,1998,,Point(-41.49261 -22.20139)
http://www.wikidata.org/entity/Q1968999,Restinga de Jurubatiba National Park,Бразилия,Южная Америка,149.19,1998,,Point(-41.49261 -22.20139)
http://www.wikidata.org/entity/Q1968999,Restinga de Jurubatiba National Park,Бразилия,Южная Америка,4,1998,,Point(-41.49261 -22.20139)
http://www.wikidata.org/entity/Q1968999,Restinga de Jurubatiba National Park,Бразилия,Южная Америка,145.19,1998,,Point(-41.49261 -22.20139)
http://www.wikidata.org/entity/Q2673154,Dan Dan National Park,Австралия,Австралия и Океания,16.4567883300781,2006,178,Point(151.066669444 -24.15945)
http://www.wikidata.org/entity/Q2673154,Dan Dan National Park,Австралия,Австралия и Океания,1645,2006,178,Point(151.066669444 -24.15945)
http://www.wikidata.org/entity/Q2673154,Dan Dan National Park,Австралия,Австралия и Океания,16.4567883300781,2006,178,Point(151.0715047 -24.1621773)
http://www.wikidata.org/entity/Q2673154,Dan Dan National Park,Австралия,Австралия и Океания,1645,2006,178,Point(151.0715047 -24.1621773)
http://www.wikidata.org/entity/Q2674296,Deer Reserve National Park,Австралия,Австралия и Океания,32.262724609375,2006,480,Point(152.5268846 -27.085607)
http://www.wikidata.org/entity/Q2674296,Deer Reserve National Park,Австралия,Австралия и Океания,3228,2006,480,Point(152.5268846 -27.085607)
http://www.wikidata.org/entity/Q2674296,Deer Reserve National Park,Австралия,Австралия и Океания,32.262724609375,2006,480,Point(152.524169444 -27.08195)
http://www.wikidata.org/entity/Q2674296,Deer Reserve National Park,Австралия,Австралия и Океания,3228,2006,480,Point(152.524169444 -27.08195)
http://www.wikidata.org/entity/Q2693179,Esk National Park,Австралия,Австралия и Океания,377,2006,296,Point(152.319719444 -27.294719444)
http://www.wikidata.org/entity/Q2693179,Esk National Park,Австралия,Австралия и Океания,3.84386657714844,2006,296,Point(152.319719444 -27.294719444)
http://www.wikidata.org/entity/Q2693179,Esk National Park,Австралия,Австралия и Океания,377,2006,296,Point(152.3204586 -27.2937487)
http://www.wikidata.org/entity/Q2693179,Esk National Park,Австралия,Австралия и Океания,3.84386657714844,2006,296,Point(152.3204586 -27.2937487)
http://www.wikidata.org/entity/Q2697887,Gadgarra National Park,Австралия,Австралия и Океания,80.8305908203125,2010,,Point(145.7196901 -17.3200761)
http://www.wikidata.org/entity/Q2697887,Gadgarra National Park,Австралия,Австралия и Океания,827,2010,,Point(145.7196901 -17.3200761)
http://www.wikidata.org/entity/Q2700765,Girringun National Park,Австралия,Австралия и Океания,2766.8971875,1992,151,Point(145.58333333 -18.08333333)
http://www.wikidata.org/entity/Q2700765,Girringun National Park,Австралия,Австралия и Океания,2766.8971875,1994,151,Point(145.58333333 -18.08333333)
http://www.wikidata.org/entity/Q2700765,Girringun National Park,Австралия,Австралия и Океания,2766.8971875,2017,151,Point(145.58333333 -18.08333333)
http://www.wikidata.org/entity/Q2700765,Girringun National Park,Австралия,Австралия и Океания,20855,1992,151,Point(145.58333333 -18.08333333)
http://www.wikidata.org/entity/Q2700765,Girringun National Park,Австралия,Австралия и Океания,20855,1994,151,Point(145.58333333 -18.08333333)
http://www.wikidata.org/entity/Q2700765,Girringun National Park,Австралия,Австралия и Океания,20855,2017,151,Point(145.58333333 -18.08333333)
http://www.wikidata.org/entity/Q2700765,Girringun National Park,Австралия,Австралия и Океания,2766.8971875,1992,151,Point(145.598888888 -18.083333333)
http://www.wikidata.org/entity/Q2700765,Girringun National Park,Австралия,Австралия и Океания,2766.8971875,1994,151,Point(145.598888888 -18.083333333)
http://www.wikidata.org/entity/Q2700765,Girringun National Park,Австралия,Австралия и Океания,2766.8971875,2017,151,Point(145.598888888 -18.083333333)
http://www.wikidata.org/entity/Q2700765,Girringun National Park,Австралия,Австралия и Океания,20855,1992,151,Point(145.598888888 -18.083333333)
http://www.wikidata.org/entity/Q2700765,Girringun National Park,Австралия,Австралия и Океания,20855,1994,151,Point(145.598888888 -18.083333333)
http://www.wikidata.org/entity/Q2700765,Girringun National Park,Австралия,Австралия и Океания,20855,2017,151,Point(145.598888888 -18.083333333)
http://www.wikidata.org/entity/Q2706891,Bandingilo National Park,Южный Судан,Африка,10000,1992,,Point(32.2775 5.43277778)
http://www.wikidata.org/entity/Q2711184,Hampton National Park,Австралия,Австралия и Океания,388,2006,719,Point(152.0736927 -27.3525349)
http://www.wikidata.org/entity/Q2711184,Hampton National Park,Австралия,Австралия и Океания,0.038836784362793,2006,719,Point(152.0736927 -27.3525349)
http://www.wikidata.org/entity/Q2711184,Hampton National Park,Австралия,Австралия и Океания,388,2006,719,Point(152.07445 -27.35222)
http://www.wikidata.org/entity/Q2711184,Hampton National Park,Австралия,Австралия и Океания,0.038836784362793,2006,719,Point(152.07445 -27.35222)
http://www.wikidata.org/entity/Q2724481,"Marine National Park, Gulf of Kutch",Индия,Азия,162.89,1982,,Point(69.6167 22.4667)
http://www.wikidata.org/entity/Q2726467,Kutch Bustard Sanctuary,Индия,Азия,2,1992,,Point(68.714 23.219)
http://www.wikidata.org/entity/Q2733269,Pipeclay National Park,Австралия,Австралия и Океания,146,1963,14,Point(153.005555555 -25.984444444)
http://www.wikidata.org/entity/Q2733269,Pipeclay National Park,Австралия,Австралия и Океания,146,2001,14,Point(153.005555555 -25.984444444)
http://www.wikidata.org/entity/Q2733269,Pipeclay National Park,Австралия,Австралия и Океания,0.144658994674683,1963,14,Point(153.005555555 -25.984444444)
http://www.wikidata.org/entity/Q2733269,Pipeclay National Park,Австралия,Австралия и Океания,0.144658994674683,2001,14,Point(153.005555555 -25.984444444)
http://www.wikidata.org/entity/Q2733278,Claremont Isles National Park,Австралия,Австралия и Океания,63,1989,10,Point(143.833888888 -13.911111111)
http://www.wikidata.org/entity/Q2733278,Claremont Isles National Park,Австралия,Австралия и Океания,63,2010,10,Point(143.833888888 -13.911111111)
http://www.wikidata.org/entity/Q2733278,Claremont Isles National Park,Австралия,Австралия и Океания,0.605429573059082,1989,10,Point(143.833888888 -13.911111111)
http://www.wikidata.org/entity/Q2733278,Claremont Isles National Park,Австралия,Австралия и Океания,0.605429573059082,2010,10,Point(143.833888888 -13.911111111)
http://www.wikidata.org/entity/Q2738134,Чирчео,Италия,Европа,56.16,1934,,Point(13.064 41.235)
http://www.wikidata.org/entity/Q2738134,Чирчео,Италия,Европа,56,1934,,Point(13.064 41.235)
http://www.wikidata.org/entity/Q2739189,Liwonde National Park,Малави,Африка,548,1973,,Point(35.333333333 -14.833333333)
http://www.wikidata.org/entity/Q2740310,Kelvin National Park,Австралия,Австралия и Океания,379,2009,,Point(149.1995535 -21.5761658)
http://www.wikidata.org/entity/Q2740310,Kelvin National Park,Австралия,Австралия и Океания,379,2016,,Point(149.1995535 -21.5761658)
http://www.wikidata.org/entity/Q2740310,Kelvin National Park,Австралия,Австралия и Океания,26.3315380859375,2009,,Point(149.1995535 -21.5761658)
http://www.wikidata.org/entity/Q2740310,Kelvin National Park,Австралия,Австралия и Океания,26.3315380859375,2016,,Point(149.1995535 -21.5761658)
http://www.wikidata.org/entity/Q2745721,Lagoa do Peixe National Park,Бразилия,Южная Америка,367.16,1986,,Point(-50.95583333 -31.24944444)
http://www.wikidata.org/entity/Q2745721,Lagoa do Peixe National Park,Бразилия,Южная Америка,325.2,1986,,Point(-50.95583333 -31.24944444)
http://www.wikidata.org/entity/Q2745721,Lagoa do Peixe National Park,Бразилия,Южная Америка,41.96,1986,,Point(-50.95583333 -31.24944444)
http://www.wikidata.org/entity/Q2745721,Lagoa do Peixe National Park,Бразилия,Южная Америка,344,1986,,Point(-50.95583333 -31.24944444)
http://www.wikidata.org/entity/Q2749744,Îles Ehotilés National Park,Кот-д’Ивуар,Африка,105,1974,,Point(-3.22902 5.17699)
http://www.wikidata.org/entity/Q2751891,Koombooloomba National Park,Австралия,Австралия и Океания,29281,2010,,Point(145.63361111 -17.82805556)
http://www.wikidata.org/entity/Q2751891,Koombooloomba National Park,Австралия,Австралия и Океания,292.477734375,2010,,Point(145.63361111 -17.82805556)
http://www.wikidata.org/entity/Q2754578,Sandbanks National Park,Австралия,Австралия и Океания,0.0721512079238892,1989,8,Point(143.953333333 -13.366388888)
http://www.wikidata.org/entity/Q2754578,Sandbanks National Park,Австралия,Австралия и Океания,0.0721512079238892,2010,8,Point(143.953333333 -13.366388888)
http://www.wikidata.org/entity/Q2754578,Sandbanks National Park,Австралия,Австралия и Океания,84,1989,8,Point(143.953333333 -13.366388888)
http://www.wikidata.org/entity/Q2754578,Sandbanks National Park,Австралия,Австралия и Океания,84,2010,8,Point(143.953333333 -13.366388888)
http://www.wikidata.org/entity/Q2772257,Little Mulgrave National Park,Австралия,Австралия и Океания,109,2010,,Point(145.7008968 -17.1558296)
http://www.wikidata.org/entity/Q2772257,Little Mulgrave National Park,Австралия,Австралия и Океания,109,2011,,Point(145.7008968 -17.1558296)
http://www.wikidata.org/entity/Q2772257,Little Mulgrave National Park,Австралия,Австралия и Океания,109.675029296875,2010,,Point(145.7008968 -17.1558296)
http://www.wikidata.org/entity/Q2772257,Little Mulgrave National Park,Австралия,Австралия и Океания,109.675029296875,2011,,Point(145.7008968 -17.1558296)
http://www.wikidata.org/entity/Q2780805,Mount Mackay National Park,Австралия,Австралия и Океания,36.8359936523438,2005,204,Point(145.9745192 -17.9462366)
http://www.wikidata.org/entity/Q2889792,Songnisan National Park,Республика Корея,Азия,274541,1970,,Point(127.9 36.53333333)
http://www.wikidata.org/entity/Q2900871,Corcovado National Park,Чили,Южная Америка,4000.1093,2005,,Point(-72.71666667 -43.41666667)
http://www.wikidata.org/entity/Q2914966,Эйн-Хемед,Израиль,Азия,0.059,1968,,Point(35.125494 31.796189)
http://www.wikidata.org/entity/Q2944459,Национальный парк верхнего Нигера,Гвинея,Африка,6740,1952,,Point(-10.2 10.5)
http://www.wikidata.org/entity/Q2944459,Национальный парк верхнего Нигера,Гвинея,Африка,6740,1997,,Point(-10.2 10.5)
http://www.wikidata.org/entity/Q2979693,Кэмпбелл-Бэй,Индия,Азия,426.23,1992,,Point(93.76194444 7.11277778)
http://www.wikidata.org/entity/Q2979712,Балпакрам,Индия,Азия,352,1986,,Point(90.75 25.5)
http://www.wikidata.org/entity/Q2982230,Пурасе,Колумбия,Южная Америка,91843.72,1968,3400,Point(-76.421666666 2.246111111)
http://www.wikidata.org/entity/Q2982230,Пурасе,Колумбия,Южная Америка,91843.72,1968,3400,Point(-76.35 2.2)
http://www.wikidata.org/entity/Q2985193,Сингалила,Индия,Азия,78.6,1986,,Point(88.06666667 27.11666667)
http://www.wikidata.org/entity/Q2985193,Сингалила,Индия,Азия,78.6,1992,,Point(88.06666667 27.11666667)
http://www.wikidata.org/entity/Q2985390,Мукуртхи,Индия,Азия,78.5,2001,2629,Point(76.475 11.266666666)
http://www.wikidata.org/entity/Q2985390,Мукуртхи,Индия,Азия,78.46,2001,2629,Point(76.475 11.266666666)
http://www.wikidata.org/entity/Q2989176,Оранг,Индия,Азия,492.46,1999,,Point(92.36 26.61)
http://www.wikidata.org/entity/Q3015170,Nouabalé-Ndoki National Park,Республика Конго,Африка,4064.55,1993,,Point(16.554166666 2.442777777)
http://www.wikidata.org/entity/Q3015170,Nouabalé-Ndoki National Park,Республика Конго,Африка,17879.5,1993,,Point(16.554166666 2.442777777)
http://www.wikidata.org/entity/Q3015318,Cross River National Park,Нигерия,Африка,4,1991,,Point(8.58333333 5.41666667)
http://www.wikidata.org/entity/Q3015318,Cross River National Park,Нигерия,Африка,4,1991,,Point(9.2162 6.23)
http://www.wikidata.org/entity/Q3015338,Conkouati-Douli National Park,Республика Конго,Африка,5049.5,1999,179,Point(11.47 -3.905)
http://www.wikidata.org/entity/Q3049635,Фаральонес-де-Кали,Колумбия,Южная Америка,20527,1968,,Point(-76.65 3.25)
http://www.wikidata.org/entity/Q3049808,Rosario and San Bernardo Corals National Natural Park,Колумбия,Южная Америка,1234.5461,1977,,Point(-75.792 9.979)
http://www.wikidata.org/entity/Q3076575,Таджикский национальный парк,Таджикистан,Азия,26116.74,1992,,Point(72.119751 38.741231)
http://www.wikidata.org/entity/Q3077873,Cozia National Park,Румыния,Европа,167.3180876,1990,,Point(24.265 45.367)
http://www.wikidata.org/entity/Q3077873,Cozia National Park,Румыния,Европа,167.3180876,2000,,Point(24.265 45.367)
http://www.wikidata.org/entity/Q3077873,Cozia National Park,Румыния,Европа,167.21,1990,,Point(24.265 45.367)
http://www.wikidata.org/entity/Q3077873,Cozia National Park,Румыния,Европа,167.21,2000,,Point(24.265 45.367)
http://www.wikidata.org/entity/Q3078198,Călimani National Park,Румыния,Европа,24.041,1990,,Point(25.168 47.127)
http://www.wikidata.org/entity/Q3078198,Călimani National Park,Румыния,Европа,244.4289069,1990,,Point(25.168 47.127)
http://www.wikidata.org/entity/Q3078828,Defileul Jiului National Park,Румыния,Европа,137.59,2005,,Point(23.368 45.272)
http://www.wikidata.org/entity/Q3078828,Defileul Jiului National Park,Румыния,Европа,137.59,2006,,Point(23.368 45.272)
http://www.wikidata.org/entity/Q3078828,Defileul Jiului National Park,Румыния,Европа,109.7882039,2005,,Point(23.368 45.272)
http://www.wikidata.org/entity/Q3078828,Defileul Jiului National Park,Румыния,Европа,109.7882039,2006,,Point(23.368 45.272)
http://www.wikidata.org/entity/Q3081107,National Park Ceahlău,Румыния,Европа,77.6530118,1954,,Point(25.939 46.9563)
http://www.wikidata.org/entity/Q3081107,National Park Ceahlău,Румыния,Европа,77.6530118,2000,,Point(25.939 46.9563)
http://www.wikidata.org/entity/Q3084668,Kibira National Park,Бурунди,Африка,400,1933,,Point(29.43361111 -2.91466389)
http://www.wikidata.org/entity/Q3091738,Assagny National Park,Кот-д’Ивуар,Африка,194,1981,,Point(-4.88333333 5.2)
http://www.wikidata.org/entity/Q3091762,Mount Manipur National Park,Индия,Азия,4662,1979,,Point(92.7571 11.8074)
http://www.wikidata.org/entity/Q3123422,Иона,Ангола,Африка,15200,1964,,Point(12.33333333 -16.66666667)
http://www.wikidata.org/entity/Q3123431,Шивапури-Нагарджун,Непал,Азия,157.989274730496,2002,,Point(85.39 27.795)
http://www.wikidata.org/entity/Q3123440,Кангандала,Ангола,Африка,630,1970,,Point(16.75 -9.8)
http://www.wikidata.org/entity/Q3123444,Камея (национальный парк),Ангола,Африка,1445,1957,1100,Point(21.66666667 -11.88333333)
http://www.wikidata.org/entity/Q3123450,Мупа,Ангола,Африка,6600,1964,,Point(15.58333333 -15.91666667)
http://www.wikidata.org/entity/Q3123455,Бикаури,Ангола,Африка,7772,1964,,Point(14.833333333 -15.333333333)
http://www.wikidata.org/entity/Q3123455,Бикаури,Ангола,Африка,7772,1964,,Point(14.80722216 -15.28977489)
http://www.wikidata.org/entity/Q3132083,Al Hoceima National Park,Марокко,Африка,470,1942,,Point(-4.121583333 35.180277777)
http://www.wikidata.org/entity/Q3179197,Кисама,Ангола,Африка,9960,1957,,Point(13.58333333 -9.75)
http://www.wikidata.org/entity/Q3179197,Кисама,Ангола,Африка,9960,1957,,Point(13.74489 -9.68776)
http://www.wikidata.org/entity/Q3179197,Кисама,Ангола,Африка,9960,1957,,Point(14.033055555 -9.933333333)
http://www.wikidata.org/entity/Q3179381,Una National Park,Босния и Герцеговина,Европа,198,2008,374,Point(16.158055555 44.496944444)
http://www.wikidata.org/entity/Q3179536,Пик Неблины,Бразилия,Южная Америка,22486.35,1979,97,Point(-65.9006 0.342409)
http://www.wikidata.org/entity/Q3179536,Пик Неблины,Бразилия,Южная Америка,22200,1979,97,Point(-65.9006 0.342409)
http://www.wikidata.org/entity/Q3179800,Pantanal Matogrossense National Park,Бразилия,Южная Америка,1359.23,1981,,Point(-57.36666667 -17.71666667)
http://www.wikidata.org/entity/Q3179800,Pantanal Matogrossense National Park,Бразилия,Южная Америка,1356,1981,,Point(-57.36666667 -17.71666667)
http://www.wikidata.org/entity/Q3182036,Rundle Range National Park,Австралия,Австралия и Океания,21.5434594726562,1993,21,Point(150.973333333 -23.660555555)
http://www.wikidata.org/entity/Q3182036,Rundle Range National Park,Австралия,Австралия и Океания,21.5434594726562,1994,21,Point(150.973333333 -23.660555555)
http://www.wikidata.org/entity/Q3182036,Rundle Range National Park,Австралия,Австралия и Океания,217,1993,21,Point(150.973333333 -23.660555555)
http://www.wikidata.org/entity/Q3182036,Rundle Range National Park,Австралия,Австралия и Океания,217,1994,21,Point(150.973333333 -23.660555555)
http://www.wikidata.org/entity/Q3182254,Yuwi Paree Toolkoon National Park,Австралия,Австралия и Океания,341,1998,61,Point(149.264722222 -21.175277777)
http://www.wikidata.org/entity/Q3182254,Yuwi Paree Toolkoon National Park,Австралия,Австралия и Океания,341,2010,61,Point(149.264722222 -21.175277777)
http://www.wikidata.org/entity/Q3182254,Yuwi Paree Toolkoon National Park,Австралия,Австралия и Океания,0.440212554931641,1998,61,Point(149.264722222 -21.175277777)
http://www.wikidata.org/entity/Q3182254,Yuwi Paree Toolkoon National Park,Австралия,Австралия и Океания,0.440212554931641,2010,61,Point(149.264722222 -21.175277777)
http://www.wikidata.org/entity/Q3232660,Southern National Park,Южный Судан,Африка,22800,1939,471,Point(28.28333333 6.55)
http://www.wikidata.org/entity/Q3236458,Шей-Пхоксундо,Непал,Азия,3555,1984,,Point(82.8456 29.3581)
http://www.wikidata.org/entity/Q3242261,Ayubia National Park,Пакистан,Азия,33.12,1984,,Point(73.427777777 34.062777777)
http://www.wikidata.org/entity/Q3244192,Чиррипо,Коста-Рика,Северная Америка,501.24,1975,,Point(-83.48 9.48)
http://www.wikidata.org/entity/Q3275808,Precipice National Park,Австралия,Австралия и Океания,1040,1989,203,Point(150.1043293 -25.3127853)
http://www.wikidata.org/entity/Q3275808,Precipice National Park,Австралия,Австралия и Океания,1040,1998,203,Point(150.1043293 -25.3127853)
http://www.wikidata.org/entity/Q3275808,Precipice National Park,Австралия,Австралия и Океания,105.344150390625,1989,203,Point(150.1043293 -25.3127853)
http://www.wikidata.org/entity/Q3275808,Precipice National Park,Австралия,Австралия и Океания,105.344150390625,1998,203,Point(150.1043293 -25.3127853)
http://www.wikidata.org/entity/Q3275815,Palmerston Rocks National Park,Австралия,Австралия и Океания,952,1967,103,Point(145.898055555 -17.57)
http://www.wikidata.org/entity/Q3275815,Palmerston Rocks National Park,Австралия,Австралия и Океания,952,1994,103,Point(145.898055555 -17.57)
http://www.wikidata.org/entity/Q3275815,Palmerston Rocks National Park,Австралия,Австралия и Океания,0.0951708507537842,1967,103,Point(145.898055555 -17.57)
http://www.wikidata.org/entity/Q3275815,Palmerston Rocks National Park,Австралия,Австралия и Океания,0.0951708507537842,1994,103,Point(145.898055555 -17.57)
http://www.wikidata.org/entity/Q3294859,Old Oyo National Park,Нигерия,Африка,2.512,1999,,Point(3.98333333 8.66666667)
http://www.wikidata.org/entity/Q3302476,Хенифис (национальный парк),Марокко,Африка,1850,2006,,Point(-12.37 27.972)
http://www.wikidata.org/entity/Q3328522,Sharjah National Park,Объединённые Арабские Эмираты,Азия,0.63,1982,,Point(55.536388888 25.312777777)
http://www.wikidata.org/entity/Q3331373,Национальный парк Тхрумшинг,Бутан,Азия,905,1998,,Point(90.9778 27.2831)
http://www.wikidata.org/entity/Q3333420,Anamudi Shola National Park,Индия,Азия,11.26,2003,,Point(77.08333333 10.20833333)
http://www.wikidata.org/entity/Q3350641,Lawachara National Park,Бангладеш,Азия,12.5,1996,,Point(91.78361111 24.31972222)
http://www.wikidata.org/entity/Q3351830,Wadden Sea National Park,Дания,Европа,1.466,2008,,Point(8.483333333 55.25)
http://www.wikidata.org/entity/Q3364402,Арчипьелаго-Лос-Рокес,Венесуэла,Южная Америка,2211.2,1972,,Point(-66.7826 11.8628)
http://www.wikidata.org/entity/Q3364411,Dzanga-Ndoki National Park,Центральноафриканская Республика,Африка,17879.5,1990,,Point(16.1667 2.5)
http://www.wikidata.org/entity/Q3364411,Dzanga-Ndoki National Park,Центральноафриканская Республика,Африка,7463.09,1990,,Point(16.1667 2.5)
http://www.wikidata.org/entity/Q3364417,Jaua-Sarisariñama National Park,Венесуэла,Южная Америка,2324.7,1978,,Point(-64.2216176 4.6815912)
http://www.wikidata.org/entity/Q3364421,Mochima National Park,Венесуэла,Южная Америка,949.35,1973,285,Point(-64.3406582 10.3463835)
http://www.wikidata.org/entity/Q3364425,Пьятра-Крайулуй,Румыния,Европа,147.33,1938,,Point(25.211666666 45.526944444)
http://www.wikidata.org/entity/Q3364425,Пьятра-Крайулуй,Румыния,Европа,147.9598464,1938,,Point(25.211666666 45.526944444)
http://www.wikidata.org/entity/Q1520216,Tablas de Daimiel National Park,Испания,Европа,30.3,1973,,Point(-3.702 39.1449)
http://www.wikidata.org/entity/Q1520216,Tablas de Daimiel National Park,Испания,Европа,30.1061437,1973,,Point(-3.702 39.1449)
http://www.wikidata.org/entity/Q1520511,Куршская коса,Литва,Европа,264.74,1991,,Point(21.097 55.481)
http://www.wikidata.org/entity/Q1521938,Люра,Албания,Европа,12.8,1966,,Point(20.183333333 41.783333333)
http://www.wikidata.org/entity/Q1522939,Гибралтар-Рейндж,Австралия,Австралия и Океания,172.73,1967,993,Point(152.323888888 -29.554444444)
http://www.wikidata.org/entity/Q1522939,Гибралтар-Рейндж,Австралия,Австралия и Океания,172.73,2003,993,Point(152.323888888 -29.554444444)
http://www.wikidata.org/entity/Q1522939,Гибралтар-Рейндж,Австралия,Австралия и Океания,253.99578125,1967,993,Point(152.323888888 -29.554444444)
http://www.wikidata.org/entity/Q1522939,Гибралтар-Рейндж,Австралия,Австралия и Океания,253.99578125,2003,993,Point(152.323888888 -29.554444444)
http://www.wikidata.org/entity/Q1522939,Гибралтар-Рейндж,Австралия,Австралия и Океания,253,1967,993,Point(152.323888888 -29.554444444)
http://www.wikidata.org/entity/Q1522939,Гибралтар-Рейндж,Австралия,Австралия и Океания,253,2003,993,Point(152.323888888 -29.554444444)
http://www.wikidata.org/entity/Q1522939,Гибралтар-Рейндж,Австралия,Австралия и Океания,172.73,1967,993,Point(152.2844444 -29.498333333)
http://www.wikidata.org/entity/Q1522939,Гибралтар-Рейндж,Австралия,Австралия и Океания,172.73,2003,993,Point(152.2844444 -29.498333333)
http://www.wikidata.org/entity/Q1522939,Гибралтар-Рейндж,Австралия,Австралия и Океания,253.99578125,1967,993,Point(152.2844444 -29.498333333)
http://www.wikidata.org/entity/Q1522939,Гибралтар-Рейндж,Австралия,Австралия и Океания,253.99578125,2003,993,Point(152.2844444 -29.498333333)
http://www.wikidata.org/entity/Q1522939,Гибралтар-Рейндж,Австралия,Австралия и Океания,253,1967,993,Point(152.2844444 -29.498333333)
http://www.wikidata.org/entity/Q1522939,Гибралтар-Рейндж,Австралия,Австралия и Океания,253,2003,993,Point(152.2844444 -29.498333333)
http://www.wikidata.org/entity/Q1525623,Porcupine Gorge National Park,Австралия,Австралия и Океания,51.64,2004,595,Point(144.44027778 -20.39916667)
http://www.wikidata.org/entity/Q1526593,Gir-um-bit National Park,Австралия,Австралия и Океания,613,2007,,Point(151.96838379 -32.71104439)
http://www.wikidata.org/entity/Q1526593,Gir-um-bit National Park,Австралия,Австралия и Океания,613,2008,,Point(151.96838379 -32.71104439)
http://www.wikidata.org/entity/Q1526593,Gir-um-bit National Park,Австралия,Австралия и Океания,6.10321838378906,2007,,Point(151.96838379 -32.71104439)
http://www.wikidata.org/entity/Q1526593,Gir-um-bit National Park,Австралия,Австралия и Океания,6.10321838378906,2008,,Point(151.96838379 -32.71104439)
http://www.wikidata.org/entity/Q1529802,Glastonbury National Park,Австралия,Австралия и Океания,5.27465942382813,2010,506,Point(152.50861 -26.29083)
http://www.wikidata.org/entity/Q1529802,Glastonbury National Park,Австралия,Австралия и Океания,5.27465942382813,2011,506,Point(152.50861 -26.29083)
http://www.wikidata.org/entity/Q1529802,Glastonbury National Park,Австралия,Австралия и Океания,531,2010,506,Point(152.50861 -26.29083)
http://www.wikidata.org/entity/Q1529802,Glastonbury National Park,Австралия,Австралия и Океания,531,2011,506,Point(152.50861 -26.29083)
http://www.wikidata.org/entity/Q1529802,Glastonbury National Park,Австралия,Австралия и Океания,5.27465942382813,2010,506,Point(152.5081025 -26.2893295)
http://www.wikidata.org/entity/Q1529802,Glastonbury National Park,Австралия,Австралия и Океания,5.27465942382813,2011,506,Point(152.5081025 -26.2893295)
http://www.wikidata.org/entity/Q1529802,Glastonbury National Park,Австралия,Австралия и Океания,531,2010,506,Point(152.5081025 -26.2893295)
http://www.wikidata.org/entity/Q1529802,Glastonbury National Park,Австралия,Австралия и Океания,531,2011,506,Point(152.5081025 -26.2893295)
http://www.wikidata.org/entity/Q1530442,Сёдеросен,Швеция,Европа,16.141,2001,146,Point(13.230089159 56.02414328)
http://www.wikidata.org/entity/Q1530442,Сёдеросен,Швеция,Европа,15.15432,2001,146,Point(13.230089159 56.02414328)
http://www.wikidata.org/entity/Q1530442,Сёдеросен,Швеция,Европа,16.1968,2001,146,Point(13.230089159 56.02414328)
http://www.wikidata.org/entity/Q1530442,Сёдеросен,Швеция,Европа,0.05542,2001,146,Point(13.230089159 56.02414328)
http://www.wikidata.org/entity/Q1530863,Яла,Шри-Ланка,Азия,1.512,1937,,Point(81.33333333 6.26666667)
http://www.wikidata.org/entity/Q1530872,Maalan National Park,Австралия,Австралия и Океания,2473,2005,1166,Point(145.5564586 -17.5903852)
http://www.wikidata.org/entity/Q1530872,Maalan National Park,Австралия,Австралия и Океания,24.6939697265625,2005,1166,Point(145.5564586 -17.5903852)
http://www.wikidata.org/entity/Q1530872,Maalan National Park,Австралия,Австралия и Океания,2473,2005,1166,Point(145.553 -17.5681)
http://www.wikidata.org/entity/Q1530872,Maalan National Park,Австралия,Австралия и Океания,24.6939697265625,2005,1166,Point(145.553 -17.5681)
http://www.wikidata.org/entity/Q1530890,Glenbar National Park,Австралия,Австралия и Океания,29.7949877929688,2006,222,Point(152.359722222 -25.856111111)
http://www.wikidata.org/entity/Q1530890,Glenbar National Park,Австралия,Австралия и Океания,297,2006,222,Point(152.359722222 -25.856111111)
http://www.wikidata.org/entity/Q1530890,Glenbar National Park,Австралия,Австралия и Океания,29.7949877929688,2006,222,Point(152.344398 -25.8374408)
http://www.wikidata.org/entity/Q1530890,Glenbar National Park,Австралия,Австралия и Океания,297,2006,222,Point(152.344398 -25.8374408)
http://www.wikidata.org/entity/Q1532240,Gloucester Island National Park,Австралия,Австралия и Океания,296,1994,521,Point(148.455 -20.01527778)
http://www.wikidata.org/entity/Q1532240,Gloucester Island National Park,Австралия,Австралия и Океания,296,1995,521,Point(148.455 -20.01527778)
http://www.wikidata.org/entity/Q1532240,Gloucester Island National Park,Австралия,Австралия и Океания,30.9660522460937,1994,521,Point(148.455 -20.01527778)
http://www.wikidata.org/entity/Q1532240,Gloucester Island National Park,Австралия,Австралия и Океания,30.9660522460937,1995,521,Point(148.455 -20.01527778)
http://www.wikidata.org/entity/Q1532240,Gloucester Island National Park,Австралия,Австралия и Океания,296,1994,521,Point(148.456666666 -20.013333333)
http://www.wikidata.org/entity/Q1532240,Gloucester Island National Park,Австралия,Австралия и Океания,296,1995,521,Point(148.456666666 -20.013333333)
http://www.wikidata.org/entity/Q1532240,Gloucester Island National Park,Австралия,Австралия и Океания,30.9660522460937,1994,521,Point(148.456666666 -20.013333333)
http://www.wikidata.org/entity/Q1532240,Gloucester Island National Park,Австралия,Австралия и Океания,30.9660522460937,1995,521,Point(148.456666666 -20.013333333)
http://www.wikidata.org/entity/Q1532242,Gloucester National Park,Австралия,Австралия и Океания,9,1993,136,Point(116.059 -34.4444)
http://www.wikidata.org/entity/Q1532242,Gloucester National Park,Австралия,Австралия и Океания,8.74640991210937,1993,136,Point(116.059 -34.4444)
http://www.wikidata.org/entity/Q1533528,Гоби-Гурван-Сайхан,Монголия,Азия,27000,1993,,Point(101.589663888 43.802727777)
http://www.wikidata.org/entity/Q1534693,Nino Konis Santana National Park,Восточный Тимор,Азия,123600,2007,,Point(127.221666666 -8.445194444)
http://www.wikidata.org/entity/Q1534883,Nour Nour National Park,Австралия,Австралия и Океания,49.4345703125,2007,,Point(151.4273892 -25.2992917)
http://www.wikidata.org/entity/Q1534883,Nour Nour National Park,Австралия,Австралия и Океания,5054,2007,,Point(151.4273892 -25.2992917)
http://www.wikidata.org/entity/Q1534934,Mornington Peninsula National Park,Австралия,Австралия и Океания,26.86,1975,123,Point(144.9279 -38.441)
http://www.wikidata.org/entity/Q1534934,Mornington Peninsula National Park,Австралия,Австралия и Океания,26.86,1988,123,Point(144.9279 -38.441)
http://www.wikidata.org/entity/Q1534934,Mornington Peninsula National Park,Австралия,Австралия и Океания,26.8494360351562,1975,123,Point(144.9279 -38.441)
http://www.wikidata.org/entity/Q1534934,Mornington Peninsula National Park,Австралия,Австралия и Океания,26.8494360351562,1988,123,Point(144.9279 -38.441)
http://www.wikidata.org/entity/Q1534934,Mornington Peninsula National Park,Австралия,Австралия и Океания,26.8,1975,123,Point(144.9279 -38.441)
http://www.wikidata.org/entity/Q1534934,Mornington Peninsula National Park,Австралия,Австралия и Океания,26.8,1988,123,Point(144.9279 -38.441)
http://www.wikidata.org/entity/Q1535042,Меркантур,Франция,Европа,685,1979,,Point(7.08333333 44.16666667)
http://www.wikidata.org/entity/Q1535662,Goldfields Woodlands National Park,Австралия,Австралия и Океания,661.459765625,1977,,Point(120.537401 -31.2146643)
http://www.wikidata.org/entity/Q1535662,Goldfields Woodlands National Park,Австралия,Австралия и Океания,661.459765625,2000,,Point(120.537401 -31.2146643)
http://www.wikidata.org/entity/Q1535662,Goldfields Woodlands National Park,Австралия,Австралия и Океания,690,1977,,Point(120.537401 -31.2146643)
http://www.wikidata.org/entity/Q1535662,Goldfields Woodlands National Park,Австралия,Австралия и Океания,690,2000,,Point(120.537401 -31.2146643)
http://www.wikidata.org/entity/Q1537084,Goneaway National Park,Австралия,Австралия и Океания,260.8978125,1994,215,Point(142.22972222 -23.76722222)
http://www.wikidata.org/entity/Q1537084,Goneaway National Park,Австралия,Австралия и Океания,248,1994,215,Point(142.22972222 -23.76722222)
http://www.wikidata.org/entity/Q1537453,Good Night Scrub National Park,Австралия,Австралия и Океания,668,2005,154,Point(151.92 -25.22194444)
http://www.wikidata.org/entity/Q1537453,Good Night Scrub National Park,Австралия,Австралия и Океания,66.7161279296875,2005,154,Point(151.92 -25.22194444)
http://www.wikidata.org/entity/Q1537463,Goobang National Park,Австралия,Австралия и Океания,421,1995,699,Point(148.3344444 -32.751111111)
http://www.wikidata.org/entity/Q1537463,Goobang National Park,Австралия,Австралия и Океания,421,1995,699,Point(148.3344444 -32.751111111)
http://www.wikidata.org/entity/Q1537463,Goobang National Park,Австралия,Австралия и Океания,424.555390625,1995,699,Point(148.3344444 -32.751111111)
http://www.wikidata.org/entity/Q1537463,Goobang National Park,Австралия,Австралия и Океания,424.555390625,1995,699,Point(148.3344444 -32.751111111)
http://www.wikidata.org/entity/Q1537547,Goodedulla National Park,Австралия,Австралия и Океания,254.7992578125,1994,269,Point(149.75805556 -23.25416667)
http://www.wikidata.org/entity/Q1537547,Goodedulla National Park,Австралия,Австралия и Океания,254.7992578125,1998,269,Point(149.75805556 -23.25416667)
http://www.wikidata.org/entity/Q1537547,Goodedulla National Park,Австралия,Австралия и Океания,255,1994,269,Point(149.75805556 -23.25416667)
http://www.wikidata.org/entity/Q1537547,Goodedulla National Park,Австралия,Австралия и Океания,255,1998,269,Point(149.75805556 -23.25416667)
http://www.wikidata.org/entity/Q1537689,Goolawah National Park,Австралия,Австралия и Океания,5.73010986328125,2010,,Point(152.96041489 -31.22513296)
http://www.wikidata.org/entity/Q1537689,Goolawah National Park,Австралия,Австралия и Океания,5.73010986328125,2015,,Point(152.96041489 -31.22513296)
http://www.wikidata.org/entity/Q1537689,Goolawah National Park,Австралия,Австралия и Океания,534,2010,,Point(152.96041489 -31.22513296)
http://www.wikidata.org/entity/Q1537689,Goolawah National Park,Австралия,Австралия и Океания,534,2015,,Point(152.96041489 -31.22513296)
http://www.wikidata.org/entity/Q1537710,Goongarrie National Park,Австралия,Австралия и Океания,600.08125,1978,416,Point(121.531 -30.0022)
http://www.wikidata.org/entity/Q1537710,Goongarrie National Park,Австралия,Австралия и Океания,604,1978,416,Point(121.531 -30.0022)
http://www.wikidata.org/entity/Q1537752,Gooseberry Hill National Park,Австралия,Австралия и Океания,33,1970,,Point(116.0488171 -31.9394191)
http://www.wikidata.org/entity/Q1537752,Gooseberry Hill National Park,Австралия,Австралия и Океания,33,1972,,Point(116.0488171 -31.9394191)
http://www.wikidata.org/entity/Q1537752,Gooseberry Hill National Park,Австралия,Австралия и Океания,0.328130569458008,1970,,Point(116.0488171 -31.9394191)
http://www.wikidata.org/entity/Q1537752,Gooseberry Hill National Park,Австралия,Австралия и Океания,0.328130569458008,1972,,Point(116.0488171 -31.9394191)
http://www.wikidata.org/entity/Q1539772,Тракайский исторический национальный парк,Литва,Европа,82,1992,,Point(24.9361 54.639)
http://www.wikidata.org/entity/Q1540144,Goulburn River National Park,Австралия,Австралия и Океания,0,1983,339,Point(150.0011111 -32.248333333)
http://www.wikidata.org/entity/Q1540144,Goulburn River National Park,Австралия,Австралия и Океания,0,2018,339,Point(150.0011111 -32.248333333)
http://www.wikidata.org/entity/Q1540144,Goulburn River National Park,Австралия,Австралия и Океания,72296,1983,339,Point(150.0011111 -32.248333333)
http://www.wikidata.org/entity/Q1540144,Goulburn River National Park,Австралия,Австралия и Океания,72296,2018,339,Point(150.0011111 -32.248333333)
http://www.wikidata.org/entity/Q1540144,Goulburn River National Park,Австралия,Австралия и Океания,0,1983,339,Point(150.0 -32.233333333)
http://www.wikidata.org/entity/Q1540144,Goulburn River National Park,Австралия,Австралия и Океания,0,2018,339,Point(150.0 -32.233333333)
http://www.wikidata.org/entity/Q1540144,Goulburn River National Park,Австралия,Австралия и Океания,72296,1983,339,Point(150.0 -32.233333333)
http://www.wikidata.org/entity/Q1540144,Goulburn River National Park,Австралия,Австралия и Океания,72296,2018,339,Point(150.0 -32.233333333)
http://www.wikidata.org/entity/Q1540216,Gourock National Park,Австралия,Австралия и Океания,78.4856982421875,2001,,Point(149.55917 -35.97056)
http://www.wikidata.org/entity/Q1540216,Gourock National Park,Австралия,Австралия и Океания,7873,2001,,Point(149.55917 -35.97056)
http://www.wikidata.org/entity/Q1547646,Александер-Моррисон,Австралия,Австралия и Океания,84.98427734375,1970,320,Point(115.486 -30.0839)
http://www.wikidata.org/entity/Q1547646,Александер-Моррисон,Австралия,Австралия и Океания,84.98427734375,1972,320,Point(115.486 -30.0839)
http://www.wikidata.org/entity/Q1547646,Александер-Моррисон,Австралия,Австралия и Океания,8504,1970,320,Point(115.486 -30.0839)
http://www.wikidata.org/entity/Q1547646,Александер-Моррисон,Австралия,Австралия и Океания,8504,1972,320,Point(115.486 -30.0839)
http://www.wikidata.org/entity/Q1549127,Национальный парк Рума,Кения,Африка,120,1983,,Point(34.31666667 -0.61666667)
http://www.wikidata.org/entity/Q1554327,Галл-Рок,Австралия,Австралия и Океания,21.07033203125,2006,,Point(118.003 -35.0075)
http://www.wikidata.org/entity/Q1554327,Галл-Рок,Австралия,Австралия и Океания,2593,2006,,Point(118.003 -35.0075)
http://www.wikidata.org/entity/Q1554389,Gumbaynggirr National Park,Австралия,Австралия и Океания,49.38,2007,,Point(152.60241508 -30.53616833)
http://www.wikidata.org/entity/Q1554389,Gumbaynggirr National Park,Австралия,Австралия и Океания,49.38,2007,,Point(152.60241508 -30.53616833)
http://www.wikidata.org/entity/Q1554389,Gumbaynggirr National Park,Австралия,Австралия и Океания,48.9535302734375,2007,,Point(152.60241508 -30.53616833)
http://www.wikidata.org/entity/Q1554389,Gumbaynggirr National Park,Австралия,Австралия и Океания,48.9535302734375,2007,,Point(152.60241508 -30.53616833)
http://www.wikidata.org/entity/Q1554546,Ганбауэр (национальный парк),Австралия,Австралия и Океания,92.334287109375,2010,,Point(144.194 -35.6958)
http://www.wikidata.org/entity/Q1554546,Ганбауэр (национальный парк),Австралия,Австралия и Океания,93.3,2010,,Point(144.194 -35.6958)
http://www.wikidata.org/entity/Q1554546,Ганбауэр (национальный парк),Австралия,Австралия и Океания,93.3,2010,,Point(144.194 -35.6958)
http://www.wikidata.org/entity/Q1555450,Fuyot Springs National Park,Филиппины,Азия,832,1938,,Point(121.964 17.1776)
http://www.wikidata.org/entity/Q1557392,Гутулиа (национальный парк),Норвегия,Европа,23,1968,,Point(12.166666666 62.016666666)
http://www.wikidata.org/entity/Q1557392,Гутулиа (национальный парк),Норвегия,Европа,22.5626315,1968,,Point(12.166666666 62.016666666)
http://www.wikidata.org/entity/Q1558444,Gympie National Park,Австралия,Австралия и Океания,1768,2006,255,Point(152.7094954 -26.0856073)
http://www.wikidata.org/entity/Q1558444,Gympie National Park,Австралия,Австралия и Океания,17.6917114257812,2006,255,Point(152.7094954 -26.0856073)
http://www.wikidata.org/entity/Q1558444,Gympie National Park,Австралия,Австралия и Океания,1768,2006,255,Point(152.71999 -26.07472)
http://www.wikidata.org/entity/Q1558444,Gympie National Park,Австралия,Австралия и Океания,17.6917114257812,2006,255,Point(152.71999 -26.07472)
http://www.wikidata.org/entity/Q1560973,Mirima National Park,Австралия,Австралия и Океания,20.6632885742188,1982,,Point(128.764 -15.7739)
http://www.wikidata.org/entity/Q1560973,Mirima National Park,Австралия,Австралия и Океания,20.6632885742188,1989,,Point(128.764 -15.7739)
http://www.wikidata.org/entity/Q1560973,Mirima National Park,Австралия,Австралия и Океания,2068,1982,,Point(128.764 -15.7739)
http://www.wikidata.org/entity/Q1560973,Mirima National Park,Австралия,Австралия и Океания,2068,1989,,Point(128.764 -15.7739)
http://www.wikidata.org/entity/Q1561524,Закума,Чад,Африка,3000,1963,,Point(19.647777777 10.847777777)
http://www.wikidata.org/entity/Q1562707,Juruena National Park,Бразилия,Южная Америка,19000,2006,136,Point(-58.14305556 -7.86722222)
http://www.wikidata.org/entity/Q1562707,Juruena National Park,Бразилия,Южная Америка,19565.85,2006,136,Point(-58.14305556 -7.86722222)
http://www.wikidata.org/entity/Q1566469,Стенсхувуд,Швеция,Европа,3.9938,1986,,Point(14.26991932 55.657843865)
http://www.wikidata.org/entity/Q1566469,Стенсхувуд,Швеция,Европа,2.10377,1986,,Point(14.26991932 55.657843865)
http://www.wikidata.org/entity/Q1566469,Стенсхувуд,Швеция,Европа,3.0248,1986,,Point(14.26991932 55.657843865)
http://www.wikidata.org/entity/Q1566469,Стенсхувуд,Швеция,Европа,0.9689,1986,,Point(14.26991932 55.657843865)
http://www.wikidata.org/entity/Q1567025,Malá Fatra National Park,Словакия,Европа,226.3,1988,1708.8,Point(19.08083333 49.21388889)
http://www.wikidata.org/entity/Q1567025,Malá Fatra National Park,Словакия,Европа,223.808,1988,1708.8,Point(19.08083333 49.21388889)
http://www.wikidata.org/entity/Q1567460,Ньика (национальный парк),Малави,Африка,3214,1965,,Point(33.833333333 -10.666666666)
http://www.wikidata.org/entity/Q1568129,Энгсё,Швеция,Европа,0.7913,1909,,Point(18.763888888 59.623611111)
http://www.wikidata.org/entity/Q1568129,Энгсё,Швеция,Европа,0.686,1909,,Point(18.763888888 59.623611111)
http://www.wikidata.org/entity/Q1568129,Энгсё,Швеция,Европа,1.949,1909,,Point(18.763888888 59.623611111)
http://www.wikidata.org/entity/Q1568129,Энгсё,Швеция,Европа,1.15761,1909,,Point(18.763888888 59.623611111)
http://www.wikidata.org/entity/Q1568376,Litchfield National Park,Австралия,Австралия и Океания,1458.45107971191,1986,,Point(130.905 -13.0547)
http://www.wikidata.org/entity/Q1568376,Litchfield National Park,Австралия,Австралия и Океания,1458.45107971191,2002,,Point(130.905 -13.0547)
http://www.wikidata.org/entity/Q1568376,Litchfield National Park,Австралия,Австралия и Океания,1.461,1986,,Point(130.905 -13.0547)
http://www.wikidata.org/entity/Q1568376,Litchfield National Park,Австралия,Австралия и Океания,1.461,2002,,Point(130.905 -13.0547)
http://www.wikidata.org/entity/Q1571056,Наттай,Австралия,Австралия и Океания,489,1991,562,Point(150.36 -34.2894)
http://www.wikidata.org/entity/Q1571056,Наттай,Австралия,Австралия и Океания,489,2016,562,Point(150.36 -34.2894)
http://www.wikidata.org/entity/Q1571056,Наттай,Австралия,Австралия и Океания,509.99,1991,562,Point(150.36 -34.2894)
http://www.wikidata.org/entity/Q1571056,Наттай,Австралия,Австралия и Океания,509.99,2016,562,Point(150.36 -34.2894)
http://www.wikidata.org/entity/Q1571138,Kanangra-Boyd National Park,Австралия,Австралия и Океания,718.044375,1969,1130,Point(150.0844444 -33.998333333)
http://www.wikidata.org/entity/Q1571138,Kanangra-Boyd National Park,Австралия,Австралия и Океания,718.044375,2018,1130,Point(150.0844444 -33.998333333)
http://www.wikidata.org/entity/Q1571138,Kanangra-Boyd National Park,Австралия,Австралия и Океания,6866,1969,1130,Point(150.0844444 -33.998333333)
http://www.wikidata.org/entity/Q1571138,Kanangra-Boyd National Park,Австралия,Австралия и Океания,6866,2018,1130,Point(150.0844444 -33.998333333)
http://www.wikidata.org/entity/Q1571138,Kanangra-Boyd National Park,Австралия,Австралия и Океания,718.044375,1969,1130,Point(150.090833333 -33.937777777)
http://www.wikidata.org/entity/Q1571138,Kanangra-Boyd National Park,Австралия,Австралия и Океания,718.044375,2018,1130,Point(150.090833333 -33.937777777)
http://www.wikidata.org/entity/Q1571138,Kanangra-Boyd National Park,Австралия,Австралия и Океания,6866,1969,1130,Point(150.090833333 -33.937777777)
http://www.wikidata.org/entity/Q1571138,Kanangra-Boyd National Park,Австралия,Австралия и Океания,6866,2018,1130,Point(150.090833333 -33.937777777)
http://www.wikidata.org/entity/Q1571380,Хванге (национальный парк),Зимбабве,Африка,14651,1930,,Point(26.955 -18.735)
http://www.wikidata.org/entity/Q1571753,Hallingskarvet National Park,Норвегия,Европа,451.6110156,2006,,Point(7.7 60.6)
http://www.wikidata.org/entity/Q1571753,Hallingskarvet National Park,Норвегия,Европа,451.61,2006,,Point(7.7 60.6)
http://www.wikidata.org/entity/Q1572483,Willandra National Park,Австралия,Австралия и Океания,193.86,1972,118,Point(145.5011111 -33.498333333)
http://www.wikidata.org/entity/Q1572483,Willandra National Park,Австралия,Австралия и Океания,193.86,1977,118,Point(145.5011111 -33.498333333)
http://www.wikidata.org/entity/Q1572483,Willandra National Park,Австралия,Австралия и Океания,188.5495703125,1972,118,Point(145.5011111 -33.498333333)
http://www.wikidata.org/entity/Q1572483,Willandra National Park,Австралия,Австралия и Океания,188.5495703125,1977,118,Point(145.5011111 -33.498333333)
http://www.wikidata.org/entity/Q1573021,Mbéré Valley National Park,Камерун,Африка,7776,2004,,Point(14.79611111 6.99444444)
http://www.wikidata.org/entity/Q1573530,Nightcap National Park,Австралия,Австралия и Океания,49.45,1983,582,Point(153.3344444 -28.548333333)
http://www.wikidata.org/entity/Q1573530,Nightcap National Park,Австралия,Австралия и Океания,49.45,2016,582,Point(153.3344444 -28.548333333)
http://www.wikidata.org/entity/Q1573530,Nightcap National Park,Австралия,Австралия и Океания,0,1983,582,Point(153.3344444 -28.548333333)
http://www.wikidata.org/entity/Q1573530,Nightcap National Park,Австралия,Австралия и Океания,0,2016,582,Point(153.3344444 -28.548333333)
http://www.wikidata.org/entity/Q1573530,Nightcap National Park,Австралия,Австралия и Океания,808,1983,582,Point(153.3344444 -28.548333333)
http://www.wikidata.org/entity/Q1573530,Nightcap National Park,Австралия,Австралия и Океания,808,2016,582,Point(153.3344444 -28.548333333)
http://www.wikidata.org/entity/Q1573866,Национальный парк Килларни,Ирландия,Европа,10289,1932,,Point(-9.50664 52.02099)
http://www.wikidata.org/entity/Q1574010,Mljet Nacionalni Park,Хорватия,Европа,52.8753,1960,,Point(17.3852 42.7817)
http://www.wikidata.org/entity/Q1574010,Mljet Nacionalni Park,Хорватия,Европа,52.8753,1960,,Point(17.3852 42.7817)
http://www.wikidata.org/entity/Q1574010,Mljet Nacionalni Park,Хорватия,Европа,53.75,1960,,Point(17.3852 42.7817)
http://www.wikidata.org/entity/Q1574010,Mljet Nacionalni Park,Хорватия,Европа,53.75,1960,,Point(17.3852 42.7817)
http://www.wikidata.org/entity/Q1574109,Бас-Казаманс,Сенегал,Африка,50,1970,,Point(-16.563888888 12.379444444)
http://www.wikidata.org/entity/Q1577229,Сёр-Шпицберген,Норвегия,Европа,13177.3432125,1973,,Point(16.28333333 77.15)
http://www.wikidata.org/entity/Q1577229,Сёр-Шпицберген,Норвегия,Европа,13286,1973,,Point(16.28333333 77.15)
http://www.wikidata.org/entity/Q1578584,Ютунхеймен,Норвегия,Европа,1151,1980,,Point(8.366666666 61.5)
http://www.wikidata.org/entity/Q1578584,Ютунхеймен,Норвегия,Европа,1154.7497852,1980,,Point(8.366666666 61.5)
http://www.wikidata.org/entity/Q1580085,Mount Lindesay National Park,Австралия,Австралия и Океания,395,2004,,Point(117.36666667 -34.86666667)
http://www.wikidata.org/entity/Q1580085,Mount Lindesay National Park,Австралия,Австралия и Океания,395.7330078125,2004,,Point(117.36666667 -34.86666667)
http://www.wikidata.org/entity/Q1581582,Myall Lakes National Park,Австралия,Австралия и Океания,480.1275390625,1972,1,Point(152.3677778 -32.431666666)
http://www.wikidata.org/entity/Q1581582,Myall Lakes National Park,Австралия,Австралия и Океания,480.1275390625,2009,1,Point(152.3677778 -32.431666666)
http://www.wikidata.org/entity/Q1581582,Myall Lakes National Park,Австралия,Австралия и Океания,448,1972,1,Point(152.3677778 -32.431666666)
http://www.wikidata.org/entity/Q1581582,Myall Lakes National Park,Австралия,Австралия и Океания,448,2009,1,Point(152.3677778 -32.431666666)
http://www.wikidata.org/entity/Q1582404,Jervis Bay National Park,Австралия,Австралия и Океания,4854,1995,12,Point(150.756 -34.9872)
http://www.wikidata.org/entity/Q1582404,Jervis Bay National Park,Австралия,Австралия и Океания,4854,2016,12,Point(150.756 -34.9872)
http://www.wikidata.org/entity/Q1582404,Jervis Bay National Park,Австралия,Австралия и Океания,51.123388671875,1995,12,Point(150.756 -34.9872)
http://www.wikidata.org/entity/Q1582404,Jervis Bay National Park,Австралия,Австралия и Океания,51.123388671875,2016,12,Point(150.756 -34.9872)
http://www.wikidata.org/entity/Q1582579,Morton National Park,Австралия,Австралия и Океания,1996.01921875,1969,709,Point(150.2011111 -35.231666666)
http://www.wikidata.org/entity/Q1582579,Morton National Park,Австралия,Австралия и Океания,1757,1969,709,Point(150.2011111 -35.231666666)
http://www.wikidata.org/entity/Q1582579,Morton National Park,Австралия,Австралия и Океания,1704.62,1969,709,Point(150.2011111 -35.231666666)
http://www.wikidata.org/entity/Q1583435,Mount Royal National Park,Австралия,Австралия и Океания,692,1997,605,Point(151.32361111 -32.20027778)
http://www.wikidata.org/entity/Q1583435,Mount Royal National Park,Австралия,Австралия и Океания,692,1999,605,Point(151.32361111 -32.20027778)
http://www.wikidata.org/entity/Q1583435,Mount Royal National Park,Австралия,Австралия и Океания,69.7490478515625,1997,605,Point(151.32361111 -32.20027778)
http://www.wikidata.org/entity/Q1583435,Mount Royal National Park,Австралия,Австралия и Океания,69.7490478515625,1999,605,Point(151.32361111 -32.20027778)
http://www.wikidata.org/entity/Q1583627,Сюантхюи,Вьетнам,Азия,71,2003,,Point(106.517 20.23)
http://www.wikidata.org/entity/Q1583699,Warrabah National Park,Австралия,Австралия и Океания,3982,1984,822,Point(150.9344444 -30.531666666)
http://www.wikidata.org/entity/Q1583699,Warrabah National Park,Австралия,Австралия и Океания,3982,2010,822,Point(150.9344444 -30.531666666)
http://www.wikidata.org/entity/Q1583699,Warrabah National Park,Австралия,Австралия и Океания,52.1415576171875,1984,822,Point(150.9344444 -30.531666666)
http://www.wikidata.org/entity/Q1583713,Nymboi-Binderay National Park,Австралия,Австралия и Океания,17243,2010,309,Point(152.73194444 -30.10861111)
http://www.wikidata.org/entity/Q1583713,Nymboi-Binderay National Park,Австралия,Австралия и Океания,172.12794921875,2010,309,Point(152.73194444 -30.10861111)
http://www.wikidata.org/entity/Q1583757,Mimosa Rocks National Park,Австралия,Австралия и Океания,57,1973,108,Point(149.9511111 -36.665)
http://www.wikidata.org/entity/Q1583757,Mimosa Rocks National Park,Австралия,Австралия и Океания,57,2008,108,Point(149.9511111 -36.665)
http://www.wikidata.org/entity/Q1583757,Mimosa Rocks National Park,Австралия,Австралия и Океания,58.3593017578125,1973,108,Point(149.9511111 -36.665)
http://www.wikidata.org/entity/Q1583757,Mimosa Rocks National Park,Австралия,Австралия и Океания,58.3593017578125,2008,108,Point(149.9511111 -36.665)
http://www.wikidata.org/entity/Q1584339,Q1584339,Израиль,Азия,21,1960,,Point(34.99959167 32.74994444)
http://www.wikidata.org/entity/Q1584430,Nymboida National Park,Австралия,Австралия и Океания,40492,1980,396,Point(152.418055555 -29.644166666)
http://www.wikidata.org/entity/Q1584430,Nymboida National Park,Австралия,Австралия и Океания,40492,2008,396,Point(152.418055555 -29.644166666)
http://www.wikidata.org/entity/Q1584430,Nymboida National Park,Австралия,Австралия и Океания,406.458046875,1980,396,Point(152.418055555 -29.644166666)
http://www.wikidata.org/entity/Q1584430,Nymboida National Park,Австралия,Австралия и Океания,406.458046875,2008,396,Point(152.418055555 -29.644166666)
http://www.wikidata.org/entity/Q1584430,Nymboida National Park,Австралия,Австралия и Океания,40492,1980,396,Point(152.5511111 -29.681666666)
http://www.wikidata.org/entity/Q1584430,Nymboida National Park,Австралия,Австралия и Океания,40492,2008,396,Point(152.5511111 -29.681666666)
http://www.wikidata.org/entity/Q1584430,Nymboida National Park,Австралия,Австралия и Океания,406.458046875,1980,396,Point(152.5511111 -29.681666666)
http://www.wikidata.org/entity/Q1584430,Nymboida National Park,Австралия,Австралия и Океания,406.458046875,2008,396,Point(152.5511111 -29.681666666)
http://www.wikidata.org/entity/Q1584958,Werrikimbe National Park,Австралия,Австралия и Океания,33306,1975,1063,Point(152.2261111 -31.198333333)
http://www.wikidata.org/entity/Q1584958,Werrikimbe National Park,Австралия,Австралия и Океания,33306,2003,1063,Point(152.2261111 -31.198333333)
http://www.wikidata.org/entity/Q1584958,Werrikimbe National Park,Австралия,Австралия и Океания,350.538671875,1975,1063,Point(152.2261111 -31.198333333)
http://www.wikidata.org/entity/Q1584958,Werrikimbe National Park,Австралия,Австралия и Океания,350.538671875,2003,1063,Point(152.2261111 -31.198333333)
http://www.wikidata.org/entity/Q1584958,Werrikimbe National Park,Австралия,Австралия и Океания,351.78,1975,1063,Point(152.2261111 -31.198333333)
http://www.wikidata.org/entity/Q1584958,Werrikimbe National Park,Австралия,Австралия и Океания,351.78,2003,1063,Point(152.2261111 -31.198333333)
http://www.wikidata.org/entity/Q1585600,Моле,Гана,Африка,4840,1971,,Point(-2.09352 9.36844)
http://www.wikidata.org/entity/Q1585600,Моле,Гана,Африка,4840,1971,,Point(-1.83333333 9.7)
http://www.wikidata.org/entity/Q1587429,Национальный парк Thethi,Албания,Европа,26.3,1966,,Point(19.774444444 42.395833333)
http://www.wikidata.org/entity/Q1588750,Furna Feia National Park,Бразилия,Южная Америка,85.18,2012,,Point(-37.51083333 -5.05833333)
http://www.wikidata.org/entity/Q1588963,Hattah - Kulkyne National Park,Австралия,Австралия и Океания,480,1980,63,Point(142.382 -34.6872)
http://www.wikidata.org/entity/Q1588963,Hattah - Kulkyne National Park,Австралия,Австралия и Океания,480,2011,63,Point(142.382 -34.6872)
http://www.wikidata.org/entity/Q1588963,Hattah - Kulkyne National Park,Австралия,Австралия и Океания,499.7401171875,1980,63,Point(142.382 -34.6872)
http://www.wikidata.org/entity/Q1588963,Hattah - Kulkyne National Park,Австралия,Австралия и Океания,499.7401171875,2011,63,Point(142.382 -34.6872)
http://www.wikidata.org/entity/Q1592510,Heathcote-Graytown National Park,Австралия,Австралия и Океания,126.929091796875,2002,,Point(144.866 -36.7963)
http://www.wikidata.org/entity/Q1592510,Heathcote-Graytown National Park,Австралия,Австралия и Океания,126.929091796875,2002,,Point(144.866 -36.7963)
http://www.wikidata.org/entity/Q1592510,Heathcote-Graytown National Park,Австралия,Австралия и Океания,127,2002,,Point(144.866 -36.7963)
http://www.wikidata.org/entity/Q1592510,Heathcote-Graytown National Park,Австралия,Австралия и Океания,127,2002,,Point(144.866 -36.7963)
http://www.wikidata.org/entity/Q1600845,Reinheimen National Park,Норвегия,Европа,1969,2006,,Point(7.9 62.16666667)
http://www.wikidata.org/entity/Q1600845,Reinheimen National Park,Норвегия,Европа,1974.6103776,2006,,Point(7.9 62.16666667)
http://www.wikidata.org/entity/Q1602599,Hell Hole Gorge National Park,Австралия,Австралия и Океания,127.352734375,1992,256,Point(144.15472222 -25.5375)
http://www.wikidata.org/entity/Q1602599,Hell Hole Gorge National Park,Австралия,Австралия и Океания,127.352734375,1994,256,Point(144.15472222 -25.5375)
http://www.wikidata.org/entity/Q1602599,Hell Hole Gorge National Park,Австралия,Австралия и Океания,127,1992,256,Point(144.15472222 -25.5375)
http://www.wikidata.org/entity/Q1602599,Hell Hole Gorge National Park,Австралия,Австралия и Океания,127,1994,256,Point(144.15472222 -25.5375)
http://www.wikidata.org/entity/Q1602738,Западный Цаво,Кения,Африка,9065,1948,,Point(38.13333333 -3.31666667)
http://www.wikidata.org/entity/Q1604804,Hemis National Park,Индия,Азия,4100,1981,,Point(77.433333333 33.983333333)
http://www.wikidata.org/entity/Q1608651,Maryland National Park,Австралия,Австралия и Океания,22.8099438476562,1999,,Point(152.077777777 -28.504722222)
http://www.wikidata.org/entity/Q1608651,Maryland National Park,Австралия,Австралия и Океания,22.8099438476562,2006,,Point(152.077777777 -28.504722222)
http://www.wikidata.org/entity/Q1608651,Maryland National Park,Австралия,Австралия и Океания,2282,1999,,Point(152.077777777 -28.504722222)
http://www.wikidata.org/entity/Q1608651,Maryland National Park,Австралия,Австралия и Океания,2282,2006,,Point(152.077777777 -28.504722222)
http://www.wikidata.org/entity/Q1609380,Herberton Range National Park,Австралия,Австралия и Океания,7707,2008,,Point(145.46805556 -17.36527778)
http://www.wikidata.org/entity/Q1609380,Herberton Range National Park,Австралия,Австралия и Океания,7707,2014,,Point(145.46805556 -17.36527778)
http://www.wikidata.org/entity/Q1609380,Herberton Range National Park,Австралия,Австралия и Океания,65.5092236328125,2008,,Point(145.46805556 -17.36527778)
http://www.wikidata.org/entity/Q1609380,Herberton Range National Park,Австралия,Австралия и Океания,65.5092236328125,2014,,Point(145.46805556 -17.36527778)
http://www.wikidata.org/entity/Q1619336,Nicoll Scrub National Park,Австралия,Австралия и Океания,2685,1986,69,Point(153.424 -28.1894)
http://www.wikidata.org/entity/Q1619336,Nicoll Scrub National Park,Австралия,Австралия и Океания,2685,2016,69,Point(153.424 -28.1894)
http://www.wikidata.org/entity/Q1619336,Nicoll Scrub National Park,Австралия,Австралия и Океания,0.26793270111084,1986,69,Point(153.424 -28.1894)
http://www.wikidata.org/entity/Q1619336,Nicoll Scrub National Park,Австралия,Австралия и Океания,0.26793270111084,2016,69,Point(153.424 -28.1894)
http://www.wikidata.org/entity/Q1619353,Sarabah National Park,Австралия,Австралия и Океания,142,1973,134,Point(153.1231552 -28.0467125)
http://www.wikidata.org/entity/Q1619353,Sarabah National Park,Австралия,Австралия и Океания,142,2001,134,Point(153.1231552 -28.0467125)
http://www.wikidata.org/entity/Q1619353,Sarabah National Park,Австралия,Австралия и Океания,0.0123852741718292,1973,134,Point(153.1231552 -28.0467125)
http://www.wikidata.org/entity/Q1619353,Sarabah National Park,Австралия,Австралия и Океания,0.0123852741718292,2001,134,Point(153.1231552 -28.0467125)
http://www.wikidata.org/entity/Q1619398,Hingol National Park,Пакистан,Азия,6100,1988,,Point(65.66666667 25.6)
http://www.wikidata.org/entity/Q1624289,Holbourne Island National Park,Австралия,Австралия и Океания,339,1982,49,Point(148.36 -19.726944444)
http://www.wikidata.org/entity/Q1624289,Holbourne Island National Park,Австралия,Австралия и Океания,339,2000,49,Point(148.36 -19.726944444)
http://www.wikidata.org/entity/Q1624289,Holbourne Island National Park,Австралия,Австралия и Океания,0.356014976501465,1982,49,Point(148.36 -19.726944444)
http://www.wikidata.org/entity/Q1624289,Holbourne Island National Park,Австралия,Австралия и Океания,0.356014976501465,2000,49,Point(148.36 -19.726944444)
http://www.wikidata.org/entity/Q1626087,Homevale National Park,Австралия,Австралия и Океания,2178,1995,284,Point(148.47166667 -21.35694444)
http://www.wikidata.org/entity/Q1626087,Homevale National Park,Австралия,Австралия и Океания,2178,2009,284,Point(148.47166667 -21.35694444)
http://www.wikidata.org/entity/Q1626087,Homevale National Park,Австралия,Австралия и Океания,214.839140625,1995,284,Point(148.47166667 -21.35694444)
http://www.wikidata.org/entity/Q1626087,Homevale National Park,Австралия,Австралия и Океания,214.839140625,2009,284,Point(148.47166667 -21.35694444)
http://www.wikidata.org/entity/Q1627074,Maria National Park,Австралия,Австралия и Океания,2335,1999,,Point(152.87333333 -31.16277778)
http://www.wikidata.org/entity/Q1627074,Maria National Park,Австралия,Австралия и Океания,2335,2012,,Point(152.87333333 -31.16277778)
http://www.wikidata.org/entity/Q1627074,Maria National Park,Австралия,Австралия и Океания,23.5269213867188,1999,,Point(152.87333333 -31.16277778)
http://www.wikidata.org/entity/Q1627074,Maria National Park,Австралия,Австралия и Океания,23.5269213867188,2012,,Point(152.87333333 -31.16277778)
http://www.wikidata.org/entity/Q1628962,Main Range National Park,Австралия,Австралия и Океания,348.233203125,1965,651,Point(152.41806 -28.09917)
http://www.wikidata.org/entity/Q1628962,Main Range National Park,Австралия,Австралия и Океания,348.233203125,2018,651,Point(152.41806 -28.09917)
http://www.wikidata.org/entity/Q1628962,Main Range National Park,Австралия,Австралия и Океания,115,1965,651,Point(152.41806 -28.09917)
http://www.wikidata.org/entity/Q1628962,Main Range National Park,Австралия,Австралия и Океания,115,2018,651,Point(152.41806 -28.09917)
http://www.wikidata.org/entity/Q1628962,Main Range National Park,Австралия,Австралия и Океания,2973,1965,651,Point(152.41806 -28.09917)
http://www.wikidata.org/entity/Q1628962,Main Range National Park,Австралия,Австралия и Океания,2973,2018,651,Point(152.41806 -28.09917)
http://www.wikidata.org/entity/Q1628962,Main Range National Park,Австралия,Австралия и Океания,348.233203125,1965,651,Point(152.266 -27.8158)
http://www.wikidata.org/entity/Q1628962,Main Range National Park,Австралия,Австралия и Океания,348.233203125,2018,651,Point(152.266 -27.8158)
http://www.wikidata.org/entity/Q1628962,Main Range National Park,Австралия,Австралия и Океания,115,1965,651,Point(152.266 -27.8158)
http://www.wikidata.org/entity/Q1628962,Main Range National Park,Австралия,Австралия и Океания,115,2018,651,Point(152.266 -27.8158)
http://www.wikidata.org/entity/Q1628962,Main Range National Park,Австралия,Австралия и Океания,2973,1965,651,Point(152.266 -27.8158)
http://www.wikidata.org/entity/Q1628962,Main Range National Park,Австралия,Австралия и Океания,2973,2018,651,Point(152.266 -27.8158)
http://www.wikidata.org/entity/Q1630245,Национальный парк Хортон-Плейнс,Шри-Ланка,Азия,31.6,1969,,Point(80.8 6.8)
http://www.wikidata.org/entity/Q1630414,Peak Range National Park,Австралия,Австралия и Океания,25,1983,553,Point(147.87696019 -22.48157755)
http://www.wikidata.org/entity/Q1630414,Peak Range National Park,Австралия,Австралия и Океания,25,1994,553,Point(147.87696019 -22.48157755)
http://www.wikidata.org/entity/Q1630414,Peak Range National Park,Австралия,Австралия и Океания,25.114189453125,1983,553,Point(147.87696019 -22.48157755)
http://www.wikidata.org/entity/Q1630414,Peak Range National Park,Австралия,Австралия и Океания,25.114189453125,1994,553,Point(147.87696019 -22.48157755)
http://www.wikidata.org/entity/Q1631337,Lake Torrens National Park,Австралия,Австралия и Океания,5687.585625,1991,30,Point(137.859722222 -31.044444444)
http://www.wikidata.org/entity/Q1631337,Lake Torrens National Park,Австралия,Австралия и Океания,5.677,1991,30,Point(137.859722222 -31.044444444)
http://www.wikidata.org/entity/Q1631766,Amboró National Park,Боливия,Южная Америка,4425,1973,,Point(-63.98333333 -17.78333333)
http://www.wikidata.org/entity/Q1635824,Намаджи,Австралия,Австралия и Океания,1060.95,1984,1340,Point(148.95 -35.666666666)
http://www.wikidata.org/entity/Q1635824,Намаджи,Австралия,Австралия и Океания,1060.95,2012,1340,Point(148.95 -35.666666666)
http://www.wikidata.org/entity/Q1635824,Намаджи,Австралия,Австралия и Океания,1060.95,2013,1340,Point(148.95 -35.666666666)
http://www.wikidata.org/entity/Q1635824,Намаджи,Австралия,Австралия и Океания,1060.95,2016,1340,Point(148.95 -35.666666666)
http://www.wikidata.org/entity/Q1635824,Намаджи,Австралия,Австралия и Океания,772.283125,1984,1340,Point(148.95 -35.666666666)
http://www.wikidata.org/entity/Q1635824,Намаджи,Австралия,Австралия и Океания,772.283125,2012,1340,Point(148.95 -35.666666666)
http://www.wikidata.org/entity/Q1635824,Намаджи,Австралия,Австралия и Океания,772.283125,2013,1340,Point(148.95 -35.666666666)
http://www.wikidata.org/entity/Q1635824,Намаджи,Австралия,Австралия и Океания,772.283125,2016,1340,Point(148.95 -35.666666666)
http://www.wikidata.org/entity/Q1635824,Намаджи,Австралия,Австралия и Океания,5.51711176633835,1984,1340,Point(148.95 -35.666666666)
http://www.wikidata.org/entity/Q1635824,Намаджи,Австралия,Австралия и Океания,5.51711176633835,2012,1340,Point(148.95 -35.666666666)
http://www.wikidata.org/entity/Q5033548,Кантаньес (национальный парк),Гвинея-Бисау,Африка,680,2007,,Point(-15.0293 11.26461)
http://www.wikidata.org/entity/Q5033548,Кантаньес (национальный парк),Гвинея-Бисау,Африка,1057.67,1980,,Point(-15.0293 11.26461)
http://www.wikidata.org/entity/Q5033548,Кантаньес (национальный парк),Гвинея-Бисау,Африка,1057.67,2007,,Point(-15.0293 11.26461)
http://www.wikidata.org/entity/Q5035412,Capiro Calentura National Park,Гондурас,Северная Америка,50,1992,,Point(-85.935 15.87722222)
http://www.wikidata.org/entity/Q5057521,Celaque National Park,Гондурас,Северная Америка,266.31,1987,,Point(-88.70722222 14.53555556)
http://www.wikidata.org/entity/Q5072887,Chapada das Mesas National Park,Бразилия,Южная Америка,1599.52,2005,,Point(-47.14508056 -7.00548889)
http://www.wikidata.org/entity/Q5072887,Chapada das Mesas National Park,Бразилия,Южная Америка,1600,2005,,Point(-47.14508056 -7.00548889)
http://www.wikidata.org/entity/Q5072892,Chapada dos Guimarães National Park,Бразилия,Южная Америка,326.47,1989,,Point(-55.866861111 -15.304055555)
http://www.wikidata.org/entity/Q5072892,Chapada dos Guimarães National Park,Бразилия,Южная Америка,330,1989,,Point(-55.866861111 -15.304055555)
http://www.wikidata.org/entity/Q5101755,Chiquibul National Park,Белиз,Северная Америка,1157.15,1991,,Point(-88.9375 16.71027778)
http://www.wikidata.org/entity/Q5101755,Chiquibul National Park,Белиз,Северная Америка,1068.39,1991,,Point(-88.9375 16.71027778)
http://www.wikidata.org/entity/Q5118629,Чьюлу,Кения,Африка,741,1983,,Point(37.85 -2.6)
http://www.wikidata.org/entity/Q5193022,Khao Phanom Bencha National Park,Таиланд,Азия,50,1981,,Point(98.9312 8.2353)
http://www.wikidata.org/entity/Q5193022,Khao Phanom Bencha National Park,Таиланд,Азия,50.12,1981,,Point(98.9312 8.2353)
http://www.wikidata.org/entity/Q5196587,Cusuco National Park,Гондурас,Северная Америка,222.23,1959,,Point(-88.2636 15.5419)
http://www.wikidata.org/entity/Q5296018,Dongsha Atoll National Park,Китайская Республика (Тайвань),Азия,3537,2007,,Point(116.7 20.71666667)
http://www.wikidata.org/entity/Q5309628,Dryandra Woodland National Park,Австралия,Австралия и Океания,280.66,1976,,Point(116.967 -32.7833)
http://www.wikidata.org/entity/Q5309628,Dryandra Woodland National Park,Австралия,Австралия и Океания,280.66,2022,,Point(116.967 -32.7833)
http://www.wikidata.org/entity/Q5351426,Эль-Импосибле,Сальвадор,Северная Америка,38.2,1989,,Point(-89.9575 13.84166667)
http://www.wikidata.org/entity/Q5391812,Cerro Hoya National Park,Панама,Северная Америка,0.32557,1984,,Point(-80.7 7.28333333)
http://www.wikidata.org/entity/Q5471103,Fort Dupont Park,США,Северная Америка,1.5216180148224,1930,44,Point(-76.94955825 38.877312888)
http://www.wikidata.org/entity/Q5471103,Fort Dupont Park,США,Северная Америка,1.5216180148224,1930,50,Point(-76.94955825 38.877312888)
http://www.wikidata.org/entity/Q5471103,Fort Dupont Park,США,Северная Америка,1.5216180148224,1930,51,Point(-76.94955825 38.877312888)
http://www.wikidata.org/entity/Q5471103,Fort Dupont Park,США,Северная Америка,1.5216180148224,1930,144,Point(-76.94955825 38.877312888)
http://www.wikidata.org/entity/Q5517737,Гал-Оя,Шри-Ланка,Азия,259,1954,,Point(81.36666667 7.21666667)
http://www.wikidata.org/entity/Q5595368,Гранди-Сертан-Вередас,Бразилия,Южная Америка,2308,1989,,Point(-45.77607033 -15.1)
http://www.wikidata.org/entity/Q5595368,Гранди-Сертан-Вередас,Бразилия,Южная Америка,2308.51,1989,,Point(-45.77607033 -15.1)
http://www.wikidata.org/entity/Q5617576,Gulf of Mannar Marine National Park,Индия,Азия,6.23,1986,,Point(79.4725 9.1375)
http://www.wikidata.org/entity/Q5624093,Gyeryongsan National Park,Республика Корея,Азия,23165,1968,,Point(127.211 36.361)
http://www.wikidata.org/entity/Q5642786,Hallasan National Park,Республика Корея,Азия,90.931,1970,,Point(126.53333333 33.36666667)
http://www.wikidata.org/entity/Q5642786,Hallasan National Park,Республика Корея,Азия,153,1970,,Point(126.53333333 33.36666667)
http://www.wikidata.org/entity/Q5642786,Hallasan National Park,Республика Корея,Азия,73.474,1970,,Point(126.53333333 33.36666667)
http://www.wikidata.org/entity/Q5723844,Ansenuza national park,Аргентина,Южная Америка,6614.16,1994,,Point(-62.833333333 -30.333333333)
http://www.wikidata.org/entity/Q5723844,Ansenuza national park,Аргентина,Южная Америка,6614.16,2022,,Point(-62.833333333 -30.333333333)
http://www.wikidata.org/entity/Q5839590,Ilhas dos Currais Marine National Park,Бразилия,Южная Америка,13.6,2013,,Point(-48.365278 -25.735833)
http://www.wikidata.org/entity/Q5849355,Esteros de Farrapos e Islas del Río Uruguay National  Park,Уругвай,Южная Америка,168.1,2008,1,Point(-58.108611111 -32.778888888)
http://www.wikidata.org/entity/Q5849355,Esteros de Farrapos e Islas del Río Uruguay National  Park,Уругвай,Южная Америка,168.1,2008,1,Point(-58.11666667 -32.7366)
http://www.wikidata.org/entity/Q6023179,Дюны Индианы,США,Северная Америка,62.1151992274176,1966,,Point(-87.108055555 41.648055555)
http://www.wikidata.org/entity/Q6023179,Дюны Индианы,США,Северная Америка,62.1151992274176,2019,,Point(-87.108055555 41.648055555)
http://www.wikidata.org/entity/Q6023179,Дюны Индианы,США,Северная Америка,63.3216,1966,,Point(-87.108055555 41.648055555)
http://www.wikidata.org/entity/Q6023179,Дюны Индианы,США,Северная Америка,63.3216,2019,,Point(-87.108055555 41.648055555)
http://www.wikidata.org/entity/Q6062956,Camino de Cruces National Park,Панама,Северная Америка,47.91,1992,,Point(-79.5939 9.0311)
http://www.wikidata.org/entity/Q6062995,Cocos Island National Park,Коста-Рика,Северная Америка,1997.9,1978,,Point(-87.0667 5.53333)
http://www.wikidata.org/entity/Q6062995,Cocos Island National Park,Коста-Рика,Северная Америка,1971.41,1978,,Point(-87.0667 5.53333)
http://www.wikidata.org/entity/Q6063070,Пико Базиль (национальный парк),Экваториальная Гвинея,Африка,330,2000,,Point(8.76666667 3.58333333)
http://www.wikidata.org/entity/Q6063076,Catatumbo Barí National Natural Park,Колумбия,Южная Америка,1581.25,1989,363,Point(-73.1611 9.01795)
http://www.wikidata.org/entity/Q6063076,Catatumbo Barí National Natural Park,Колумбия,Южная Америка,1581.25,1989,363,Point(-73.18218 9.05888)
http://www.wikidata.org/entity/Q6106162,Nonguén National Park,Чили,Южная Америка,30.55,2009,,Point(-72.9836764 -36.8979966)
http://www.wikidata.org/entity/Q6206287,João Vieira and Poilão Marine National Park,Гвинея-Бисау,Африка,495,2000,,Point(-15.71522 10.9505)
http://www.wikidata.org/entity/Q6206287,João Vieira and Poilão Marine National Park,Гвинея-Бисау,Африка,495,2000,,Point(-15.71182 10.95063)
http://www.wikidata.org/entity/Q6378421,Национальный парк Севан,Армения,Азия,1501,1978,,Point(45.33444444 40.34611111)
http://www.wikidata.org/entity/Q6443439,Kumana National Park,Шри-Ланка,Азия,356.64,1970,,Point(81.68777778 6.51305556)
http://www.wikidata.org/entity/Q6444237,Kund Park,Пакистан,Азия,0.60702846336,2000,,Point(72.234718 33.928352)
http://www.wikidata.org/entity/Q6450702,Kyambura Game Reserve,Уганда,Африка,156,1962,,Point(30.084 -0.137)
http://www.wikidata.org/entity/Q6450702,Kyambura Game Reserve,Уганда,Африка,156,1965,,Point(30.084 -0.137)
http://www.wikidata.org/entity/Q6465411,Ла-Тигра,Гондурас,Северная Америка,243.41,1980,,Point(-87.09972222 14.20666667)
http://www.wikidata.org/entity/Q6473006,Laguna de La Restinga National Park,Венесуэла,Южная Америка,178.5,1975,,Point(-64.14814 10.9851777)
http://www.wikidata.org/entity/Q6590002,Shambe National Park,Южный Судан,Африка,620,1985,,Point(30.58 6.98)
http://www.wikidata.org/entity/Q6699917,Luengue-Luiana National Park,Ангола,Африка,22610,2011,,Point(21.83333333 -16.58333333)
http://www.wikidata.org/entity/Q6723535,Machiara National Park,Пакистан,Азия,135.32,1996,,Point(73.6089563 34.5608638)
http://www.wikidata.org/entity/Q6727157,Maderas Volcano Natural Reserve,Никарагуа,Северная Америка,26.37,1992,,Point(-85.5078535 11.4452535)
http://www.wikidata.org/entity/Q6799652,Mbaéré-Bodingué National Park,Центральноафриканская Республика,Африка,872,2007,,Point(17.166666666 3.833333333)
http://www.wikidata.org/entity/Q6799652,Mbaéré-Bodingué National Park,Центральноафриканская Республика,Африка,866,2007,,Point(17.166666666 3.833333333)
http://www.wikidata.org/entity/Q6870388,Беловежский национальный парк,Польша,Европа,105.173,1932,,Point(23.866666666 52.766666666)
http://www.wikidata.org/entity/Q6897052,Mombasa Marine National Park and Reserve,Кения,Африка,200,1986,,Point(39.78333333 -4.06666667)
http://www.wikidata.org/entity/Q6905054,Монтекристо,Сальвадор,Северная Америка,19.73,1987,2418,Point(-89.388419444 14.382413888)
http://www.wikidata.org/entity/Q6912732,Morne Diablotin National Park,Доминика,Северная Америка,36.14,2000,,Point(-61.4 15.5)
http://www.wikidata.org/entity/Q6958106,Naejangsan National Park,Республика Корея,Азия,81.715,1971,,Point(126.896 35.432)
http://www.wikidata.org/entity/Q6966637,Nascentes do Rio Parnaíba National Park,Бразилия,Южная Америка,7298,2002,,Point(-45.9 -10.05)
http://www.wikidata.org/entity/Q6966637,Nascentes do Rio Parnaíba National Park,Бразилия,Южная Америка,7497.66,2002,,Point(-45.9 -10.05)
http://www.wikidata.org/entity/Q7077223,Odaesan National Park,Республика Корея,Азия,326.35,1975,,Point(128.54305556 37.79527778)
http://www.wikidata.org/entity/Q7077223,Odaesan National Park,Республика Корея,Азия,30393,1975,,Point(128.54305556 37.79527778)
http://www.wikidata.org/entity/Q7099832,Orango Islands National Park,Гвинея-Бисау,Африка,1582.35,2000,,Point(-16.13805 11.06582)
http://www.wikidata.org/entity/Q7099832,Orango Islands National Park,Гвинея-Бисау,Африка,1582.35,2000,,Point(-16.05 11.12)
http://www.wikidata.org/entity/Q7148813,Pau Brasil National Park,Бразилия,Южная Америка,189.34,1999,,Point(-39.264444444 -16.4975)
http://www.wikidata.org/entity/Q7148813,Pau Brasil National Park,Бразилия,Южная Америка,11.45,1999,,Point(-39.264444444 -16.4975)
http://www.wikidata.org/entity/Q7148813,Pau Brasil National Park,Бразилия,Южная Америка,115.38,1999,,Point(-39.264444444 -16.4975)
http://www.wikidata.org/entity/Q7156798,Payne's Creek National Park,Белиз,Северная Америка,147.39,1994,,Point(-88.577 16.327)
http://www.wikidata.org/entity/Q7212122,Хоф-Пальмахим,Израиль,Азия,0.221,2003,,Point(34.700833333 31.930277777)
http://www.wikidata.org/entity/Q7253230,Копаоник,Сербия,Европа,118.1,1981,,Point(20.81250001 43.28527779)
http://www.wikidata.org/entity/Q7386244,Río Clarillo National Park,Чили,Южная Америка,130.85,1982,,Point(-70.45 -33.76666667)
http://www.wikidata.org/entity/Q7400654,Saint-Hilaire/Lange National Park,Бразилия,Южная Америка,251.19,2001,,Point(-48.644 -25.684)
http://www.wikidata.org/entity/Q7400654,Saint-Hilaire/Lange National Park,Бразилия,Южная Америка,243.52,2001,,Point(-48.644 -25.684)
http://www.wikidata.org/entity/Q7424622,Sarstoon-Temash National Park,Белиз,Северная Америка,169.38,1994,,Point(-88.999 15.942513)
http://www.wikidata.org/entity/Q7425977,Satchari National Park,Бангладеш,Азия,2.43,2005,,Point(91.4507 24.12)
http://www.wikidata.org/entity/Q7439837,Sea Acres National Park,Австралия,Австралия и Океания,0.709974365234375,1987,38,Point(152.931 -31.4639)
http://www.wikidata.org/entity/Q7439837,Sea Acres National Park,Австралия,Австралия и Океания,0.709974365234375,2010,38,Point(152.931 -31.4639)
http://www.wikidata.org/entity/Q7439837,Sea Acres National Park,Австралия,Австралия и Океания,0.709974365234375,1987,38,Point(152.93101 -31.46269)
http://www.wikidata.org/entity/Q7439837,Sea Acres National Park,Австралия,Австралия и Океания,0.709974365234375,2010,38,Point(152.93101 -31.46269)
http://www.wikidata.org/entity/Q7446357,Gunung Ledang National Park,Малайзия,Азия,86.114,2003,,Point(102.6179 2.3417)
http://www.wikidata.org/entity/Q7455205,Serra da Bodoquena National Park,Бразилия,Южная Америка,786.81,2000,591,Point(-56.833333333 -21.0)
http://www.wikidata.org/entity/Q7455205,Serra da Bodoquena National Park,Бразилия,Южная Америка,769.75,2000,591,Point(-56.833333333 -21.0)
http://www.wikidata.org/entity/Q7455205,Serra da Bodoquena National Park,Бразилия,Южная Америка,786.81,2000,591,Point(-56.69444444 -21.05833333)
http://www.wikidata.org/entity/Q7455205,Serra da Bodoquena National Park,Бразилия,Южная Америка,769.75,2000,591,Point(-56.69444444 -21.05833333)
http://www.wikidata.org/entity/Q7455207,Serra da Bocaina National Park,Бразилия,Южная Америка,1065.65,1971,,Point(-44.67 -22.963)
http://www.wikidata.org/entity/Q7455207,Serra da Bocaina National Park,Бразилия,Южная Америка,1063.93,1971,,Point(-44.67 -22.963)
http://www.wikidata.org/entity/Q7455207,Serra da Bocaina National Park,Бразилия,Южная Америка,1040,1971,,Point(-44.67 -22.963)
http://www.wikidata.org/entity/Q7455207,Serra da Bocaina National Park,Бразилия,Южная Америка,1.73,1971,,Point(-44.67 -22.963)
http://www.wikidata.org/entity/Q7455207,Serra da Bocaina National Park,Бразилия,Южная Америка,2589.21,1971,,Point(-44.67 -22.963)
http://www.wikidata.org/entity/Q7455207,Serra da Bocaina National Park,Бразилия,Южная Америка,1309,1971,,Point(-44.67 -22.963)
http://www.wikidata.org/entity/Q1635824,Намаджи,Австралия,Австралия и Океания,5.51711176633835,2013,1340,Point(148.95 -35.666666666)
http://www.wikidata.org/entity/Q1635824,Намаджи,Австралия,Австралия и Океания,5.51711176633835,2016,1340,Point(148.95 -35.666666666)
http://www.wikidata.org/entity/Q1635824,Намаджи,Австралия,Австралия и Океания,777.8,1984,1340,Point(148.95 -35.666666666)
http://www.wikidata.org/entity/Q1635824,Намаджи,Австралия,Австралия и Океания,777.8,2012,1340,Point(148.95 -35.666666666)
http://www.wikidata.org/entity/Q1635824,Намаджи,Австралия,Австралия и Океания,777.8,2013,1340,Point(148.95 -35.666666666)
http://www.wikidata.org/entity/Q1635824,Намаджи,Австралия,Австралия и Океания,777.8,2016,1340,Point(148.95 -35.666666666)
http://www.wikidata.org/entity/Q1635824,Намаджи,Австралия,Австралия и Океания,0.835240097045898,1984,1340,Point(148.95 -35.666666666)
http://www.wikidata.org/entity/Q1635824,Намаджи,Австралия,Австралия и Океания,0.835240097045898,2012,1340,Point(148.95 -35.666666666)
http://www.wikidata.org/entity/Q1635824,Намаджи,Австралия,Австралия и Океания,0.835240097045898,2013,1340,Point(148.95 -35.666666666)
http://www.wikidata.org/entity/Q1635824,Намаджи,Австралия,Австралия и Океания,0.835240097045898,2016,1340,Point(148.95 -35.666666666)
http://www.wikidata.org/entity/Q1638019,Вапуск,Канада,Северная Америка,11475,2010,,Point(-93.3714 57.7739)
http://www.wikidata.org/entity/Q1638093,Hunter Wetlands National Park,Австралия,Австралия и Океания,49.6818017578125,2007,,Point(151.7502614 -32.8526735)
http://www.wikidata.org/entity/Q1638093,Hunter Wetlands National Park,Австралия,Австралия и Океания,49.6818017578125,2015,,Point(151.7502614 -32.8526735)
http://www.wikidata.org/entity/Q1638093,Hunter Wetlands National Park,Австралия,Австралия и Океания,4254,2007,,Point(151.7502614 -32.8526735)
http://www.wikidata.org/entity/Q1638093,Hunter Wetlands National Park,Австралия,Австралия и Океания,4254,2015,,Point(151.7502614 -32.8526735)
http://www.wikidata.org/entity/Q1638093,Hunter Wetlands National Park,Австралия,Австралия и Океания,49.6818017578125,2007,,Point(151.7798996 -32.84007757)
http://www.wikidata.org/entity/Q1638093,Hunter Wetlands National Park,Австралия,Австралия и Океания,49.6818017578125,2015,,Point(151.7798996 -32.84007757)
http://www.wikidata.org/entity/Q1638093,Hunter Wetlands National Park,Австралия,Австралия и Океания,4254,2007,,Point(151.7798996 -32.84007757)
http://www.wikidata.org/entity/Q1638093,Hunter Wetlands National Park,Австралия,Австралия и Океания,4254,2015,,Point(151.7798996 -32.84007757)
http://www.wikidata.org/entity/Q1638699,Хардинес-де-ла-Рейна,Куба,Северная Америка,2170,2010,1,Point(-78.916666666 20.816666666)
http://www.wikidata.org/entity/Q1638856,Kyabobo National Park,Гана,Африка,359.8,1993,,Point(0.61666667 8.41666667)
http://www.wikidata.org/entity/Q1638856,Kyabobo National Park,Гана,Африка,359.8,1993,,Point(0.61667 8.41667)
http://www.wikidata.org/entity/Q1638890,Tamborine National Park,Австралия,Австралия и Океания,208,1993,196,Point(153.178333333 -27.860277777)
http://www.wikidata.org/entity/Q1638890,Tamborine National Park,Австралия,Австралия и Океания,208,2014,196,Point(153.178333333 -27.860277777)
http://www.wikidata.org/entity/Q1638890,Tamborine National Park,Австралия,Австралия и Океания,20.8917724609375,1993,196,Point(153.178333333 -27.860277777)
http://www.wikidata.org/entity/Q1638890,Tamborine National Park,Австралия,Австралия и Океания,20.8917724609375,2014,196,Point(153.178333333 -27.860277777)
http://www.wikidata.org/entity/Q1639106,Хустайн-Нуруу (национальный парк),Монголия,Азия,576.48,2003,,Point(105.9 47.7)
http://www.wikidata.org/entity/Q1639106,Хустайн-Нуруу (национальный парк),Монголия,Азия,506,2003,,Point(105.9 47.7)
http://www.wikidata.org/entity/Q1639468,Гора Кения,Кения,Африка,693.39,1949,,Point(37.336666666 -0.123888888)
http://www.wikidata.org/entity/Q1639468,Гора Кения,Кения,Африка,715,1949,,Point(37.336666666 -0.123888888)
http://www.wikidata.org/entity/Q1639468,Гора Кения,Кения,Африка,2023.34,1949,,Point(37.336666666 -0.123888888)
http://www.wikidata.org/entity/Q1639749,Тю (национальный парк),Дания,Европа,243.7,2007,,Point(8.422 56.947)
http://www.wikidata.org/entity/Q1639811,Paluma Range National Park,Австралия,Австралия и Океания,76371,1994,751,Point(146.125 -18.8717)
http://www.wikidata.org/entity/Q1639811,Paluma Range National Park,Австралия,Австралия и Океания,76371,2011,751,Point(146.125 -18.8717)
http://www.wikidata.org/entity/Q1639811,Paluma Range National Park,Австралия,Австралия и Океания,793.496171875,1994,751,Point(146.125 -18.8717)
http://www.wikidata.org/entity/Q1639811,Paluma Range National Park,Австралия,Австралия и Океания,793.496171875,2011,751,Point(146.125 -18.8717)
http://www.wikidata.org/entity/Q1640800,Национальный парк Водопад Виктория,Зимбабве,Африка,23.4,1950,,Point(25.840722222 -17.951)
http://www.wikidata.org/entity/Q1641205,Lizard Island National Park,Австралия,Австралия и Океания,991,1939,348,Point(145.45944444 -14.66888889)
http://www.wikidata.org/entity/Q1641205,Lizard Island National Park,Австралия,Австралия и Океания,991,2000,348,Point(145.45944444 -14.66888889)
http://www.wikidata.org/entity/Q1641205,Lizard Island National Park,Австралия,Австралия и Океания,9.37243957519531,1939,348,Point(145.45944444 -14.66888889)
http://www.wikidata.org/entity/Q1641205,Lizard Island National Park,Австралия,Австралия и Океания,9.37243957519531,2000,348,Point(145.45944444 -14.66888889)
http://www.wikidata.org/entity/Q1641213,Three Islands Group National Park,Австралия,Австралия и Океания,754,1939,3,Point(145.42027778 -15.11277778)
http://www.wikidata.org/entity/Q1641213,Three Islands Group National Park,Австралия,Австралия и Океания,754,2000,3,Point(145.42027778 -15.11277778)
http://www.wikidata.org/entity/Q1641213,Three Islands Group National Park,Австралия,Австралия и Океания,0.773261184692383,1939,3,Point(145.42027778 -15.11277778)
http://www.wikidata.org/entity/Q1641213,Three Islands Group National Park,Австралия,Австралия и Океания,0.773261184692383,2000,3,Point(145.42027778 -15.11277778)
http://www.wikidata.org/entity/Q1641217,Sundown National Park,Австралия,Австралия и Океания,124.24529296875,1977,676,Point(151.618611111 -28.868333333)
http://www.wikidata.org/entity/Q1641217,Sundown National Park,Австралия,Австралия и Океания,124.24529296875,2016,676,Point(151.618611111 -28.868333333)
http://www.wikidata.org/entity/Q1641217,Sundown National Park,Австралия,Австралия и Океания,12647,1977,676,Point(151.618611111 -28.868333333)
http://www.wikidata.org/entity/Q1641217,Sundown National Park,Австралия,Австралия и Океания,12647,2016,676,Point(151.618611111 -28.868333333)
http://www.wikidata.org/entity/Q1641326,Ясуни,Эквадор,Южная Америка,9823,1979,210,Point(-76.1 -0.77)
http://www.wikidata.org/entity/Q1643261,Слитере,Латвия,Европа,264.9,2000,,Point(22.29444444 57.62416667)
http://www.wikidata.org/entity/Q1645349,Tjoritja / West MacDonnell National Park,Австралия,Австралия и Океания,2566.84747871913,1992,867,Point(132.418 -23.4364)
http://www.wikidata.org/entity/Q1646565,Kemendok National Park,Австралия,Австралия и Океания,99.178720703125,2010,,Point(142.39105225 -34.60382392)
http://www.wikidata.org/entity/Q1646565,Kemendok National Park,Австралия,Австралия и Океания,99.178720703125,2012,,Point(142.39105225 -34.60382392)
http://www.wikidata.org/entity/Q1646565,Kemendok National Park,Австралия,Австралия и Океания,9874,2010,,Point(142.39105225 -34.60382392)
http://www.wikidata.org/entity/Q1646565,Kemendok National Park,Австралия,Австралия и Океания,9874,2012,,Point(142.39105225 -34.60382392)
http://www.wikidata.org/entity/Q1647398,Q1647398,Камерун,Африка,17.23,1968,,Point(13.92555556 10.95555556)
http://www.wikidata.org/entity/Q1648266,Нанда-Деви,Индия,Азия,624.6,1982,,Point(79.849722222 30.418611111)
http://www.wikidata.org/entity/Q1649503,Kara Kara National Park,Австралия,Австралия и Океания,139.9,2002,441,Point(143.285 -36.8606)
http://www.wikidata.org/entity/Q1649503,Kara Kara National Park,Австралия,Австралия и Океания,139.8074609375,2002,441,Point(143.285 -36.8606)
http://www.wikidata.org/entity/Q1649503,Kara Kara National Park,Австралия,Австралия и Океания,139,2002,441,Point(143.285 -36.8606)
http://www.wikidata.org/entity/Q1651245,Cotapata National Park and Integrated Management Natural Area,Боливия,Южная Америка,650,1993,1974,Point(-67.9 -16.21666667)
http://www.wikidata.org/entity/Q1651245,Cotapata National Park and Integrated Management Natural Area,Боливия,Южная Америка,612.66,1993,1974,Point(-67.9 -16.21666667)
http://www.wikidata.org/entity/Q1651251,Iñao National Park and Integrated Management Natural Area,Боливия,Южная Америка,2.6309,2004,,Point(-63.92 -19.425)
http://www.wikidata.org/entity/Q1651313,Isiboro Sécure National Park and Indigenous Territory,Боливия,Южная Америка,12363,1965,,Point(-66.66666667 -15.45)
http://www.wikidata.org/entity/Q1651325,Isla Magdalena National Park,Чили,Южная Америка,1576,1983,,Point(-73.13333333 -44.66666667)
http://www.wikidata.org/entity/Q3364425,Пьятра-Крайулуй,Румыния,Европа,147.33,1990,,Point(25.211666666 45.526944444)
http://www.wikidata.org/entity/Q3364425,Пьятра-Крайулуй,Румыния,Европа,147.9598464,1990,,Point(25.211666666 45.526944444)
http://www.wikidata.org/entity/Q3364426,Parima-Tapirapecó National Park,Венесуэла,Южная Америка,42748.8,1991,,Point(-64.7046663 3.3302424)
http://www.wikidata.org/entity/Q3364428,Santos Luzardo National Park,Венесуэла,Южная Америка,5843.68,1988,62,Point(-67.5769 6.71371)
http://www.wikidata.org/entity/Q3364429,Serranía La Neblina National Park,Венесуэла,Южная Америка,12435.4,1978,,Point(-66.0384751 0.9476993)
http://www.wikidata.org/entity/Q3364435,Ирики,Марокко,Африка,123,1994,,Point(-6.51725292 29.84164898)
http://www.wikidata.org/entity/Q3364442,Джебель-Шамби (биосферный резерват),Тунис,Африка,67.23,1980,,Point(8.69519 35.18)
http://www.wikidata.org/entity/Q3364445,Dghoumes National Park,Тунис,Африка,80,2010,,Point(8.511 34.07)
http://www.wikidata.org/entity/Q3364446,Дурмитор,Черногория,Европа,321,1952,,Point(19.036873092 43.153198375)
http://www.wikidata.org/entity/Q3364446,Дурмитор,Черногория,Европа,325.19,1952,,Point(19.036873092 43.153198375)
http://www.wikidata.org/entity/Q3364448,Fulufjellet National Park,Норвегия,Европа,82.4372076,2012,,Point(12.78333333 61.4)
http://www.wikidata.org/entity/Q3364448,Fulufjellet National Park,Норвегия,Европа,82.5,2012,,Point(12.78333333 61.4)
http://www.wikidata.org/entity/Q3364456,Кайетур,Гайана,Южная Америка,626.8,1929,,Point(-59.41666667 5.21666667)
http://www.wikidata.org/entity/Q3364458,Khenifra National Park,Марокко,Африка,2027,2008,,Point(-5.66667 32.9333)
http://www.wikidata.org/entity/Q3364481,Таласемтан,Марокко,Африка,589,2004,,Point(-5.14059 35.2253)
http://www.wikidata.org/entity/Q3364493,Serra de Itabaiana National Park,Бразилия,Южная Америка,80.25,2005,,Point(-37.34916667 -10.77888889)
http://www.wikidata.org/entity/Q3364493,Serra de Itabaiana National Park,Бразилия,Южная Америка,8030,2005,,Point(-37.34916667 -10.77888889)
http://www.wikidata.org/entity/Q3364499,Forêts National Park,Франция,Европа,566.129124,2019,,Point(4.83 47.9)
http://www.wikidata.org/entity/Q3364499,Forêts National Park,Франция,Европа,566.12914,2019,,Point(4.83 47.9)
http://www.wikidata.org/entity/Q3364505,Wicklow Mountains National Park,Ирландия,Европа,204.83,1991,,Point(-6.398 53.018)
http://www.wikidata.org/entity/Q3364507,Бадиар (национальный парк),Гвинея,Африка,382,1985,,Point(-13.3167 12.6167)
http://www.wikidata.org/entity/Q3364508,Saslaya National Park,Никарагуа,Северная Америка,150,1971,,Point(-84.977735 13.760474)
http://www.wikidata.org/entity/Q3364519,Пелистер,Северная Македония,Европа,171.5,1948,,Point(21.191 40.981)
http://www.wikidata.org/entity/Q3364522,Ainos National Park,Греция,Европа,27.7943,1962,,Point(20.66222222 38.145)
http://www.wikidata.org/entity/Q3364522,Ainos National Park,Греция,Европа,28.31,1962,,Point(20.66222222 38.145)
http://www.wikidata.org/entity/Q3364523,Национальный парк Скадарское Озеро,Черногория,Европа,400,1983,,Point(19.209722222 42.24)
http://www.wikidata.org/entity/Q3364523,Национальный парк Скадарское Озеро,Черногория,Европа,400,1983,,Point(19.209722222 42.24)
http://www.wikidata.org/entity/Q3364527,Mahatma Gandhi Marine National Park,Индия,Азия,29.043,1983,78,Point(92.65694444 11.57055556)
http://www.wikidata.org/entity/Q3364531,Abrolhos Marine National Park,Бразилия,Южная Америка,879.54,1983,,Point(-38.9465 -17.9369)
http://www.wikidata.org/entity/Q3364542,Мунчике,Колумбия,Южная Америка,440,1977,1885,Point(-77.08333333 2.7)
http://www.wikidata.org/entity/Q4855656,Banhine National Park,Мозамбик,Африка,7000,1973,,Point(32.80848 -22.748599)
http://www.wikidata.org/entity/Q4901585,Bhawal National Park,Бангладеш,Азия,50.22,1974,,Point(90.404 24.09582778)
http://www.wikidata.org/entity/Q4930049,Blue and John Crow Mountains National Park,Ямайка,Северная Америка,1223.77,1993,,Point(-76.571111 18.0775)
http://www.wikidata.org/entity/Q4930319,Национальный парк Бокор,Камбоджа,Азия,1423,1993,,Point(104.03222455 10.86204693)
http://www.wikidata.org/entity/Q3364553,Yariguíes National Park,Колумбия,Южная Америка,592.88,2005,,Point(-73.4333 6.55)
http://www.wikidata.org/entity/Q3364555,Историко-природный парк Ширкент,Таджикистан,Азия,319,1991,,Point(68.234711 38.725698)
http://www.wikidata.org/entity/Q3368594,National Park Munții Măcinului,Румыния,Европа,2.1,2000,,Point(28.3 45.166667)
http://www.wikidata.org/entity/Q3375188,Chiaksan National Park,Республика Корея,Азия,182.09,1984,,Point(128.047 37.33)
http://www.wikidata.org/entity/Q3375188,Chiaksan National Park,Республика Корея,Азия,18157,1984,,Point(128.047 37.33)
http://www.wikidata.org/entity/Q3375188,Chiaksan National Park,Республика Корея,Азия,175.67,1984,,Point(128.047 37.33)
http://www.wikidata.org/entity/Q3382979,Northumberland Islands National Park,Австралия,Австралия и Океания,172,1994,,Point(149.6798866 -21.3160397)
http://www.wikidata.org/entity/Q3382979,Northumberland Islands National Park,Австралия,Австралия и Океания,172,2000,,Point(149.6798866 -21.3160397)
http://www.wikidata.org/entity/Q3382979,Northumberland Islands National Park,Австралия,Австралия и Океания,15.8931909179688,1994,,Point(149.6798866 -21.3160397)
http://www.wikidata.org/entity/Q3382979,Northumberland Islands National Park,Австралия,Австралия и Океания,15.8931909179688,2000,,Point(149.6798866 -21.3160397)
http://www.wikidata.org/entity/Q3382979,Northumberland Islands National Park,Австралия,Австралия и Океания,172,1994,,Point(149.680555555 -21.317222222)
http://www.wikidata.org/entity/Q3382979,Northumberland Islands National Park,Австралия,Австралия и Океания,172,2000,,Point(149.680555555 -21.317222222)
http://www.wikidata.org/entity/Q3382979,Northumberland Islands National Park,Австралия,Австралия и Океания,15.8931909179688,1994,,Point(149.680555555 -21.317222222)
http://www.wikidata.org/entity/Q3382979,Northumberland Islands National Park,Австралия,Австралия и Океания,15.8931909179688,2000,,Point(149.680555555 -21.317222222)
http://www.wikidata.org/entity/Q3383573,Wondul Range National Park,Австралия,Австралия и Океания,3555,1992,,Point(151.022 -28.0633)
http://www.wikidata.org/entity/Q3383573,Wondul Range National Park,Австралия,Австралия и Океания,3555,2015,,Point(151.022 -28.0633)
http://www.wikidata.org/entity/Q3383573,Wondul Range National Park,Австралия,Австралия и Океания,146.2356640625,1992,,Point(151.022 -28.0633)
http://www.wikidata.org/entity/Q3383573,Wondul Range National Park,Австралия,Австралия и Океания,146.2356640625,2015,,Point(151.022 -28.0633)
http://www.wikidata.org/entity/Q3383573,Wondul Range National Park,Австралия,Австралия и Океания,3555,1992,,Point(151.0250551 -28.0581796)
http://www.wikidata.org/entity/Q3383573,Wondul Range National Park,Австралия,Австралия и Океания,3555,2015,,Point(151.0250551 -28.0581796)
http://www.wikidata.org/entity/Q3383573,Wondul Range National Park,Австралия,Австралия и Океания,146.2356640625,1992,,Point(151.0250551 -28.0581796)
http://www.wikidata.org/entity/Q3383573,Wondul Range National Park,Австралия,Австралия и Океания,146.2356640625,2015,,Point(151.0250551 -28.0581796)
http://www.wikidata.org/entity/Q3384562,Национальный парк Остров Бриби,Австралия,Австралия и Океания,86.11947265625,1994,12,Point(153.126666666 -26.867222222)
http://www.wikidata.org/entity/Q3384562,Национальный парк Остров Бриби,Австралия,Австралия и Океания,86.11947265625,2018,12,Point(153.126666666 -26.867222222)
http://www.wikidata.org/entity/Q3385028,Moreton Island National Park,Австралия,Австралия и Океания,169.72181640625,1966,122,Point(153.391 -27.0525)
http://www.wikidata.org/entity/Q3385028,Moreton Island National Park,Австралия,Австралия и Океания,169.72181640625,2007,122,Point(153.391 -27.0525)
http://www.wikidata.org/entity/Q3446446,Юйшань,Китайская Республика (Тайвань),Азия,1054.9,1985,,Point(120.957266666 23.47)
http://www.wikidata.org/entity/Q3446446,Юйшань,Китайская Республика (Тайвань),Азия,1054.9,1985,,Point(120.940555555 23.512222222)
http://www.wikidata.org/entity/Q3488567,Chagres National Park,Панама,Северная Америка,1290,1985,,Point(-79.5 9.4)
http://www.wikidata.org/entity/Q3491338,České Švýcarsko National Park,Чехия,Европа,79.277566,2000,,Point(14.3893 50.8835)
http://www.wikidata.org/entity/Q3495158,Turquino National Park,Куба,Северная Америка,22938,1980,,Point(-76.835833333 19.989444444)
http://www.wikidata.org/entity/Q3505873,Рара,Непал,Азия,106,1976,,Point(82.072222222 29.491666666)
http://www.wikidata.org/entity/Q3515283,Галичица,Северная Македония,Европа,227.5,1958,1731,Point(20.85 41.0)
http://www.wikidata.org/entity/Q3524793,Уилпатту,Шри-Ланка,Азия,1085,1938,,Point(80.0 8.43333)
http://www.wikidata.org/entity/Q3560405,Brasília National Park,Бразилия,Южная Америка,423.56,1961,1035,Point(-47.975555555 -15.715555555)
http://www.wikidata.org/entity/Q3560405,Brasília National Park,Бразилия,Южная Америка,423.83,1961,1035,Point(-47.975555555 -15.715555555)
http://www.wikidata.org/entity/Q3645592,Алгетский национальный парк,Грузия,Европа,6822,1965,,Point(44.51666667 41.58333333)
http://www.wikidata.org/entity/Q3646784,Cerro Cora National Park,Парагвай,Южная Америка,12038,1976,,Point(-56.183333333 -22.65)
http://www.wikidata.org/entity/Q3663554,Эндау-Ромпин,Малайзия,Азия,880.59595751424,1993,,Point(103.273 2.43892)
http://www.wikidata.org/entity/Q3663554,Эндау-Ромпин,Малайзия,Азия,483.64,1993,,Point(103.273 2.43892)
http://www.wikidata.org/entity/Q3663554,Эндау-Ромпин,Малайзия,Азия,870,1993,,Point(103.273 2.43892)
http://www.wikidata.org/entity/Q3695702,Национальный парк Банке,Непал,Азия,550,2010,,Point(81.9128 28.1911)
http://www.wikidata.org/entity/Q3695993,Ruvubu National Park,Бурунди,Африка,508,1980,1361,Point(30.373 -3.111)
http://www.wikidata.org/entity/Q3696259,Чандоли,Индия,Азия,317.67,1985,,Point(73.775 17.19166667)
http://www.wikidata.org/entity/Q3696259,Чандоли,Индия,Азия,308.9,1985,,Point(73.775 17.19166667)
http://www.wikidata.org/entity/Q3738170,Парк Леуми,Израиль,Азия,1.8,1953,,Point(34.82580278 32.049225)
http://www.wikidata.org/entity/Q3738207,Cerro Castillo National Park,Чили,Южная Америка,1795.5,1970,1678,Point(-72.18333333 -46.05)
http://www.wikidata.org/entity/Q3738207,Cerro Castillo National Park,Чили,Южная Америка,1795.5,2018,1678,Point(-72.18333333 -46.05)
http://www.wikidata.org/entity/Q3738207,Cerro Castillo National Park,Чили,Южная Америка,1435.02,1970,1678,Point(-72.18333333 -46.05)
http://www.wikidata.org/entity/Q3738207,Cerro Castillo National Park,Чили,Южная Америка,1435.02,2018,1678,Point(-72.18333333 -46.05)
http://www.wikidata.org/entity/Q3895620,Чжанцзяцзе,Китай,Азия,479.15,1982,,Point(110.416 29.3274)
http://www.wikidata.org/entity/Q3895693,Ciénagas de Juan Manuel National Park,Венесуэла,Южная Америка,1885.12,1991,,Point(-72.319968611 9.522487777)
http://www.wikidata.org/entity/Q3895694,Буррен (национальный парк),Ирландия,Европа,15,1991,,Point(-9.0 53.01)
http://www.wikidata.org/entity/Q3895694,Буррен (национальный парк),Ирландия,Европа,20,1991,,Point(-9.0 53.01)
http://www.wikidata.org/entity/Q3895701,Bidoup Núi Bà National Park,Вьетнам,Азия,575.12,2004,,Point(108.5 12.43333333)
http://www.wikidata.org/entity/Q3895739,Matese National Park,Италия,Европа,879,1993,,Point(14.4069 41.3814)
http://www.wikidata.org/entity/Q3895739,Matese National Park,Италия,Европа,879,1993,,Point(14.4069 41.3814)
http://www.wikidata.org/entity/Q3895739,Matese National Park,Италия,Европа,879,1993,,Point(14.4069 41.3814)
http://www.wikidata.org/entity/Q3895739,Matese National Park,Италия,Европа,879,1993,,Point(14.4069 41.3814)
http://www.wikidata.org/entity/Q3896391,Национальный парк Моррокой,Венесуэла,Южная Америка,320.9,1974,188,Point(-68.306 10.856)
http://www.wikidata.org/entity/Q4056818,Аггёльский национальный парк,Азербайджан,Азия,179.24,2003,,Point(47.65 40.00916667)
http://www.wikidata.org/entity/Q4068343,Апшеронский национальный парк,Азербайджан,Азия,7.83,2005,,Point(50.35944444 40.28361111)
http://www.wikidata.org/entity/Q4068420,Арагуаиа (национальный парк),Бразилия,Южная Америка,5554.78,1959,174,Point(-50.167 -10.5)
http://www.wikidata.org/entity/Q4068420,Арагуаиа (национальный парк),Бразилия,Южная Америка,5555,1959,174,Point(-50.167 -10.5)
http://www.wikidata.org/entity/Q4098508,Национальный парк Буйратау,Казахстан,Азия,890,2011,,Point(73.33333334 51.33333334)
http://www.wikidata.org/entity/Q4098508,Национальный парк Буйратау,Казахстан,Европа,890,2011,,Point(73.33333334 51.33333334)
http://www.wikidata.org/entity/Q4099294,Национальный парк Бурабай,Казахстан,Азия,1292.99,2000,,Point(70.30000001 53.08333334)
http://www.wikidata.org/entity/Q4099294,Национальный парк Бурабай,Казахстан,Европа,1292.99,2000,,Point(70.30000001 53.08333334)
http://www.wikidata.org/entity/Q4121671,Дельта Аксьоса,Греция,Европа,337.79,1971,,Point(22.666263 40.509713)
http://www.wikidata.org/entity/Q4133141,Сэйбл-Айленд (национальный парк),Канада,Северная Америка,29.84,2013,,Point(-59.906944444 43.935277777)
http://www.wikidata.org/entity/Q4181072,Жонгар-Алатауский национальный парк,Казахстан,Азия,3560.22,2010,,Point(80.776978 45.255555)
http://www.wikidata.org/entity/Q4181072,Жонгар-Алатауский национальный парк,Казахстан,Европа,3560.22,2010,,Point(80.776978 45.255555)
http://www.wikidata.org/entity/Q4199195,Иле-Алатауский национальный парк,Казахстан,Азия,1996.21,1996,,Point(77.166666666 43.066666666)
http://www.wikidata.org/entity/Q4199195,Иле-Алатауский национальный парк,Казахстан,Европа,1996.21,1996,,Point(77.166666666 43.066666666)
http://www.wikidata.org/entity/Q4217451,Катон-Карагайский национальный парк,Казахстан,Азия,6434.77,2001,,Point(86.6 49.3)
http://www.wikidata.org/entity/Q4217451,Катон-Карагайский национальный парк,Казахстан,Европа,6434.77,2001,,Point(86.6 49.3)
http://www.wikidata.org/entity/Q4227524,Национальный парк Кокшетау,Казахстан,Азия,1820.76,1996,,Point(68.46817 52.886535)
http://www.wikidata.org/entity/Q4227524,Национальный парк Кокшетау,Казахстан,Европа,1820.76,1996,,Point(68.46817 52.886535)
http://www.wikidata.org/entity/Q4228940,Национальный парк Кольсайские озёра,Казахстан,Азия,1610.45,2007,,Point(78.4 42.933333333)
http://www.wikidata.org/entity/Q4228940,Национальный парк Кольсайские озёра,Казахстан,Европа,1610.45,2007,,Point(78.4 42.933333333)
http://www.wikidata.org/entity/Q4228940,Национальный парк Кольсайские озёра,Казахстан,Азия,1610.45,2007,,Point(77.58225 42.96446)
http://www.wikidata.org/entity/Q4228940,Национальный парк Кольсайские озёра,Казахстан,Европа,1610.45,2007,,Point(77.58225 42.96446)
http://www.wikidata.org/entity/Q4280157,"Манас (национальный парк, Бутан)",Бутан,Азия,1057,1966,,Point(90.75805556 26.89944444)
http://www.wikidata.org/entity/Q4313531,Нарынский государственный заповедник,Кыргызстан,Азия,1055.2,1983,,Point(76.5863353 41.430665)
http://www.wikidata.org/entity/Q4315024,Национальный морской парк Лас-Баулас,Коста-Рика,Северная Америка,220,1991,,Point(-85.865 10.318)
http://www.wikidata.org/entity/Q4334956,Онон-Балж,Монголия,Азия,2923.74,2000,,Point(111.758055555 49.246666666)
http://www.wikidata.org/entity/Q4350416,Botum Sakor National Park,Камбоджа,Азия,1712.5,1993,,Point(103.24969205 11.11553035)
http://www.wikidata.org/entity/Q4351267,Langtang National Park,Непал,Азия,1710,1976,,Point(85.5531 28.1738)
http://www.wikidata.org/entity/Q4405258,Сайрам-Угамский национальный парк,Казахстан,Азия,1490.371,2006,,Point(70.05 41.95)
http://www.wikidata.org/entity/Q4405258,Сайрам-Угамский национальный парк,Казахстан,Европа,1490.371,2006,,Point(70.05 41.95)
http://www.wikidata.org/entity/Q4420168,Синевир (национальный парк),Украина,Европа,404,1974,,Point(23.7 48.5)
http://www.wikidata.org/entity/Q4499886,Хорго-Тэрхийн-Цагаан-Нуур,Монголия,Азия,768.93,1965,,Point(99.72222222 48.17083333)
http://www.wikidata.org/entity/Q4499886,Хорго-Тэрхийн-Цагаан-Нуур,Монголия,Азия,768.93,1965,,Point(99.728853 48.177522)
http://www.wikidata.org/entity/Q4503069,Цамбагарав-Уул (национальный парк),Монголия,Азия,1137,2000,,Point(90.96 48.671)
http://www.wikidata.org/entity/Q4507523,Чарынский национальный парк,Казахстан,Азия,1270.5,2004,,Point(79.06963 43.35015)
http://www.wikidata.org/entity/Q4507523,Чарынский национальный парк,Казахстан,Европа,1270.5,2004,,Point(79.06963 43.35015)
http://www.wikidata.org/entity/Q4524236,Ширванский национальный парк,Азербайджан,Азия,543.74,2003,,Point(49.01555556 39.5475)
http://www.wikidata.org/entity/Q4551358,Национальный парк Вулкан Тенорио,Коста-Рика,Северная Америка,129.03,1976,,Point(-85.0 10.666666666)
http://www.wikidata.org/entity/Q4552189,La Cangreja National Park,Коста-Рика,Северная Америка,25.19,2003,,Point(-84.373 9.717)
http://www.wikidata.org/entity/Q4552264,Tapantí National Park,Коста-Рика,Северная Америка,583.2,1982,,Point(-83.799722222 9.770555555)
http://www.wikidata.org/entity/Q1872590,Лоуэр-Голберн,Австралия,Австралия и Океания,93.2,2010,,Point(145.12 -36.1817)
http://www.wikidata.org/entity/Q1875999,Tallaganda National Park,Австралия,Австралия и Океания,165.96404296875,2001,,Point(149.481388888 -35.743611111)
http://www.wikidata.org/entity/Q1875999,Tallaganda National Park,Австралия,Австралия и Океания,165.96404296875,2007,,Point(149.481388888 -35.743611111)
http://www.wikidata.org/entity/Q2006345,Подийи,Чехия,Европа,63,1991,207,Point(15.89722222 48.84777778)
http://www.wikidata.org/entity/Q2006345,Подийи,Чехия,Европа,62.792521,1991,207,Point(15.89722222 48.84777778)
http://www.wikidata.org/entity/Q2006345,Подийи,Чехия,Европа,63,1991,536,Point(15.89722222 48.84777778)
http://www.wikidata.org/entity/Q2006345,Подийи,Чехия,Европа,62.792521,1991,536,Point(15.89722222 48.84777778)
http://www.wikidata.org/entity/Q2008560,Oakview National Park,Австралия,Австралия и Океания,35.13138671875,2010,,Point(152.3471775 -26.1470292)
http://www.wikidata.org/entity/Q2008560,Oakview National Park,Австралия,Австралия и Океания,349,2010,,Point(152.3471775 -26.1470292)
http://www.wikidata.org/entity/Q2016058,Strzelecki National Park,Австралия,Австралия и Океания,4216,1967,438,Point(148.094722 -40.219444)
http://www.wikidata.org/entity/Q2016058,Strzelecki National Park,Австралия,Австралия и Океания,76.3465777868591,1967,438,Point(148.094722 -40.219444)
http://www.wikidata.org/entity/Q2028082,Арикок,Аруба,Северная Америка,34,2000,,Point(-69.92654 12.4988)
http://www.wikidata.org/entity/Q2032704,Саадани,Танзания,Африка,1153,2005,,Point(38.75 -6.0)
http://www.wikidata.org/entity/Q2032704,Саадани,Кения,Африка,1153,2005,,Point(38.75 -6.0)
http://www.wikidata.org/entity/Q2042871,Oxley Wild Rivers National Park,Австралия,Австралия и Океания,1490.06796875,1986,,Point(152.01 -30.996388888)
http://www.wikidata.org/entity/Q2042871,Oxley Wild Rivers National Park,Австралия,Австралия и Океания,1490.06796875,2015,,Point(152.01 -30.996388888)
http://www.wikidata.org/entity/Q2042871,Oxley Wild Rivers National Park,Австралия,Австралия и Океания,1.423,1986,,Point(152.01 -30.996388888)
http://www.wikidata.org/entity/Q2042871,Oxley Wild Rivers National Park,Австралия,Австралия и Океания,1.423,2015,,Point(152.01 -30.996388888)
http://www.wikidata.org/entity/Q2043817,Krkonoše National Park,Чехия,Европа,363.521299,1963,1603,Point(15.74027778 50.73611111)
http://www.wikidata.org/entity/Q2043817,Krkonoše National Park,Чехия,Европа,363.521299,1963,1603,Point(15.74027778 50.73611111)
http://www.wikidata.org/entity/Q2043817,Krkonoše National Park,Чехия,Европа,363.522042,1963,1603,Point(15.74027778 50.73611111)
http://www.wikidata.org/entity/Q2043817,Krkonoše National Park,Чехия,Европа,363.522042,1963,1603,Point(15.74027778 50.73611111)
http://www.wikidata.org/entity/Q2043817,Krkonoše National Park,Чехия,Европа,385,1963,1603,Point(15.74027778 50.73611111)
http://www.wikidata.org/entity/Q2043817,Krkonoše National Park,Чехия,Европа,385,1963,1603,Point(15.74027778 50.73611111)
http://www.wikidata.org/entity/Q2043976,Катимбау,Бразилия,Южная Америка,622.95,2002,,Point(-37.15 -8.61667)
http://www.wikidata.org/entity/Q1950336,Маунт-Кук (национальный парк),Новая Зеландия,Австралия и Океания,706.96,1953,,Point(170.1 -43.7333)
http://www.wikidata.org/entity/Q1950528,Маунтс-Иглит — Бако,Филиппины,Азия,754.45,1970,,Point(121.21666667 12.9)
http://www.wikidata.org/entity/Q1950660,Mount Pulag National Park,Филиппины,Азия,11.55,1987,,Point(120.99805556 16.58333333)
http://www.wikidata.org/entity/Q1950916,Q1950916,Филиппины,Азия,11325,1966,,Point(121.48333333 14.06666667)
http://www.wikidata.org/entity/Q1950918,Mounts-Palay-Palay-Mataas-Na-Gulod National Park,Филиппины,Азия,3995,1976,,Point(120.66666667 14.25)
http://www.wikidata.org/entity/Q1951559,Мтирала,Грузия,Европа,281.26,2006,,Point(41.859856 41.684194)
http://www.wikidata.org/entity/Q1951728,Mudlo National Park,Австралия,Австралия и Океания,21.8704833984375,2007,,Point(152.1973801 -26.0338139)
http://www.wikidata.org/entity/Q1951728,Mudlo National Park,Австралия,Австралия и Океания,2192,2007,,Point(152.1973801 -26.0338139)
http://www.wikidata.org/entity/Q1953824,Murray River National Park,Австралия,Австралия и Океания,136.351220703125,1991,18,Point(140.54 -34.3869)
http://www.wikidata.org/entity/Q1953824,Murray River National Park,Австралия,Австралия и Океания,136.351220703125,2009,18,Point(140.54 -34.3869)
http://www.wikidata.org/entity/Q1953824,Murray River National Park,Австралия,Австралия и Океания,13096,1991,18,Point(140.54 -34.3869)
http://www.wikidata.org/entity/Q1953824,Murray River National Park,Австралия,Австралия и Океания,13096,2009,18,Point(140.54 -34.3869)
http://www.wikidata.org/entity/Q1961377,Minkébé National Park,Габон,Африка,7535,1994,,Point(12.75950278 1.67977222)
http://www.wikidata.org/entity/Q2780805,Mount Mackay National Park,Австралия,Австралия и Океания,368,2005,204,Point(145.9745192 -17.9462366)
http://www.wikidata.org/entity/Q2780805,Mount Mackay National Park,Австралия,Австралия и Океания,36.8359936523438,2005,204,Point(145.989166666 -17.937777777)
http://www.wikidata.org/entity/Q2780805,Mount Mackay National Park,Австралия,Австралия и Океания,368,2005,204,Point(145.989166666 -17.937777777)
http://www.wikidata.org/entity/Q2780808,Mount Spurgeon National Park,Австралия,Австралия и Океания,1194,2008,,Point(145.2046113 -16.4490541)
http://www.wikidata.org/entity/Q2780808,Mount Spurgeon National Park,Австралия,Австралия и Океания,12.1729858398438,2008,,Point(145.2046113 -16.4490541)
http://www.wikidata.org/entity/Q2780809,Mount Windsor National Park,Австралия,Австралия и Океания,4382,2005,1171,Point(145.0030615 -16.2731674)
http://www.wikidata.org/entity/Q2780809,Mount Windsor National Park,Австралия,Австралия и Океания,4382,2018,1171,Point(145.0030615 -16.2731674)
http://www.wikidata.org/entity/Q2780809,Mount Windsor National Park,Австралия,Австралия и Океания,489.27796875,2005,1171,Point(145.0030615 -16.2731674)
http://www.wikidata.org/entity/Q2780809,Mount Windsor National Park,Австралия,Австралия и Океания,489.27796875,2018,1171,Point(145.0030615 -16.2731674)
http://www.wikidata.org/entity/Q2781948,Nairana National Park,Австралия,Австралия и Океания,952,2003,199,Point(146.9030094 -21.6814013)
http://www.wikidata.org/entity/Q2781948,Nairana National Park,Австралия,Австралия и Океания,952,2014,199,Point(146.9030094 -21.6814013)
http://www.wikidata.org/entity/Q2781948,Nairana National Park,Австралия,Австралия и Океания,193.80439453125,2003,199,Point(146.9030094 -21.6814013)
http://www.wikidata.org/entity/Q2781948,Nairana National Park,Австралия,Австралия и Океания,193.80439453125,2014,199,Point(146.9030094 -21.6814013)
http://www.wikidata.org/entity/Q2782040,Narkoola National Park,Австралия,Австралия и Океания,11799,2010,,Point(147.0285683 -28.0294773)
http://www.wikidata.org/entity/Q2782040,Narkoola National Park,Австралия,Австралия и Океания,11799,2014,,Point(147.0285683 -28.0294773)
http://www.wikidata.org/entity/Q2782040,Narkoola National Park,Австралия,Австралия и Океания,140.367548828125,2010,,Point(147.0285683 -28.0294773)
http://www.wikidata.org/entity/Q2782040,Narkoola National Park,Австралия,Австралия и Океания,140.367548828125,2014,,Point(147.0285683 -28.0294773)
http://www.wikidata.org/entity/Q2782040,Narkoola National Park,Австралия,Австралия и Океания,11799,2010,,Point(147.05777778 -28.03333333)
http://www.wikidata.org/entity/Q2782040,Narkoola National Park,Австралия,Австралия и Океания,11799,2014,,Point(147.05777778 -28.03333333)
http://www.wikidata.org/entity/Q2782040,Narkoola National Park,Австралия,Австралия и Океания,140.367548828125,2010,,Point(147.05777778 -28.03333333)
http://www.wikidata.org/entity/Q2782040,Narkoola National Park,Австралия,Австралия и Океания,140.367548828125,2014,,Point(147.05777778 -28.03333333)
http://www.wikidata.org/entity/Q2791013,Denham Group National Park,Австралия,Австралия и Океания,0.640727844238281,1989,,Point(143.015833333 -11.108888888)
http://www.wikidata.org/entity/Q2791013,Denham Group National Park,Австралия,Австралия и Океания,0.640727844238281,1999,,Point(143.015833333 -11.108888888)
http://www.wikidata.org/entity/Q2791013,Denham Group National Park,Австралия,Австралия и Океания,907,1989,,Point(143.015833333 -11.108888888)
http://www.wikidata.org/entity/Q2791013,Denham Group National Park,Австралия,Австралия и Океания,907,1999,,Point(143.015833333 -11.108888888)
http://www.wikidata.org/entity/Q2889744,Sir James Mitchell National Park,Австралия,Австралия и Океания,1.72984115600586,1969,151,Point(116.24 -34.4561)
http://www.wikidata.org/entity/Q2889744,Sir James Mitchell National Park,Австралия,Австралия и Океания,247,1969,151,Point(116.24 -34.4561)
http://www.wikidata.org/entity/Q1540216,Gourock National Park,Австралия,Австралия и Океания,78.4856982421875,2001,,Point(149.5136261 -35.91824983)
http://www.wikidata.org/entity/Q1540216,Gourock National Park,Австралия,Австралия и Океания,7873,2001,,Point(149.5136261 -35.91824983)
http://www.wikidata.org/entity/Q1543598,Грасслендс (национальный парк),Канада,Северная Америка,906.4,2001,,Point(-107.51 49.15)
http://www.wikidata.org/entity/Q1544213,Большие Гималаи (национальный парк),Индия,Азия,755,1984,,Point(77.951021 31.804288)
http://www.wikidata.org/entity/Q1544213,Большие Гималаи (национальный парк),Индия,Азия,905.4,1984,,Point(77.951021 31.804288)
http://www.wikidata.org/entity/Q1544213,Большие Гималаи (национальный парк),Индия,Азия,265.6,1984,,Point(77.951021 31.804288)
http://www.wikidata.org/entity/Q1544357,Нки (национальный парк),Камерун,Африка,3093,2005,641,Point(14.416666666 2.416666666)
http://www.wikidata.org/entity/Q1544549,Green Island National Park,Австралия,Австралия и Океания,0.0788588666915894,1937,,Point(145.97444444 -16.75972222)
http://www.wikidata.org/entity/Q1544549,Green Island National Park,Австралия,Австралия и Океания,0.0788588666915894,1998,,Point(145.97444444 -16.75972222)
http://www.wikidata.org/entity/Q1544549,Green Island National Park,Австралия,Австралия и Океания,793,1937,,Point(145.97444444 -16.75972222)
http://www.wikidata.org/entity/Q1544549,Green Island National Park,Австралия,Австралия и Океания,793,1998,,Point(145.97444444 -16.75972222)
http://www.wikidata.org/entity/Q1545224,Боржоми-Харагаули,Грузия,Европа,5300,1995,,Point(43.13 41.84)
http://www.wikidata.org/entity/Q1546685,Keep River National Park,Австралия,Австралия и Океания,569,1986,122,Point(129.14 -15.8164)
http://www.wikidata.org/entity/Q1546685,Keep River National Park,Австралия,Австралия и Океания,569,1991,122,Point(129.14 -15.8164)
http://www.wikidata.org/entity/Q1546685,Keep River National Park,Австралия,Австралия и Океания,569,2002,122,Point(129.14 -15.8164)
http://www.wikidata.org/entity/Q1546685,Keep River National Park,Австралия,Австралия и Океания,261.899174804688,1986,122,Point(129.14 -15.8164)
http://www.wikidata.org/entity/Q1546685,Keep River National Park,Австралия,Австралия и Океания,261.899174804688,1991,122,Point(129.14 -15.8164)
http://www.wikidata.org/entity/Q1546685,Keep River National Park,Австралия,Австралия и Океания,261.899174804688,2002,122,Point(129.14 -15.8164)
http://www.wikidata.org/entity/Q1546685,Keep River National Park,Австралия,Австралия и Океания,310.42001953125,1986,122,Point(129.14 -15.8164)
http://www.wikidata.org/entity/Q1546685,Keep River National Park,Австралия,Австралия и Океания,310.42001953125,1991,122,Point(129.14 -15.8164)
http://www.wikidata.org/entity/Q1546685,Keep River National Park,Австралия,Австралия и Океания,310.42001953125,2002,122,Point(129.14 -15.8164)
http://www.wikidata.org/entity/Q1546990,Quirimbas National Park,Мозамбик,Африка,7506,1971,,Point(40.422048 -12.127746)
http://www.wikidata.org/entity/Q1547334,Grongah National Park,Австралия,Австралия и Океания,229.05123046875,2007,,Point(152.1287547 -25.9986311)
http://www.wikidata.org/entity/Q1547334,Grongah National Park,Австралия,Австралия и Океания,229,2007,,Point(152.1287547 -25.9986311)
http://www.wikidata.org/entity/Q7588335,St. Herman's Blue Hole National Park,Белиз,Северная Америка,2.69,1986,,Point(-88.685 17.156)
http://www.wikidata.org/entity/Q7643009,Суперагуи (национальный парк),Бразилия,Южная Америка,5.43,1989,10,Point(-48.219166666 -25.419444444)
http://www.wikidata.org/entity/Q7643009,Суперагуи (национальный парк),Бразилия,Южная Америка,370,1989,10,Point(-48.219166666 -25.419444444)
http://www.wikidata.org/entity/Q7643009,Суперагуи (национальный парк),Бразилия,Южная Америка,5.43,1989,10,Point(-48.1667 -25.3333)
http://www.wikidata.org/entity/Q7643009,Суперагуи (национальный парк),Бразилия,Южная Америка,370,1989,10,Point(-48.1667 -25.3333)
http://www.wikidata.org/entity/Q1583699,Warrabah National Park,Австралия,Австралия и Океания,52.1415576171875,2010,822,Point(150.9344444 -30.531666666)
http://www.wikidata.org/entity/Q1583713,Nymboi-Binderay National Park,Австралия,Австралия и Океания,17243,1997,309,Point(152.73194444 -30.10861111)
http://www.wikidata.org/entity/Q1583713,Nymboi-Binderay National Park,Австралия,Австралия и Океания,172.12794921875,1997,309,Point(152.73194444 -30.10861111)
http://www.wikidata.org/entity/Q5028518,Campos Gerais National Park,Бразилия,Южная Америка,215,2006,,Point(-49.95 -25.05)
http://www.wikidata.org/entity/Q5028518,Campos Gerais National Park,Бразилия,Южная Америка,212.99,2006,,Point(-49.95 -25.05)
http://www.wikidata.org/entity/Q5033548,Кантаньес (национальный парк),Гвинея-Бисау,Африка,680,1980,,Point(-15.0293 11.26461)
http://www.wikidata.org/entity/Q7455209,Serra da Cutia National Park,Бразилия,Южная Америка,2836.11,2001,210,Point(-64.3333 -11.6833)
http://www.wikidata.org/entity/Q7455209,Serra da Cutia National Park,Бразилия,Южная Америка,2834.99,2001,210,Point(-64.3333 -11.6833)
http://www.wikidata.org/entity/Q7455211,Серра-да-Канастра,Бразилия,Южная Америка,1979,1972,1106,Point(-46.5 -20.25)
http://www.wikidata.org/entity/Q7455211,Серра-да-Канастра,Бразилия,Южная Америка,1979.73,1972,1106,Point(-46.5 -20.25)
http://www.wikidata.org/entity/Q7455214,Serra da Mocidade National Park,Бразилия,Южная Америка,3593.91,1998,,Point(-61.89 1.144)
http://www.wikidata.org/entity/Q7455214,Serra da Mocidade National Park,Бразилия,Южная Америка,3509.6,1998,,Point(-61.89 1.144)
http://www.wikidata.org/entity/Q7455260,Серра-ду-Парду,Бразилия,Южная Америка,4454,2005,172,Point(-52.999166666 -5.727777777)
http://www.wikidata.org/entity/Q7455260,Серра-ду-Парду,Бразилия,Южная Америка,4453.95,2005,172,Point(-52.999166666 -5.727777777)
http://www.wikidata.org/entity/Q7643009,Суперагуи (национальный парк),Бразилия,Южная Америка,338.6,1989,10,Point(-48.219166666 -25.419444444)
http://www.wikidata.org/entity/Q7643009,Суперагуи (национальный парк),Бразилия,Южная Америка,333.18,1989,10,Point(-48.219166666 -25.419444444)
http://www.wikidata.org/entity/Q7643009,Суперагуи (национальный парк),Бразилия,Южная Америка,338.6,1989,10,Point(-48.1667 -25.3333)
http://www.wikidata.org/entity/Q7643009,Суперагуи (национальный парк),Бразилия,Южная Америка,333.18,1989,10,Point(-48.1667 -25.3333)
http://www.wikidata.org/entity/Q7935313,Viruá National Park,Бразилия,Южная Америка,2149.54,1998,58,Point(-61.131 1.293)
http://www.wikidata.org/entity/Q7935313,Viruá National Park,Бразилия,Южная Америка,2270.11,1998,58,Point(-61.131 1.293)
http://www.wikidata.org/entity/Q7971410,Wasgamuwa National Park,Шри-Ланка,Азия,393.22,1984,,Point(80.9333 7.71667)
http://www.wikidata.org/entity/Q8034123,Woraksan National Park,Республика Корея,Азия,28778,1984,,Point(128.198 36.835)
http://www.wikidata.org/entity/Q8072261,Zinave National Park,Мозамбик,Африка,4000,1973,,Point(33.5279 -21.5773)
http://www.wikidata.org/entity/Q9055955,Altos de Campana National Park,Панама,Северная Америка,48.16,1966,,Point(-79.9528451 8.7137229)
http://www.wikidata.org/entity/Q9055961,Харагуа,Доминиканская Республика,Северная Америка,1374,1983,,Point(-71.499023 17.789228)
http://www.wikidata.org/entity/Q9055968,Volcán Barú National Park,Панама,Северная Америка,143.25,1976,,Point(-82.54277778 8.80777778)
http://www.wikidata.org/entity/Q9055975,Ayub National Park,Пакистан,Азия,1.2666660602112,1959,,Point(73.080555555 33.570833333)
http://www.wikidata.org/entity/Q4845618,Yacambú National Park,Венесуэла,Южная Америка,146,1962,,Point(-69.66666667 9.63333333)
http://www.wikidata.org/entity/Q4845618,Yacambú National Park,Венесуэла,Южная Америка,146,1962,,Point(-69.5425 9.641666666)
http://www.wikidata.org/entity/Q4930573,Национальный парк Реам,Камбоджа,Азия,210,1993,,Point(103.73436445 10.50640943)
http://www.wikidata.org/entity/Q4988996,Prespa National Park,Албания,Европа,27.75,1999,,Point(20.898611111 40.825555555)
http://www.wikidata.org/entity/Q4988996,Prespa National Park,Албания,Европа,277.5,1999,,Point(20.898611111 40.825555555)
http://www.wikidata.org/entity/Q4994368,Mols Bjerge National Park,Дания,Европа,180,2007,,Point(10.512541666 56.207466666)
http://www.wikidata.org/entity/Q5015852,Cabrits National Park,Доминика,Северная Америка,214.89,1986,,Point(-61.473 15.586)
http://www.wikidata.org/entity/Q19597810,Малка-Мари,Кения,Африка,876,1989,,Point(40.7712 4.18499)
http://www.wikidata.org/entity/Q4704751,Al Saleel National Park,Оман,Азия,220,1997,,Point(59.197 22.363)
http://www.wikidata.org/entity/Q4736972,Альтос де Нсорк (национальный парк),Экваториальная Гвинея,Африка,800,2000,,Point(11.12 1.16)
http://www.wikidata.org/entity/Q4744643,Cayambe Coca National Park,Эквадор,Южная Америка,4031.03,1970,600,Point(-77.8 0.05)
http://www.wikidata.org/entity/Q4744643,Cayambe Coca National Park,Эквадор,Южная Америка,4031.03,1970,5790,Point(-77.8 0.05)
http://www.wikidata.org/entity/Q4761937,Angammedilla National Park,Шри-Ланка,Азия,75,2006,,Point(80.93714167 7.90117778)
http://www.wikidata.org/entity/Q4761937,Angammedilla National Park,Шри-Ланка,Азия,75,2006,,Point(80.9119 7.9212)
http://www.wikidata.org/entity/Q4784468,Araucárias National Park,Бразилия,Южная Америка,128.41,2005,,Point(-51.9675 -26.76472222)
http://www.wikidata.org/entity/Q4784468,Araucárias National Park,Бразилия,Южная Америка,128.1,2005,,Point(-51.9675 -26.76472222)
http://www.wikidata.org/entity/Q4845575,Turuepano National Park,Венесуэла,Южная Америка,771.2,1991,,Point(-62.9036544 10.451939)
http://www.wikidata.org/entity/Q4845588,Национальный парк Мариуса,Венесуэла,Южная Америка,3255.1,1991,2,Point(-61.475206 9.8058587)
http://www.wikidata.org/entity/Q4845607,Cerro El Copey National Park,Венесуэла,Южная Америка,68.8,1974,,Point(-63.8864207 11.0088427)
http://www.wikidata.org/entity/Q4845608,El Tamá National Park,Венесуэла,Южная Америка,1400.31,1978,574,Point(-72.189 7.54079)
http://www.wikidata.org/entity/Q4845608,El Tamá National Park,Венесуэла,Южная Америка,1400.31,1978,574,Point(-72.187194 7.540444)
http://www.wikidata.org/entity/Q4845617,Guatopo National Park,Венесуэла,Южная Америка,1224.64,1958,,Point(-66.416528 10.076361)
http://www.wikidata.org/entity/Q4845620,Yurubí National Park,Венесуэла,Южная Америка,236.7,1960,,Point(-68.65925 10.47875)
http://www.wikidata.org/entity/Q4845652,Duida-Marahuaca National Park,Венесуэла,Южная Америка,2365.7,1978,,Point(-65.4232408 3.6530517)
http://www.wikidata.org/entity/Q4845766,Эль-Гуачаро,Венесуэла,Южная Америка,629.4,1975,,Point(-63.553853611 10.171760388)
http://www.wikidata.org/entity/Q9055976,Национальный парк Лопе,Габон,Африка,4942,2002,,Point(11.5428 -0.525334)
http://www.wikidata.org/entity/Q9055979,Ивиндо (национальный парк),Габон,Африка,1822.68,2002,,Point(12.63 0.088)
http://www.wikidata.org/entity/Q9055979,Ивиндо (национальный парк),Габон,Африка,2987.58,2002,,Point(12.63 0.088)
http://www.wikidata.org/entity/Q9055985,Улу-Тембуронг,Бруней,Азия,550,1991,,Point(115.208 4.478)
http://www.wikidata.org/entity/Q9067090,Hlane Royal National Park,Эсватини,Африка,300,1967,,Point(31.88 -26.25)
http://www.wikidata.org/entity/Q10345240,Серра-дас-Конфусьонс,Бразилия,Южная Америка,5654.54,1998,,Point(-43.80305556 -9.125)
http://www.wikidata.org/entity/Q10345240,Серра-дас-Конфусьонс,Бразилия,Южная Америка,8238,1998,,Point(-43.80305556 -9.125)
http://www.wikidata.org/entity/Q10345240,Серра-дас-Конфусьонс,Бразилия,Южная Америка,8238.38,1998,,Point(-43.80305556 -9.125)
http://www.wikidata.org/entity/Q10345240,Серра-дас-Конфусьонс,Бразилия,Южная Америка,2583.84,1998,,Point(-43.80305556 -9.125)
http://www.wikidata.org/entity/Q10345241,Jericoacoara National Park,Бразилия,Южная Америка,22.96,2002,,Point(-40.5 -2.8)
http://www.wikidata.org/entity/Q10345241,Jericoacoara National Park,Бразилия,Южная Америка,88.6303,2002,,Point(-40.5 -2.8)
http://www.wikidata.org/entity/Q10345241,Jericoacoara National Park,Бразилия,Южная Америка,65.67,2002,,Point(-40.5 -2.8)
http://www.wikidata.org/entity/Q10345244,Сете-Сидадес,Бразилия,Южная Америка,63.04,1961,114,Point(-41.66666667 -4.08333333)
http://www.wikidata.org/entity/Q10345244,Сете-Сидадес,Бразилия,Южная Америка,77,1961,114,Point(-41.66666667 -4.08333333)
http://www.wikidata.org/entity/Q10345245,Discovery National Park,Бразилия,Южная Америка,226.94,1999,,Point(-39.293317 -17.069233)
http://www.wikidata.org/entity/Q10345245,Discovery National Park,Бразилия,Южная Америка,211.29,1999,,Point(-39.293317 -17.069233)
http://www.wikidata.org/entity/Q10345249,Monte Pascoal National Park,Бразилия,Южная Америка,221.88,1961,,Point(-39.27083333 -16.86416667)
http://www.wikidata.org/entity/Q10345249,Monte Pascoal National Park,Бразилия,Южная Америка,138.725,1961,,Point(-39.27083333 -16.86416667)
http://www.wikidata.org/entity/Q10345249,Monte Pascoal National Park,Бразилия,Южная Америка,0.52,1961,,Point(-39.27083333 -16.86416667)
http://www.wikidata.org/entity/Q10345249,Monte Pascoal National Park,Бразилия,Южная Америка,222.4,1961,,Point(-39.27083333 -16.86416667)
http://www.wikidata.org/entity/Q10834066,Mount Augustus National Park,Австралия,Австралия и Океания,91.760576171875,1989,1032,Point(116.844 -24.3306)
http://www.wikidata.org/entity/Q11697913,Пало-Верде,Коста-Рика,Северная Америка,182.55,1978,,Point(-85.32333333 10.39722222)
http://www.wikidata.org/entity/Q11697935,Chinji National Park,Пакистан,Азия,60.95,1987,,Point(72.49193889 33.01024167)
http://www.wikidata.org/entity/Q11955121,Prokletije National Park,Черногория,Европа,166.3,2009,,Point(19.913888888 42.531666666)
http://www.wikidata.org/entity/Q12132935,Тушети,Грузия,Европа,830.07,2003,,Point(45.48694444 42.41)
http://www.wikidata.org/entity/Q12132935,Тушети,Грузия,Европа,830.07,2003,,Point(45.5 42.5)
http://www.wikidata.org/entity/Q12273007,Bafk National Park,Иран,Азия,885.27,2005,,
http://www.wikidata.org/entity/Q12501413,Сколевские Бескиды,Украина,Европа,352.61,1999,,Point(23.3954 49.0658)
http://www.wikidata.org/entity/Q12679228,Defensores del Chaco National Park,Парагвай,Южная Америка,6859,1975,,Point(-60.304 -20.156194444)
http://www.wikidata.org/entity/Q12679228,Defensores del Chaco National Park,Парагвай,Южная Америка,6859,1975,,Point(-60.2 -20.2281)
http://www.wikidata.org/entity/Q12876742,National Park of Eastern Macedonia and Thrace,Греция,Европа,929.47,2008,,Point(25.105386111 41.007861111)
http://www.wikidata.org/entity/Q12876743,Дельта Эвроса,Греция,Европа,128.96,1977,,Point(26.033333333 40.783333333)
http://www.wikidata.org/entity/Q12876746,Национальный парк Схиниас-Марафон,Греция,Европа,14.39,2000,,Point(24.028333 38.151111)
http://www.wikidata.org/entity/Q12876760,Национальный парк Олимп,Греция,Европа,40,1981,,Point(22.358611111 40.085555555)
http://www.wikidata.org/entity/Q13059186,Madhupur National Park,Бангладеш,Азия,84.3243472735488,1962,,Point(90.119377777 24.698302777)
http://www.wikidata.org/entity/Q13220079,Ишкёль,Тунис,Африка,126,1980,,Point(9.655444 37.123444)
http://www.wikidata.org/entity/Q14201448,Aguas Turbias National Park,Белиз,Северная Америка,3622,1994,,Point(-89.13852 17.84116)
http://www.wikidata.org/entity/Q14201448,Aguas Turbias National Park,Белиз,Северная Америка,35.41,1994,,Point(-89.13852 17.84116)
http://www.wikidata.org/entity/Q14202898,Bacalar Chico National Park,Белиз,Северная Америка,45.1,1996,,Point(-87.86453 18.12938)
http://www.wikidata.org/entity/Q14206230,Belum Temenggor Forest Reserve,Малайзия,Азия,117000,2003,,Point(101.38 5.67)
http://www.wikidata.org/entity/Q14209011,Five Blues Lake National Park,Белиз,Северная Америка,16.43,1994,,Point(-88.58 17.135)
http://www.wikidata.org/entity/Q14209011,Five Blues Lake National Park,Белиз,Северная Америка,17.2,1994,,Point(-88.58 17.135)
http://www.wikidata.org/entity/Q14215140,Mayflower Bocawina National Park,Белиз,Северная Америка,28.68,2001,,Point(-88.38333 16.91667)
http://www.wikidata.org/entity/Q14915623,Færder National Park,Норвегия,Европа,340.3131449,2013,,Point(10.51 59.15)
http://www.wikidata.org/entity/Q14915623,Færder National Park,Норвегия,Европа,340,2013,,Point(10.51 59.15)
http://www.wikidata.org/entity/Q15051136,Alatish National Park,Эфиопия,Африка,2.665,2006,,Point(35.06388889 11.09722222)
http://www.wikidata.org/entity/Q15058700,Percy Isles National Park,Австралия,Австралия и Океания,3518,2010,,Point(150.2723399 -21.6700919)
http://www.wikidata.org/entity/Q15058700,Percy Isles National Park,Австралия,Австралия и Океания,34.4388208007813,2010,,Point(150.2723399 -21.6700919)
http://www.wikidata.org/entity/Q15061980,Woowoonga National Park,Австралия,Австралия и Океания,265,2006,241,Point(152.1197115 -25.4925625)
http://www.wikidata.org/entity/Q15061980,Woowoonga National Park,Австралия,Австралия и Океания,26.4174462890625,2006,241,Point(152.1197115 -25.4925625)
http://www.wikidata.org/entity/Q15061980,Woowoonga National Park,Австралия,Австралия и Океания,265,2006,241,Point(152.124722222 -25.455)
http://www.wikidata.org/entity/Q15061980,Woowoonga National Park,Австралия,Австралия и Океания,26.4174462890625,2006,241,Point(152.124722222 -25.455)
http://www.wikidata.org/entity/Q15124864,Pinnacles National Park,Австралия,Австралия и Океания,11.0220251464844,2011,,Point(146.5714554 -19.4270034)
http://www.wikidata.org/entity/Q15124864,Pinnacles National Park,Австралия,Австралия и Океания,1137,2011,,Point(146.5714554 -19.4270034)
http://www.wikidata.org/entity/Q15206232,Byeonsan-bando National Park,Республика Корея,Азия,154644,1988,,Point(126.586 35.644)
http://www.wikidata.org/entity/Q15243648,Magoe National Park,Мозамбик,Африка,3500,2013,,Point(31.897693 -15.985356)
http://www.wikidata.org/entity/Q15252301,Mayon Volcano Natural Park,Филиппины,Азия,5803,1938,2353,Point(123.685 13.25666667)
http://www.wikidata.org/entity/Q15252301,Mayon Volcano Natural Park,Филиппины,Азия,5803,2000,2353,Point(123.685 13.25666667)
http://www.wikidata.org/entity/Q15253488,Minneriya National Park,Шри-Ланка,Азия,89,1997,,Point(80.84888889 7.97888889)
http://www.wikidata.org/entity/Q15838244,Орхей,Молдова,Европа,337.9209,2013,,Point(28.966666666 47.3)
http://www.wikidata.org/entity/Q15867509,Yendegaia National Park,Чили,Южная Америка,150612,2013,,Point(-68.823255 -54.848992)
http://www.wikidata.org/entity/Q16070157,Национальный парк Озеро Арпи,Армения,Азия,250,2009,,Point(43.643056 41.054444)
http://www.wikidata.org/entity/Q16331019,Kotychi and Strofylia Wetlands National Park,Греция,Европа,159.75,2009,,Point(21.37094 38.1218292)
http://www.wikidata.org/entity/Q16508549,Казбегский национальный парк,Грузия,Европа,86.87,2007,,Point(44.633333 42.65)
http://www.wikidata.org/entity/Q16586347,Boa Nova national park,Бразилия,Южная Америка,270,2010,,Point(-40.126 -14.395)
http://www.wikidata.org/entity/Q16586347,Boa Nova national park,Бразилия,Южная Америка,120.65,2010,,Point(-40.126 -14.395)
http://www.wikidata.org/entity/Q16586347,Boa Nova national park,Бразилия,Южная Америка,270,2010,,Point(-40.2 -14.35)
http://www.wikidata.org/entity/Q16586347,Boa Nova national park,Бразилия,Южная Америка,120.65,2010,,Point(-40.2 -14.35)
http://www.wikidata.org/entity/Q16616378,Morro Moreno National Park,Чили,Южная Америка,73.1389,2010,,Point(-70.56555556 -23.46444444)
http://www.wikidata.org/entity/Q16616389,San Miguel national park,Уругвай,Южная Америка,15.42,1937,3,Point(-53.543055555 -33.710555555)
http://www.wikidata.org/entity/Q16616389,San Miguel national park,Уругвай,Южная Америка,15.42,1937,3,Point(-53.53333333 -33.6975)
http://www.wikidata.org/entity/Q16622739,Patagonia National Park,Аргентина,Южная Америка,528.11,2015,,Point(-71.316944444 -47.159166666)
http://www.wikidata.org/entity/Q16622740,Patagonia National Park,Чили,Южная Америка,3045.2775,2018,,Point(-72.484722 -47.118333)
http://www.wikidata.org/entity/Q16904181,Ypoá National Park,Парагвай,Южная Америка,1000,1992,,Point(-57.4289 -25.9114)
http://www.wikidata.org/entity/Q16911654,Laguna del Laja National Park,Чили,Южная Америка,119,1958,2612,Point(-71.25 -37.35)
http://www.wikidata.org/entity/Q16911654,Laguna del Laja National Park,Чили,Южная Америка,116,1958,2612,Point(-71.25 -37.35)
http://www.wikidata.org/entity/Q17019710,Siniaka-Minia National Park,Чад,Африка,4643,1961,,
http://www.wikidata.org/entity/Q17265018,Jamanxim National Park,Бразилия,Южная Америка,8628.87,2006,204,Point(-55.866417 -5.740611)
http://www.wikidata.org/entity/Q17265018,Jamanxim National Park,Бразилия,Южная Америка,8597.97,2006,204,Point(-55.866417 -5.740611)
http://www.wikidata.org/entity/Q17265421,Campos Amazônicos National Park,Бразилия,Южная Америка,9613.11,2006,128,Point(-61.483278 -8.542556)
http://www.wikidata.org/entity/Q17265421,Campos Amazônicos National Park,Бразилия,Южная Америка,9613.11,2006,141,Point(-61.483278 -8.542556)
http://www.wikidata.org/entity/Q17374416,Portobelo National Park,Панама,Северная Америка,359.29,1976,,
http://www.wikidata.org/entity/Q17413589,Mudeungsan National Park,Республика Корея,Азия,7545,2012,,Point(126.989 35.144)
http://www.wikidata.org/entity/Q17626186,El Impenetrable National Park,Аргентина,Южная Америка,1280,2014,,Point(-60.9959 -25.0095)
http://www.wikidata.org/entity/Q17745939,Готска-Сандён,Швеция,Европа,44.6388,1909,,Point(19.246057234 58.366313996)
http://www.wikidata.org/entity/Q17745939,Готска-Сандён,Швеция,Европа,7.87422,1909,,Point(19.246057234 58.366313996)
http://www.wikidata.org/entity/Q17745939,Готска-Сандён,Швеция,Европа,30.1747,1909,,Point(19.246057234 58.366313996)
http://www.wikidata.org/entity/Q17745939,Готска-Сандён,Швеция,Европа,36.7643,1909,,Point(19.246057234 58.366313996)
http://www.wikidata.org/entity/Q17749860,Médanos del Chaco National Park,Парагвай,Южная Америка,514233,2003,,Point(-61.8113 -20.371948)
http://www.wikidata.org/entity/Q17749860,Médanos del Chaco National Park,Парагвай,Южная Америка,514233,2003,,Point(-61.5667 -20.3)
http://www.wikidata.org/entity/Q18088121,Rio Novo National Park,Бразилия,Южная Америка,5380.89,2006,257,Point(-56.671111 -7.952028)
http://www.wikidata.org/entity/Q18088121,Rio Novo National Park,Бразилия,Южная Америка,5380.89,2006,257,Point(-56.671111 -7.952028)
http://www.wikidata.org/entity/Q18167998,Национальный парк Куасуиттук,Канада,Северная Америка,11000,2015,,Point(-101.031111111 76.124166666)
http://www.wikidata.org/entity/Q18353304,Toorale National Park,Австралия,Австралия и Океания,30866,2010,104,Point(145.401 -30.265)
http://www.wikidata.org/entity/Q18353304,Toorale National Park,Австралия,Австралия и Океания,306.4753125,2010,104,Point(145.401 -30.265)
http://www.wikidata.org/entity/Q18378371,Murrumbidgee Valley National Park,Австралия,Австралия и Океания,130.273525390625,2010,,Point(146.201 -34.715)
http://www.wikidata.org/entity/Q18378371,Murrumbidgee Valley National Park,Австралия,Австралия и Океания,130.273525390625,2016,,Point(146.201 -34.715)
http://www.wikidata.org/entity/Q19870520,Adelaide International Bird Sanctuary National Park - Winaityinaityi Pangkara National Park,Австралия,Австралия и Океания,147.57685546875,2017,,Point(138.398 -34.5944)
http://www.wikidata.org/entity/Q19909159,Национальный парк «Шантарские острова»,Россия,Европа,5150,2013,,Point(137.5 55.0)
http://www.wikidata.org/entity/Q19966843,El Avila National park,Венесуэла,Южная Америка,851.92,1958,2765,Point(-66.866666666 10.533333333)
http://www.wikidata.org/entity/Q20022191,Salar del Huasco National Park,Чили,Южная Америка,99.5,1996,3786,Point(-68.85 -20.3)
http://www.wikidata.org/entity/Q20022191,Salar del Huasco National Park,Чили,Южная Америка,99.5,2023,3786,Point(-68.85 -20.3)
http://www.wikidata.org/entity/Q20031360,Mounts Banahaw–San Cristobal Protected Landscape,Филиппины,Азия,113.11,1921,,Point(121.48583333 14.05361111)
http://www.wikidata.org/entity/Q20747351,Mount Arayat National Park,Филиппины,Азия,3836,1937,,Point(120.742 15.2)
http://www.wikidata.org/entity/Q20747351,Mount Arayat National Park,Филиппины,Азия,3836,1937,,Point(120.744 15.1981)
http://www.wikidata.org/entity/Q21074636,Asir National Park,Саудовская Аравия,Азия,4500,1981,,Point(42.352294 18.310203)
http://www.wikidata.org/entity/Q21484382,Djebel Aissa National Park,Алжир,Африка,24400,2003,,Point(-0.486 32.873)
http://www.wikidata.org/entity/Q21538562,Possession Island National Park,Австралия,Австралия и Океания,4.89649749755859,1977,9,Point(142.398055555 -10.725277777)
http://www.wikidata.org/entity/Q21538562,Possession Island National Park,Австралия,Австралия и Океания,4.89649749755859,1999,9,Point(142.398055555 -10.725277777)
http://www.wikidata.org/entity/Q21539804,Kay Rala Xanana Gusmão National Park,Восточный Тимор,Азия,12623,2015,,Point(125.59166667 -8.93333333)
http://www.wikidata.org/entity/Q21789803,Sena Oura National Park,Чад,Африка,735.2,2008,,Point(14.59388889 9.09583333)
http://www.wikidata.org/entity/Q21924174,Wellington National Park,Австралия,Австралия и Океания,17415,2000,261,Point(115.947761111 -33.435861111)
http://www.wikidata.org/entity/Q21924174,Wellington National Park,Австралия,Австралия и Океания,174.33412109375,2000,261,Point(115.947761111 -33.435861111)
http://www.wikidata.org/entity/Q21929351,Clements Gap Conservation Park,Австралия,Австралия и Океания,7.9,1963,42,Point(138.0761 -33.49232)
http://www.wikidata.org/entity/Q21930177,Hilliger National Park,Австралия,Австралия и Океания,169.86400390625,2004,103,Point(115.6519506 -34.2445647)
http://www.wikidata.org/entity/Q21930359,Kent Group National Park,Австралия,Австралия и Океания,138.941189769079,1971,57,Point(147.28 -39.47)
http://www.wikidata.org/entity/Q21930359,Kent Group National Park,Австралия,Австралия и Океания,151.253583015396,1971,57,Point(147.28 -39.47)
http://www.wikidata.org/entity/Q21930359,Kent Group National Park,Австралия,Австралия и Океания,22.6362906804262,1971,57,Point(147.28 -39.47)
http://www.wikidata.org/entity/Q21930646,Kinrara National Park,Австралия,Австралия и Океания,758,2003,671,Point(144.948611111 -18.449166666)
http://www.wikidata.org/entity/Q21930646,Kinrara National Park,Австралия,Австралия и Океания,76.085673828125,2003,671,Point(144.948611111 -18.449166666)
http://www.wikidata.org/entity/Q21930646,Kinrara National Park,Австралия,Австралия и Океания,758,2003,671,Point(144.964716 -18.4480698)
http://www.wikidata.org/entity/Q21930646,Kinrara National Park,Австралия,Австралия и Океания,76.085673828125,2003,671,Point(144.964716 -18.4480698)
http://www.wikidata.org/entity/Q21930913,Kalyarr National Park,Австралия,Австралия и Океания,407.7909375,2016,78,Point(144.3226 -34.3113)
http://www.wikidata.org/entity/Q21931317,Korung National Park,Австралия,Австралия и Океания,6344,1995,245,Point(116.0946144 -32.0507501)
http://www.wikidata.org/entity/Q21931317,Korung National Park,Австралия,Австралия и Океания,6344,2004,245,Point(116.0946144 -32.0507501)
http://www.wikidata.org/entity/Q21931317,Korung National Park,Австралия,Австралия и Океания,63.5384814453125,1995,245,Point(116.0946144 -32.0507501)
http://www.wikidata.org/entity/Q21931317,Korung National Park,Австралия,Австралия и Океания,63.5384814453125,2004,245,Point(116.0946144 -32.0507501)
http://www.wikidata.org/entity/Q21933821,Midgegooroo National Park,Австралия,Австралия и Океания,24.9310180664062,2004,208,Point(116.128611111 -32.143333333)
http://www.wikidata.org/entity/Q21937293,Wiltshire-Butler National Park,Австралия,Австралия и Океания,116.491806640625,2004,134,Point(115.4953 -34.030561111)
http://www.wikidata.org/entity/Q21968217,Iytwelepenty / Davenport Ranges National Park,Австралия,Австралия и Океания,1278.38436294556,2011,512,Point(134.9681 -20.858219444)
http://www.wikidata.org/entity/Q21968308,Capertee National Park,Австралия,Австралия и Океания,55.534404296875,2016,427,Point(150.0346 -33.0318)
http://www.wikidata.org/entity/Q21971995,Malabar Headland National Park,Австралия,Австралия и Океания,18,2012,49,Point(151.25075 -33.95554)
http://www.wikidata.org/entity/Q21971995,Malabar Headland National Park,Австралия,Австралия и Океания,18,2016,49,Point(151.25075 -33.95554)
http://www.wikidata.org/entity/Q21971995,Malabar Headland National Park,Австралия,Австралия и Океания,0.758430557250977,2012,49,Point(151.25075 -33.95554)
http://www.wikidata.org/entity/Q21971995,Malabar Headland National Park,Австралия,Австралия и Океания,0.758430557250977,2016,49,Point(151.25075 -33.95554)
http://www.wikidata.org/entity/Q22074161,Nascentes do Lago Jari National Park,Бразилия,Южная Америка,8127.42,2008,73,Point(-62.59421 -5.7699)
http://www.wikidata.org/entity/Q22306440,Serra do Gandarela National Park,Бразилия,Южная Америка,312.7083,2014,,Point(-43.663397 -20.07383)
http://www.wikidata.org/entity/Q22306440,Serra do Gandarela National Park,Бразилия,Южная Америка,312.7,2014,,Point(-43.663397 -20.07383)
http://www.wikidata.org/entity/Q22431677,Ogooué-Leketi National Park,Республика Конго,Африка,3.48694,2022,,Point(13.61667 2.0)
http://www.wikidata.org/entity/Q22669854,Национальный парк Бикин,Россия,Европа,1295.09,2015,,Point(136.58333333 46.63333333)
http://www.wikidata.org/entity/Q22669854,Национальный парк Бикин,Россия,Европа,11604.69,2015,,Point(136.58333333 46.63333333)
http://www.wikidata.org/entity/Q23338878,Oued Zen National Park,Тунис,Африка,67,2010,,Point(8.903611 36.878611)
http://www.wikidata.org/entity/Q23681074,Deng Deng National Park,Камерун,Африка,682.64,2010,739,Point(13.44177 5.35079)
http://www.wikidata.org/entity/Q23715572,Parque Nacional Natural Sierra de La Macarena,Колумбия,Южная Америка,6300,1989,820,Point(-73.838611111 2.633333333)
http://www.wikidata.org/entity/Q23988114,Кальдера-де-Табурьенте,Испания,Европа,4.69,1954,2426,Point(-17.884719444 28.753927777)
http://www.wikidata.org/entity/Q23988114,Кальдера-де-Табурьенте,Испания,Европа,43.9787981,1954,2426,Point(-17.884719444 28.753927777)
http://www.wikidata.org/entity/Q24036677,Khar Us Nuur National Park,Монголия,Азия,8529.95,1997,,Point(92.28333333 48.03333333)
http://www.wikidata.org/entity/Q24044791,Delft National Park,Шри-Ланка,Азия,18,2015,,Point(79.7 9.49722222)
http://www.wikidata.org/entity/Q24044820,Adam's Bridge Marine National Park,Шри-Ланка,Азия,190,2015,,Point(79.62833333 9.07083333)
http://www.wikidata.org/entity/Q24068744,Khuvsgul National Park,Монголия,Азия,11756.02,1992,1645,Point(100.5 51.1)
http://www.wikidata.org/entity/Q24235830,Замбези (национальный парк),Зимбабве,Африка,560.1,1979,1044,Point(25.63442 -17.92648)
http://www.wikidata.org/entity/Q24647783,Guaricana National Park,Бразилия,Южная Америка,492.86,2014,,Point(-48.875599 -25.701335)
http://www.wikidata.org/entity/Q24789632,Islote Lobos National Park,Аргентина,Южная Америка,190.79,2022,,Point(-65.058611111 -41.431944444)
http://www.wikidata.org/entity/Q24883510,Acari National Park,Бразилия,Южная Америка,8964.36,2016,,Point(-59.293 -6.305)
http://www.wikidata.org/entity/Q24915975,Mapinguari National Park,Бразилия,Южная Америка,17769.26,2008,,Point(-64.643 -8.752)
http://www.wikidata.org/entity/Q24915975,Mapinguari National Park,Бразилия,Южная Америка,17769.1418,2008,,Point(-64.643 -8.752)
http://www.wikidata.org/entity/Q24943916,Chundikkulam National Park,Шри-Ланка,Азия,196,2015,,Point(80.50694444 9.49861111)
http://www.wikidata.org/entity/Q24952282,Kaptai National Park,Бангладеш,Азия,54.64,1999,,Point(92.201111111 22.502222222)
http://www.wikidata.org/entity/Q24953272,Дадья-Лефкими-Суфлион,Греция,Европа,428,2006,,Point(26.216944444 41.13)
http://www.wikidata.org/entity/Q24953275,Rodopi Mountain Range National Park,Греция,Европа,549.29,2009,,Point(24.46 41.477)
http://www.wikidata.org/entity/Q25378334,Q25378334,Камерун,Африка,2334,2012,,Point(8.716667 4.616667)
http://www.wikidata.org/entity/Q25386203,Murujuga National Park,Австралия,Австралия и Океания,4851,2013,,Point(116.810972222 -20.575277777)
http://www.wikidata.org/entity/Q25386203,Murujuga National Park,Австралия,Австралия и Океания,49.1727201080322,2013,,Point(116.810972222 -20.575277777)
http://www.wikidata.org/entity/Q25386203,Murujuga National Park,Австралия,Австралия и Океания,4851,2013,,Point(116.83333333 -20.58333333)
http://www.wikidata.org/entity/Q25386203,Murujuga National Park,Австралия,Австралия и Океания,49.1727201080322,2013,,Point(116.83333333 -20.58333333)
http://www.wikidata.org/entity/Q26001162,Oiti National Park,Греция,Европа,36.85,1971,,Point(22.288611 38.828611)
http://www.wikidata.org/entity/Q26046204,Sounio National Park,Греция,Европа,34.8,1974,,Point(24.027545795 37.651022265)
http://www.wikidata.org/entity/Q26266820,Mpem and Djim National Park,Камерун,Африка,974.8,2004,,Point(11.732701 5.164088)
http://www.wikidata.org/entity/Q26710914,National Park of Lakes Koronia-Volvi and the Macedonian Tempe,Греция,Европа,159.28,2004,,Point(23.328888888 40.675833333)
http://www.wikidata.org/entity/Q26736078,Pantelleria National Park,Италия,Европа,66.4,2016,,Point(11.993888888 36.790833333)
http://www.wikidata.org/entity/Q26928875,National park Bjeshkët e Nemuna,Республика Косово,Европа,630.28,2012,,Point(20.16666667 42.66666667)
http://www.wikidata.org/entity/Q26928875,National park Bjeshkët e Nemuna,Республика Косово,Европа,624.88,2012,,Point(20.16666667 42.66666667)
http://www.wikidata.org/entity/Q27027158,National Park Åsnen,Швеция,Европа,4.27099,2018,,Point(14.661289399 56.610352381)
http://www.wikidata.org/entity/Q27027158,National Park Åsnen,Швеция,Европа,13.86195,2018,,Point(14.661289399 56.610352381)
http://www.wikidata.org/entity/Q27027158,National Park Åsnen,Швеция,Европа,4.8302,2018,,Point(14.661289399 56.610352381)
http://www.wikidata.org/entity/Q27027158,National Park Åsnen,Швеция,Европа,18.6925,2018,,Point(14.661289399 56.610352381)
http://www.wikidata.org/entity/Q27576370,Nosy Hara National Park,Мадагаскар,Африка,1254.71,2005,,Point(49.01357 -12.23769)
http://www.wikidata.org/entity/Q28033153,Jomfruland national park,Норвегия,Европа,117,2016,,Point(9.596111111 58.865)
http://www.wikidata.org/entity/Q28033153,Jomfruland national park,Норвегия,Европа,116.9373612,2016,,Point(9.596111111 58.865)
http://www.wikidata.org/entity/Q28082020,Raet National Park,Норвегия,Европа,609.1592082,2016,,Point(8.800049 58.432231)
http://www.wikidata.org/entity/Q28082020,Raet National Park,Норвегия,Европа,607,2016,,Point(8.800049 58.432231)
http://www.wikidata.org/entity/Q28223432,Lomami National Park,Демократическая Республика Конго,Африка,8.879,2016,,Point(25.033333333 -2.0)
http://www.wikidata.org/entity/Q28225725,Billy Barquedier National Park,Белиз,Северная Америка,6.63,2001,,Point(-88.44016 17.0215)
http://www.wikidata.org/entity/Q29915032,Manglot National Park,Пакистан,Азия,7.10628,1990,,Point(73.38333333 36.16666667)
http://www.wikidata.org/entity/Q32225934,Blå Jungfrun national park,Швеция,Европа,1.23572,1926,,Point(16.793488545 57.252018693)
http://www.wikidata.org/entity/Q32225934,Blå Jungfrun national park,Швеция,Европа,0.6598,1926,,Point(16.793488545 57.252018693)
http://www.wikidata.org/entity/Q32225934,Blå Jungfrun national park,Швеция,Европа,0.2161,1926,,Point(16.793488545 57.252018693)
http://www.wikidata.org/entity/Q32225934,Blå Jungfrun national park,Швеция,Европа,1.8956,1926,,Point(16.793488545 57.252018693)
http://www.wikidata.org/entity/Q36851999,Wandoo National Park,Австралия,Австралия и Океания,44481,1995,,Point(116.51666667 -32.06666667)
http://www.wikidata.org/entity/Q36851999,Wandoo National Park,Австралия,Австралия и Океания,44481,2004,,Point(116.51666667 -32.06666667)
http://www.wikidata.org/entity/Q36851999,Wandoo National Park,Австралия,Австралия и Океания,463.67921875,1995,,Point(116.51666667 -32.06666667)
http://www.wikidata.org/entity/Q36851999,Wandoo National Park,Австралия,Австралия и Океания,463.67921875,2004,,Point(116.51666667 -32.06666667)
http://www.wikidata.org/entity/Q38223622,Dalgarup National Park,Австралия,Австралия и Океания,23.74,2004,,Point(115.9860788 -33.9845943)
http://www.wikidata.org/entity/Q38223622,Dalgarup National Park,Австралия,Австралия и Океания,23.7867260742187,2004,,Point(115.9860788 -33.9845943)
http://www.wikidata.org/entity/Q39080053,Blackwood River National Park,Австралия,Австралия и Океания,20477,2004,,Point(115.4329705 -34.0670547)
http://www.wikidata.org/entity/Q39080053,Blackwood River National Park,Австралия,Австралия и Океания,204.86453125,2004,,Point(115.4329705 -34.0670547)
http://www.wikidata.org/entity/Q39080054,Boorara-Gardner National Park,Австралия,Австралия и Океания,110.1671484375,2004,,Point(116.1866723 -34.7114879)
http://www.wikidata.org/entity/Q39080069,Yelverton National Park,Австралия,Австралия и Океания,7.28028564453125,2004,,Point(115.08 -33.74)
http://www.wikidata.org/entity/Q39080069,Yelverton National Park,Австралия,Австралия и Океания,729,2004,,Point(115.08 -33.74)
http://www.wikidata.org/entity/Q39080076,Helena National Park,Австралия,Австралия и Океания,122.686669921875,1995,,Point(116.3146757 -32.0777475)
http://www.wikidata.org/entity/Q39080076,Helena National Park,Австралия,Австралия и Океания,122.686669921875,2004,,Point(116.3146757 -32.0777475)
http://www.wikidata.org/entity/Q39080079,Lawley River National Park,Австралия,Австралия и Океания,173.19068359375,2000,,Point(125.9135905 -14.6779365)
http://www.wikidata.org/entity/Q39080092,Lake Muir National Park,Австралия,Австралия и Океания,96.362333984375,2004,,Point(116.67 -34.55)
http://www.wikidata.org/entity/Q39080092,Lake Muir National Park,Австралия,Австралия и Океания,96.362333984375,2004,,Point(116.67 -34.55)
http://www.wikidata.org/entity/Q39080092,Lake Muir National Park,Австралия,Австралия и Океания,9625,2004,,Point(116.67 -34.55)
http://www.wikidata.org/entity/Q39080092,Lake Muir National Park,Австралия,Австралия и Океания,9625,2004,,Point(116.67 -34.55)
http://www.wikidata.org/entity/Q39080097,Milyeannup National Park,Австралия,Австралия и Океания,186.9790625,2004,,Point(115.64 -34.14)
http://www.wikidata.org/entity/Q39080105,Whicher National Park,Австралия,Австралия и Океания,63.5398876953125,2004,,Point(115.48 -33.94)
http://www.wikidata.org/entity/Q39080105,Whicher National Park,Австралия,Австралия и Океания,6343,2004,,Point(115.48 -33.94)
http://www.wikidata.org/entity/Q39080106,Forest Grove National Park,Австралия,Австралия и Океания,13.7864465332031,2004,,Point(115.1326301 -34.1047119)
http://www.wikidata.org/entity/Q39080107,Easter National Park,Австралия,Австралия и Океания,29.7687060546875,2004,,Point(115.7951481 -34.2022268)
http://www.wikidata.org/entity/Q39080109,Jane National Park,Австралия,Австралия и Океания,68.676689453125,2004,,Point(116.2454083 -34.6053182)
http://www.wikidata.org/entity/Q39080114,Greater Dordagup National Park,Австралия,Австралия и Океания,64.101982421875,2004,,Point(116.2883306 -34.501608)
http://www.wikidata.org/entity/Q39080119,Greater Hawke National Park,Австралия,Австралия и Океания,140.088544921875,2004,,Point(115.9401624 -34.5231775)
http://www.wikidata.org/entity/Q39080120,Greater Kingston National Park,Австралия,Австралия и Океания,21092,2004,,Point(116.4378478 -34.1064072)
http://www.wikidata.org/entity/Q39080120,Greater Kingston National Park,Австралия,Австралия и Океания,211.1355078125,2004,,Point(116.4378478 -34.1064072)
http://www.wikidata.org/entity/Q39080125,Arakoon National Park,Австралия,Австралия и Океания,1.46270767211914,2010,,Point(153.07 -30.88)
http://www.wikidata.org/entity/Q39080125,Arakoon National Park,Австралия,Австралия и Океания,1.46270767211914,2013,,Point(153.07 -30.88)
http://www.wikidata.org/entity/Q39080125,Arakoon National Park,Австралия,Австралия и Океания,115,2010,,Point(153.07 -30.88)
http://www.wikidata.org/entity/Q39080125,Arakoon National Park,Австралия,Австралия и Океания,115,2013,,Point(153.07 -30.88)
http://www.wikidata.org/entity/Q39080133,Bendick Murrell National Park,Австралия,Австралия и Океания,18.6073889160156,2011,,Point(148.45 -34.06)
http://www.wikidata.org/entity/Q39080133,Bendick Murrell National Park,Австралия,Австралия и Океания,1784,2011,,Point(148.45 -34.06)
http://www.wikidata.org/entity/Q47069184,Гебель-Эльба,Египет,Африка,35600,1986,,Point(35.34 22.9)
http://www.wikidata.org/entity/Q48872015,Q48872015,Бразилия,Южная Америка,790.85,2017,,
http://www.wikidata.org/entity/Q48904935,Qianjiangyuan National Park,Китай,Азия,252,2016,,
http://www.wikidata.org/entity/Q54976435,Sage Mountain National Park,Великобритания,Европа,0.3480296523264,1964,,Point(-64.65 18.4)
http://www.wikidata.org/entity/Q55647566,заповедник Нахаль-Хермон,Израиль,Азия,1.3,1977,,Point(35.688888888 33.245555555)
http://www.wikidata.org/entity/Q55659551,Национальный парк Тарбагатай,Казахстан,Азия,1435.505,2018,,Point(81.833 47.283)
http://www.wikidata.org/entity/Q55659551,Национальный парк Тарбагатай,Казахстан,Европа,1435.505,2018,,Point(81.833 47.283)
http://www.wikidata.org/entity/Q56347577,Boé National Park,Гвинея-Бисау,Африка,1315.05,1980,,
http://www.wikidata.org/entity/Q56489196,Mount Cameroon National Park,Камерун,Африка,581.23,2009,,Point(9.1725 4.216666666)
http://www.wikidata.org/entity/Q56980144,Lofotodden National Park,Норвегия,Европа,99,2018,,Point(13.023133333 68.016974444)
http://www.wikidata.org/entity/Q56980144,Lofotodden National Park,Норвегия,Европа,99.1214765,2018,,Point(13.023133333 68.016974444)
http://www.wikidata.org/entity/Q58232743,Ciervo de los Pantanos National Park,Аргентина,Южная Америка,55.88,2018,,Point(-58.8678 -34.2525)
http://www.wikidata.org/entity/Q59607912,Iberá National Park,Аргентина,Южная Америка,1835,2018,,Point(-58.6215364 -28.2605465)
http://www.wikidata.org/entity/Q59607912,Iberá National Park,Аргентина,Южная Америка,1835,2018,,Point(-57.2882 -28.1174)
http://www.wikidata.org/entity/Q60786059,Pshav-Khevsureti National Park,Грузия,Европа,1400.44,2014,,Point(45.16 42.66)
http://www.wikidata.org/entity/Q61000429,Q61000429,Бразилия,Южная Америка,3469.09,2018,,
http://www.wikidata.org/entity/Q61002042,Dulombi National Park,Гвинея-Бисау,Африка,1770,1991,,
http://www.wikidata.org/entity/Q62391857,Q62391857,Гвинея,Африка,6426,2017,,Point(-11.4 11.7)
http://www.wikidata.org/entity/Q62414611,Point Nepean National Park,Австралия,Австралия и Океания,4.7,1988,,Point(144.652 -38.302)
http://www.wikidata.org/entity/Q62414611,Point Nepean National Park,Австралия,Австралия и Океания,4.7,2005,,Point(144.652 -38.302)
http://www.wikidata.org/entity/Q62414611,Point Nepean National Park,Австралия,Австралия и Океания,5.78,1988,,Point(144.652 -38.302)
http://www.wikidata.org/entity/Q62414611,Point Nepean National Park,Австралия,Австралия и Океания,5.78,2005,,Point(144.652 -38.302)
http://www.wikidata.org/entity/Q62414611,Point Nepean National Park,Австралия,Австралия и Океания,5.42351196289063,1988,,Point(144.652 -38.302)
http://www.wikidata.org/entity/Q62414611,Point Nepean National Park,Австралия,Австралия и Океания,5.42351196289063,2005,,Point(144.652 -38.302)
http://www.wikidata.org/entity/Q62414611,Point Nepean National Park,Австралия,Австралия и Океания,2.65,1988,,Point(144.652 -38.302)
http://www.wikidata.org/entity/Q62414611,Point Nepean National Park,Австралия,Австралия и Океания,2.65,2005,,Point(144.652 -38.302)
http://www.wikidata.org/entity/Q63284212,Бойковщина,Украина,Европа,122.4,2019,,Point(22.954722 49.077222)
http://www.wikidata.org/entity/Q63431762,Каменская Сечь,Украина,Европа,121.6114,2019,,Point(33.653194 47.000389)
http://www.wikidata.org/entity/Q64148346,Previously called Mafou Classified Forest National Park,Гвинея,Африка,524,1,,
http://www.wikidata.org/entity/Q64188731,W National Park of Benin,Бенин,Африка,5632.8,1954,,Point(2.654444 11.884167)
http://www.wikidata.org/entity/Q64516800,Gumot National Park,Пакистан,Азия,528.15,2004,,Point(74.200277777 35.006944444)
http://www.wikidata.org/entity/Q64516800,Gumot National Park,Пакистан,Азия,272.71,2004,,Point(74.200277777 35.006944444)
http://www.wikidata.org/entity/Q64516800,Gumot National Park,Пакистан,Азия,528.15,2004,,Point(74.200287 35.006943)
http://www.wikidata.org/entity/Q64516800,Gumot National Park,Пакистан,Азия,272.71,2004,,Point(74.200287 35.006943)
http://www.wikidata.org/entity/Q64854833,Kala Chitta National Park,Пакистан,Азия,369.65,2009,,Point(72.2948942 33.6641149)
http://www.wikidata.org/entity/Q64855101,Shandur National Park,Пакистан,Азия,33.12,2012,,Point(72.553611111 36.093333333)
http://www.wikidata.org/entity/Q64855114,Deva Vatala National Park,Пакистан,Азия,528.15,2009,,Point(74.303172 32.892583)
http://www.wikidata.org/entity/Q64855154,Musk Deer National Park,Пакистан,Азия,528.15,2009,,Point(74.786682 34.731456)
http://www.wikidata.org/entity/Q64856562,Murree Kotli Sattian Kahuta National Park,Пакистан,Азия,575.81,2009,,Point(73.5207613 33.7082814)
http://www.wikidata.org/entity/Q64856723,Pir Lasura National Park,Пакистан,Азия,56.25,2005,,Point(73.846664 33.639204)
http://www.wikidata.org/entity/Q64857747,Mahseer National Park,Пакистан,Азия,45,2010,,Point(73.91599 33.555272)
http://www.wikidata.org/entity/Q64858252,Qurumber National Park,Пакистан,Азия,740,2011,,Point(73.781038 36.863141)
http://www.wikidata.org/entity/Q64858560,Panjal Mastan National Park,Пакистан,Азия,50.45,2005,,Point(73.7381 34.0574)
http://www.wikidata.org/entity/Q64858724,Tolipir National Park,Пакистан,Азия,50.45,2005,,Point(73.633118 34.1209)
http://www.wikidata.org/entity/Q65071172,Gunung Gading National Park,Малайзия,Азия,43.6,1983,,Point(109.84583 1.690549)
http://www.wikidata.org/entity/Q65203551,National park Drina,Босния и Герцеговина,Европа,63.15,2017,,Point(19.35 44.000277777)
http://www.wikidata.org/entity/Q66155370,W National Park of Niger,Нигер,Африка,2200,1937,,Point(3.03423 12.04074)
http://www.wikidata.org/entity/Q66155370,W National Park of Niger,Нигер,Африка,2200,1937,,Point(2.35 12.35)
http://www.wikidata.org/entity/Q75828301,Q75828301,Гаити,Северная Америка,187.8,2014,,Point(-71.976353 18.33498)
http://www.wikidata.org/entity/Q83939482,Guaramacal National Park,Венесуэла,Южная Америка,210,1988,,Point(-70.193611111 9.206111111)
http://www.wikidata.org/entity/Q83939793,Yapacana National Park,Венесуэла,Южная Америка,2768.4,1978,,Point(-66.7890645 3.6838873)
http://www.wikidata.org/entity/Q83940016,Peninsula de Paria National Park,Венесуэла,Южная Америка,449.8,1978,,Point(-62.2971583 10.6657111)
http://www.wikidata.org/entity/Q84039340,Q84039340,Белиз,Северная Америка,5.34,2002,,Point(-88.2403 16.94327)
http://www.wikidata.org/entity/Q84039378,Peccary Hills National Park,Белиз,Северная Америка,42.6,2007,,Point(-88.383333333 17.35)
http://www.wikidata.org/entity/Q85776674,Limeburners Creek National Park,Австралия,Австралия и Океания,101.587568359375,2010,,Point(152.91557 -31.32327)
http://www.wikidata.org/entity/Q85776674,Limeburners Creek National Park,Австралия,Австралия и Океания,101.587568359375,2018,,Point(152.91557 -31.32327)
http://www.wikidata.org/entity/Q85776674,Limeburners Creek National Park,Австралия,Австралия и Океания,91.23,2010,,Point(152.91557 -31.32327)
http://www.wikidata.org/entity/Q85776674,Limeburners Creek National Park,Австралия,Австралия и Океания,91.23,2018,,Point(152.91557 -31.32327)
http://www.wikidata.org/entity/Q89626391,Tarvagatai Nuruu National Park,Монголия,Азия,52540,2000,,Point(97.5 48.0)
http://www.wikidata.org/entity/Q91282280,Khangai Nuruu National Park,Монголия,Азия,8885,1996,,Point(101.4 47.2)
http://www.wikidata.org/entity/Q91289948,Khan-Khokhi Khyargas Mountain National Park,Монголия,Азия,3413,2000,,Point(94.79 49.42)
http://www.wikidata.org/entity/Q92251438,Har Us Nuur National Park,Монголия,Азия,8503,1997,,Point(92.74 48.3)
http://www.wikidata.org/entity/Q95000721,Ikh Bogd Uul National Park,Монголия,Азия,2629,2008,,Point(100.3 45.0)
http://www.wikidata.org/entity/Q95001944,Bulgan Gol-Ikh Ongog National Park,Монголия,Азия,2461,2011,,Point(91.16 46.1)
http://www.wikidata.org/entity/Q95927289,Ulaagchinii Khar Nuur National Park,Монголия,Азия,2594,2010,,Point(95.62 48.37)
http://www.wikidata.org/entity/Q95936402,Munkhkhairkhan National Park,Монголия,Азия,5061,2011,,Point(92.5 47.0)
http://www.wikidata.org/entity/Q98620344,Rio Negro Sopladora National Park,Эквадор,Южная Америка,658.59,2018,,Point(-78.54405 -2.733852777)
http://www.wikidata.org/entity/Q100286161,"Parque Nacional Congolón, Coyocutena y Piedra Parada",Гондурас,Северная Америка,110.195,2010,,
http://www.wikidata.org/entity/Q100286161,"Parque Nacional Congolón, Coyocutena y Piedra Parada",Гондурас,Северная Америка,110.46,2010,,
http://www.wikidata.org/entity/Q101410757,Arasbaran national park,Иран,Азия,89.23,2012,,Point(46.7005873 38.853344)
http://www.wikidata.org/entity/Q104873228,Nyerere National Park,Танзания,Африка,31044,2019,,Point(37.4 -9.0)
http://www.wikidata.org/entity/Q106957669,Everlasting Swamp National Park,Австралия,Австралия и Океания,17.6846398925781,2015,,Point(153.0485 -29.5259)
http://www.wikidata.org/entity/Q106957670,Khappinghat National Park,Австралия,Австралия и Океания,20.0668859863281,2016,,Point(152.4825 -31.9641)
http://www.wikidata.org/entity/Q106959731,Cudmore National Park,Австралия,Австралия и Океания,212.17634765625,2011,,Point(146.2939 -22.9409)
http://www.wikidata.org/entity/Q106959786,Littleton National Park,Австралия,Австралия и Океания,784.21421875,2015,,Point(142.6611 -18.3448)
http://www.wikidata.org/entity/Q351,Йеллоустонский национальный парк,США,Северная Америка,8983.1754647357184,1872,2470,Point(-110.5 44.6)
http://www.wikidata.org/entity/Q351,Йеллоустонский национальный парк,США,Северная Америка,8983.1743,1872,2470,Point(-110.5 44.6)
http://www.wikidata.org/entity/Q351,Йеллоустонский национальный парк,США,Северная Америка,8983.17,1872,2470,Point(-110.5 44.6)
http://www.wikidata.org/entity/Q351,Йеллоустонский национальный парк,США,Северная Америка,8983.49,1872,2470,Point(-110.5 44.6)
http://www.wikidata.org/entity/Q3627,Чиллаго-Мунгана Кейвс,Австралия,Австралия и Океания,3.575,1995,424,Point(144.393055555 -17.091666666)
http://www.wikidata.org/entity/Q3627,Чиллаго-Мунгана Кейвс,Австралия,Австралия и Океания,3.575,2008,424,Point(144.393055555 -17.091666666)
http://www.wikidata.org/entity/Q3627,Чиллаго-Мунгана Кейвс,Австралия,Австралия и Океания,34.8290991210937,1995,424,Point(144.393055555 -17.091666666)
http://www.wikidata.org/entity/Q3627,Чиллаго-Мунгана Кейвс,Австралия,Австралия и Океания,34.8290991210937,2008,424,Point(144.393055555 -17.091666666)
http://www.wikidata.org/entity/Q4111,Цзючжайгоу,Китай,Азия,720,1978,,Point(103.9 33.2)
http://www.wikidata.org/entity/Q23960,Grey Peaks National Park,Австралия,Австралия и Океания,1083,1971,160,Point(145.847777777 -17.042222222)
http://www.wikidata.org/entity/Q23960,Grey Peaks National Park,Австралия,Австралия и Океания,1083,2015,160,Point(145.847777777 -17.042222222)
http://www.wikidata.org/entity/Q23960,Grey Peaks National Park,Австралия,Австралия и Океания,33.4796508789062,1971,160,Point(145.847777777 -17.042222222)
http://www.wikidata.org/entity/Q23960,Grey Peaks National Park,Австралия,Австралия и Океания,33.4796508789062,2015,160,Point(145.847777777 -17.042222222)
http://www.wikidata.org/entity/Q24281,Halifax Bay Wetlands National Park,Австралия,Австралия и Океания,18.0720080566406,1994,4,Point(146.268888888 -18.8675)
http://www.wikidata.org/entity/Q24281,Halifax Bay Wetlands National Park,Австралия,Австралия и Океания,18.0720080566406,2010,4,Point(146.268888888 -18.8675)
http://www.wikidata.org/entity/Q24281,Halifax Bay Wetlands National Park,Австралия,Австралия и Океания,1798,1994,4,Point(146.268888888 -18.8675)
http://www.wikidata.org/entity/Q24281,Halifax Bay Wetlands National Park,Австралия,Австралия и Океания,1798,2010,4,Point(146.268888888 -18.8675)
http://www.wikidata.org/entity/Q29723,Hasties Swamp National Park,Австралия,Австралия и Океания,566,1980,766,Point(145.474166666 -17.300277777)
http://www.wikidata.org/entity/Q29723,Hasties Swamp National Park,Австралия,Австралия и Океания,566,1994,766,Point(145.474166666 -17.300277777)
http://www.wikidata.org/entity/Q29723,Hasties Swamp National Park,Австралия,Австралия и Океания,0.553630180358887,1980,766,Point(145.474166666 -17.300277777)
http://www.wikidata.org/entity/Q29723,Hasties Swamp National Park,Австралия,Австралия и Океания,0.553630180358887,1994,766,Point(145.474166666 -17.300277777)
http://www.wikidata.org/entity/Q40544,Национальный парк Ала-Арча,Кыргызстан,Азия,194,1976,,Point(74.484558 42.547516)
http://www.wikidata.org/entity/Q41858,Банф,Канада,Северная Америка,6641,1885,,Point(-115.55 51.166666666)
http://www.wikidata.org/entity/Q42090,Los Haitises National Park,Доминиканская Республика,Северная Америка,631.68,1976,228,Point(-69.62997 19.02577)
http://www.wikidata.org/entity/Q42090,Los Haitises National Park,Доминиканская Республика,Северная Америка,631.68,1976,228,Point(-69.59289722 19.04394444)
http://www.wikidata.org/entity/Q45933,Hann Tableland National Park,Австралия,Австралия и Океания,107.978583984375,1989,871,Point(145.151 -16.7983)
http://www.wikidata.org/entity/Q45933,Hann Tableland National Park,Австралия,Австралия и Океания,107.978583984375,2004,871,Point(145.151 -16.7983)
http://www.wikidata.org/entity/Q45933,Hann Tableland National Park,Австралия,Австралия и Океания,1082,1989,871,Point(145.151 -16.7983)
http://www.wikidata.org/entity/Q45933,Hann Tableland National Park,Австралия,Австралия и Океания,1082,2004,871,Point(145.151 -16.7983)
http://www.wikidata.org/entity/Q48153,Национальный парк имени Александра Гумбольдта,Куба,Северная Америка,7068,2001,,Point(-74.857897 20.496745)
http://www.wikidata.org/entity/Q48153,Национальный парк имени Александра Гумбольдта,Куба,Северная Америка,711.4,2001,,Point(-74.857897 20.496745)
http://www.wikidata.org/entity/Q48567,Пики Европы (национальный парк),Испания,Европа,661.0490139,1918,,Point(-4.84 43.21)
http://www.wikidata.org/entity/Q48567,Пики Европы (национальный парк),Испания,Европа,671.27,1918,,Point(-4.84 43.21)
http://www.wikidata.org/entity/Q48608,Дарьен,Панама,Северная Америка,5970,1980,,Point(-77.54722222 7.73611111)
http://www.wikidata.org/entity/Q48608,Дарьен,Панама,Северная Америка,5790,1980,,Point(-77.54722222 7.73611111)
http://www.wikidata.org/entity/Q48642,Fort Lytton National Park,Австралия,Австралия и Океания,126,1990,4,Point(153.15 -27.412222222)
http://www.wikidata.org/entity/Q48642,Fort Lytton National Park,Австралия,Австралия и Океания,126,1996,4,Point(153.15 -27.412222222)
http://www.wikidata.org/entity/Q48642,Fort Lytton National Park,Австралия,Австралия и Океания,0.128492441177368,1990,4,Point(153.15 -27.412222222)
http://www.wikidata.org/entity/Q48642,Fort Lytton National Park,Австралия,Австралия и Океания,0.128492441177368,1996,4,Point(153.15 -27.412222222)
http://www.wikidata.org/entity/Q60167,Лувин-Натуралисте,Австралия,Австралия и Океания,214.877578125,1957,166,Point(115.047 -34.2386)
http://www.wikidata.org/entity/Q60167,Лувин-Натуралисте,Австралия,Австралия и Океания,214.877578125,1979,166,Point(115.047 -34.2386)
http://www.wikidata.org/entity/Q60167,Лувин-Натуралисте,Австралия,Австралия и Океания,214.877578125,1991,166,Point(115.047 -34.2386)
http://www.wikidata.org/entity/Q60167,Лувин-Натуралисте,Австралия,Австралия и Океания,214.877578125,2000,166,Point(115.047 -34.2386)
http://www.wikidata.org/entity/Q60167,Лувин-Натуралисте,Австралия,Австралия и Океания,1.07619567871094,1957,166,Point(115.047 -34.2386)
http://www.wikidata.org/entity/Q60167,Лувин-Натуралисте,Австралия,Австралия и Океания,1.07619567871094,1979,166,Point(115.047 -34.2386)
http://www.wikidata.org/entity/Q60167,Лувин-Натуралисте,Австралия,Австралия и Океания,1.07619567871094,1991,166,Point(115.047 -34.2386)
http://www.wikidata.org/entity/Q60167,Лувин-Натуралисте,Австралия,Австралия и Океания,1.07619567871094,2000,166,Point(115.047 -34.2386)
http://www.wikidata.org/entity/Q60167,Лувин-Натуралисте,Австралия,Австралия и Океания,156,1957,166,Point(115.047 -34.2386)
http://www.wikidata.org/entity/Q60167,Лувин-Натуралисте,Австралия,Австралия и Океания,156,1979,166,Point(115.047 -34.2386)
http://www.wikidata.org/entity/Q60167,Лувин-Натуралисте,Австралия,Австралия и Океания,156,1991,166,Point(115.047 -34.2386)
http://www.wikidata.org/entity/Q60167,Лувин-Натуралисте,Австралия,Австралия и Океания,156,2000,166,Point(115.047 -34.2386)
http://www.wikidata.org/entity/Q60167,Лувин-Натуралисте,Австралия,Австралия и Океания,0.00565802901983261,1957,166,Point(115.047 -34.2386)
http://www.wikidata.org/entity/Q60167,Лувин-Натуралисте,Австралия,Австралия и Океания,0.00565802901983261,1979,166,Point(115.047 -34.2386)
http://www.wikidata.org/entity/Q60167,Лувин-Натуралисте,Австралия,Австралия и Океания,0.00565802901983261,1991,166,Point(115.047 -34.2386)
http://www.wikidata.org/entity/Q60167,Лувин-Натуралисте,Австралия,Австралия и Океания,0.00565802901983261,2000,166,Point(115.047 -34.2386)
http://www.wikidata.org/entity/Q61529,Симлипал,Индия,Азия,2750,1980,,Point(86.33 21.75)
http://www.wikidata.org/entity/Q61535,Гунунг Мулу,Малайзия,Азия,52864,1974,,Point(114.8125 4.0425)
http://www.wikidata.org/entity/Q107389640,Национальный парк «Зигальга»,Россия,Европа,456.62,2019,,Point(58.5233 54.5919)
http://www.wikidata.org/entity/Q108195527,Lake Lanoto'o National Park,Самоа,Австралия и Океания,85,2003,,Point(-171.833333333 -13.9)
http://www.wikidata.org/entity/Q108330292,Самурский (национальный парк),Россия,Европа,482.73,2019,,Point(48.5 41.85)
http://www.wikidata.org/entity/Q108907996,Omo forest reserve,Нигерия,Африка,1368.06,1949,,Point(4.349014343 6.987871091)
http://www.wikidata.org/entity/Q108907996,Omo forest reserve,Нигерия,Африка,1320,1949,,Point(4.349014343 6.987871091)
http://www.wikidata.org/entity/Q109450874,Шар-Планина,Северная Македония,Европа,627.05,2021,,Point(20.75 42.0)
http://www.wikidata.org/entity/Q109662193,Pilliga National Park,Австралия,Австралия и Океания,105.32,2005,,Point(149.0254 -30.5466)
http://www.wikidata.org/entity/Q109819288,Национальный парк «Дурмень»,Узбекистан,Азия,0.324,2014,,Point(69.402040117 41.360879595)
http://www.wikidata.org/entity/Q110541232,Q110541232,Кения,Африка,22812,1948,,Point(38.45764 -2.89915)
http://www.wikidata.org/entity/Q111238811,Van Mijenfjorden National Park,Норвегия,Европа,4251,2021,,Point(15.31666667 77.86666667)
http://www.wikidata.org/entity/Q111459004,Koroyanitu National Park,Фиджи,Океания,35,1989,,Point(177.598328884 -17.677971723)
http://www.wikidata.org/entity/Q112032100,Samaria National Park,Греция,Европа,48.5,1962,,Point(23.961388888 35.271111111)
http://www.wikidata.org/entity/Q112114452,Улытауский национальный парк,Казахстан,Азия,589,2022,,Point(66.9026 48.6356)
http://www.wikidata.org/entity/Q112114452,Улытауский национальный парк,Казахстан,Европа,589,2022,,Point(66.9026 48.6356)
http://www.wikidata.org/entity/Q114299816,Sierra de la Macarena National Nature Park,Колумбия,Южная Америка,6194.3867,1971,,Point(-73.5011 2.7705)
http://www.wikidata.org/entity/Q114892327,Королевские Бескиды,Украина,Европа,89.97,2020,,Point(22.88833333 49.40277778)
http://www.wikidata.org/entity/Q115273895,Mavinga National Park,Ангола,Африка,5950,2011,,Point(20.25 -16.17)
http://www.wikidata.org/entity/Q115275295,Maiombe National Park,Ангола,Африка,1930,2011,,Point(12.75 -4.633333333)
http://www.wikidata.org/entity/Q117389705,Vjosa Wild River National Park,Албания,Европа,127.27,2023,,Point(20.4325 40.124166666)
http://www.wikidata.org/entity/Q117835609,Tà Đùng National Park,Вьетнам,Азия,209.377,2018,,Point(107.916666666 11.89)
http://www.wikidata.org/entity/Q120177059,Parque Nacional da Serra do Teixeira,Бразилия,Южная Америка,610.95,2023,,Point(-37.379255 -7.249134)
http://www.wikidata.org/entity/Q120798442,West Cooroy National Park,Австралия,Австралия и Океания,11.5,2023,,Point(152.8393 -26.4815)
http://www.wikidata.org/entity/Q121878930,Mungada Ridge National Park,Австралия,Австралия и Океания,10.31,2022,,Point(116.9098 -29.1434)
http://www.wikidata.org/entity/Q121878997,Warlibirri National Park,Австралия,Австралия и Океания,158.95,2021,,Point(126.3598 -18.2572)
http://www.wikidata.org/entity/Q121879040,Lakeside National Park,Австралия,Австралия и Океания,84.9,2021,,Point(117.5152 -27.6467)
http://www.wikidata.org/entity/Q121879227,Niiwalarra Islands National Park,Австралия,Австралия и Океания,33.52,2019,,Point(126.5461 -13.89)
http://www.wikidata.org/entity/Q121879268,Houtman Abrolhos Islands National Park,Австралия,Австралия и Океания,15.64,2019,,Point(113.6975 -28.4635)
http://www.wikidata.org/entity/Q122202276,Matuwa Kurrara Kurrara National Park,Австралия,Австралия и Океания,6093,2023,,Point(121.680555555 -25.844444444)
http://www.wikidata.org/entity/Q122228450,Cape Range (South) National Park,Австралия,Австралия и Океания,270.72,2020,,Point(113.7251 -22.5886)
http://www.wikidata.org/entity/Q122228529,Bunuba National Park,Австралия,Австралия и Океания,2200,2023,,Point(125.8718 -17.9347)
http://www.wikidata.org/entity/Q122228542,Pimbee National Park,Австралия,Австралия и Океания,987.36,2023,,Point(114.8718 -25.5232)
http://www.wikidata.org/entity/Q122241436,Unnamed WA17519 National Park,Австралия,Австралия и Океания,1.2,1920,,Point(115.9314 -34.4728)
http://www.wikidata.org/entity/Q122241457,Unnamed WA46400 National Park,Австралия,Австралия и Океания,15.71,2000,,Point(115.1788 -34.1005)
http://www.wikidata.org/entity/Q122241472,Unnamed WA47688 National Park,Австралия,Австралия и Океания,0.79,2004,,Point(116.2704 -33.2006)
http://www.wikidata.org/entity/Q122241487,Unnamed WA53843 National Park,Австралия,Австралия и Океания,5.49,2021,,Point(115.6528 -34.3998)
http://www.wikidata.org/entity/Q123510408,Albanian Alps National Park,Албания,Европа,828.44,2022,,Point(19.6381898 42.4554857)
http://www.wikidata.org/entity/Q123614565,Q123614565,Австрия,Европа,506.0269572,1984,,Point(12.738 47.1465)
http://www.wikidata.org/entity/Q123614608,Q123614608,Австрия,Европа,267.6239481,1984,,Point(12.9113 47.1807)
http://www.wikidata.org/entity/Q123681443,Boyne Valley National Park,Ирландия,Европа,2.2,2023,,Point(-6.435986111 53.706619444)
http://www.wikidata.org/entity/Q125465752,Национальный парк «Южный Устюрт»,Узбекистан,Азия,14471.43,2020,,Point(56.563 41.912)
http://www.wikidata.org/entity/Q125477120,Национальный природный парк «Центральный Кызылкум»,Узбекистан,Азия,12000,2022,,Point(62.7429 42.3677)
http://www.wikidata.org/entity/Q125491438,Национальный природный парк «Аралкум»,Узбекистан,Азия,10000,2022,,Point(59.147387 44.964211)
http://www.wikidata.org/entity/Q125491667,Национальный природный парк «Пап»,Узбекистан,Азия,100,2022,,Point(70.782337 41.127599)
http://www.wikidata.org/entity/Q246121,Kéran National Park,Того,Африка,1436,,,Point(0.6279782 10.2001046)
http://www.wikidata.org/entity/Q263406,Упемба (национальный парк),Демократическая Республика Конго,Африка,11730,,,Point(26.58333333 -9.01666667)
http://www.wikidata.org/entity/Q503525,Луамбе (национальный парк),Замбия,Африка,361,,583,Point(32.33333333 -12.5)
http://www.wikidata.org/entity/Q534596,Тель Беэр-Шева,Израиль,Азия,1.0853,,,Point(34.84013 31.24482)
http://www.wikidata.org/entity/Q534596,Тель Беэр-Шева,Израиль,Азия,0.0309,,,Point(34.84013 31.24482)
http://www.wikidata.org/entity/Q534596,Тель Беэр-Шева,Израиль,Азия,1.0853,,,Point(34.840833333 31.244722222)
http://www.wikidata.org/entity/Q534596,Тель Беэр-Шева,Израиль,Азия,0.0309,,,Point(34.840833333 31.244722222)
http://www.wikidata.org/entity/Q585251,Cotubanamá National Park,Доминиканская Республика,Северная Америка,796.4,,,Point(-68.7 18.24)
http://www.wikidata.org/entity/Q585251,Cotubanamá National Park,Доминиканская Республика,Северная Америка,796.4,,,Point(-68.683 18.2283)
http://www.wikidata.org/entity/Q605897,Долина Цветов,Индия,Азия,0.71783,,,Point(79.6175 30.73)
http://www.wikidata.org/entity/Q649651,Mweru Wantipa National Park,Замбия,Африка,3134,,977,Point(29.5 -8.75)
http://www.wikidata.org/entity/Q829771,Mburucuyá National Park,Аргентина,Южная Америка,176.6,,,Point(-58.00980969 -27.998622081)
http://www.wikidata.org/entity/Q991459,Брус,Канада,Северная Америка,154,,,Point(-81.6142 45.2389)
http://www.wikidata.org/entity/Q1105433,Morne Seychellois National Park,Сейшельские Острова,Африка,3045,,,Point(55.42008 -4.64674)
http://www.wikidata.org/entity/Q1107090,Chad Basin National Park,Нигерия,Африка,2.258,,,Point(13.0 11.5)
http://www.wikidata.org/entity/Q1132798,Сепфорис,Израиль,Азия,16,,,Point(35.279166666 32.753055555)
http://www.wikidata.org/entity/Q1243563,Дор,Израиль,Азия,0.07,,,Point(34.9163642 32.6174277)
http://www.wikidata.org/entity/Q1339871,Эйн-Авдат,Израиль,Азия,4.8,,,Point(34.76237 30.82616)
http://www.wikidata.org/entity/Q1339871,Эйн-Авдат,Израиль,Азия,4.8,,,Point(34.76638889 30.82638889)
http://www.wikidata.org/entity/Q1417669,Сумбу (национальный парк),Замбия,Африка,2020,,,Point(30.382688888 -8.743938888)
http://www.wikidata.org/entity/Q1573525,Shuklaphanta National Park,Непал,Азия,305,,,Point(80.229 28.8402)
http://www.wikidata.org/entity/Q1740754,Q1740754,Иран,Азия,907.52,,,Point(45.8375 38.81333333)
http://www.wikidata.org/entity/Q1968934,Монтань-д’Амбр,Мадагаскар,Африка,182,,,Point(49.155 -12.595)
http://www.wikidata.org/entity/Q2054006,Santa Teresa National Park,Уругвай,Южная Америка,10.5,,43,Point(-53.55 -34.0)
http://www.wikidata.org/entity/Q2391522,Мамшит,Израиль,Азия,5.14,,,Point(35.063889 31.026111)
http://www.wikidata.org/entity/Q2391522,Мамшит,Израиль,Азия,2.42,,,Point(35.063889 31.026111)
http://www.wikidata.org/entity/Q2407530,Бейт-Гуврин-Мареша,Израиль,Азия,2.59,,,Point(34.89833333 31.61305556)
http://www.wikidata.org/entity/Q2564119,Западная Лунга (национальный парк),Замбия,Африка,1684,,1197,Point(24.5 -12.83333333)
http://www.wikidata.org/entity/Q3058213,Desert National Park,Индия,Азия,3162,,,Point(70.516666666 26.316666666)
http://www.wikidata.org/entity/Q3084675,Rusizi National Park,Бурунди,Африка,90,,,Point(29.230671 -3.247723)
http://www.wikidata.org/entity/Q3364517,Haut Atlas Oriental National Park,Марокко,Африка,490,,,Point(-5.41666667 32.25)
http://www.wikidata.org/entity/Q3364530,Selva de Florencia National Natural Park,Колумбия,Южная Америка,10020.12,,,Point(-75.0667 5.48333)
http://www.wikidata.org/entity/Q3364534,Uramba Bahía Málaga National Natural Park,Колумбия,Южная Америка,470.94,,,Point(-77.306 3.97592)
http://www.wikidata.org/entity/Q3364536,La Paya Natural National Park,Колумбия,Южная Америка,4401.25,,,Point(-75.2351 0.194258)
http://www.wikidata.org/entity/Q3364539,Macuira National Natural Park,Колумбия,Южная Америка,250,,395,Point(-71.3323 12.1386)
http://www.wikidata.org/entity/Q3364540,Sanquianga National Natural Park,Колумбия,Южная Америка,800,,4,Point(-78.285830555 2.649719444)
http://www.wikidata.org/entity/Q3364541,Paramillo National Natural Park,Колумбия,Южная Америка,4600,,,Point(-76.1222 7.53951)
http://www.wikidata.org/entity/Q3364545,Yaigojé-Apaporis National Park,Колумбия,Южная Америка,10565.49,,,Point(-70.5324 -0.58145)
http://www.wikidata.org/entity/Q3364548,Tinigua National Natural Park,Колумбия,Южная Америка,201875,,2017,Point(-74.1444 2.51959)
http://www.wikidata.org/entity/Q3364549,Cordillera de los Picachos National Natural Park,Колумбия,Южная Америка,766,,,Point(-74.65 2.76667)
http://www.wikidata.org/entity/Q3457361,Hubei Shennongjia,Китай,Азия,704.67,,,Point(110.19 31.29)
http://www.wikidata.org/entity/Q3457361,Hubei Shennongjia,Китай,Азия,704.67,,,Point(110.243888888 31.469722222)
http://www.wikidata.org/entity/Q3457361,Hubei Shennongjia,Китай,Азия,704.67,,,Point(110.333 31.5)
http://www.wikidata.org/entity/Q3499363,Saint Katherine Protectorate,Египет,Африка,4350,,,Point(33.96666667 28.55)
http://www.wikidata.org/entity/Q4293399,Мили-Маунтинс (национальный парк),Канада,Северная Америка,10700,,,Point(-59.3667 53.4)
http://www.wikidata.org/entity/Q4351857,Parsa National Park,Непал,Азия,499,,,Point(84.33333333 27.46666667)
http://www.wikidata.org/entity/Q4843111,Bahía Portete – Kaurrele National Natural Park,Колумбия,Южная Америка,140.8,,,Point(-72.03333333 12.11666667)
http://www.wikidata.org/entity/Q4869860,Battery Kemble Park,США,Северная Америка,0.011290729418496,,348,Point(-77.095555555 38.930277777)
http://www.wikidata.org/entity/Q4973229,Broghil Valley National Park,Пакистан,Азия,1147.44,,,Point(73.38333333 36.16666667)
http://www.wikidata.org/entity/Q5252276,Dehing Patkai National Park,Индия,Азия,231,,,Point(95.526 27.331)
http://www.wikidata.org/entity/Q5590226,Goz Beïda National Park,Чад,Африка,3000,,,Point(21.333055555 12.166666666)
http://www.wikidata.org/entity/Q5597433,Grass Hills National Park,Индия,Азия,31.23,,,Point(76.9856427 10.3410227)
http://www.wikidata.org/entity/Q5709313,Q5709313,Иран,Азия,34.77,,,Point(49.9148813 37.4517804)
http://www.wikidata.org/entity/Q5710639,Q5710639,Иран,Азия,69.91,,,Point(46.1509602 38.8217221)
http://www.wikidata.org/entity/Q5711198,Q5711198,Иран,Азия,70.38,,,Point(57.7100217 37.0134902)
http://www.wikidata.org/entity/Q5723228,Q5723228,Иран,Азия,317.55,,,
http://www.wikidata.org/entity/Q5727821,Q5727821,Иран,Азия,472.62,,,Point(51.904908 32.339361)
http://www.wikidata.org/entity/Q5775353,Q5775353,Иран,Азия,92.65,,,Point(53.433599 36.199744)
http://www.wikidata.org/entity/Q5867548,Национальный парк Баму,Иран,Азия,482.11,,,Point(52.7670021 29.6723669)
http://www.wikidata.org/entity/Q5905836,Национальный морской парк Нехилу,Иран,Азия,204.34,,,Point(51.470833333 27.821944444)
http://www.wikidata.org/entity/Q5907119,Q5907119,Иран,Азия,82.31,,,Point(57.2669494 37.2008014)
http://www.wikidata.org/entity/Q5933828,Q5933828,Иран,Азия,277.17,,,Point(53.7702925 36.430897)
http://www.wikidata.org/entity/Q5940996,Urmia Lake National Park,Иран,Азия,5700,,,Point(45.6470656 37.4934805)
http://www.wikidata.org/entity/Q5940996,Urmia Lake National Park,Иран,Азия,5413.15,,,Point(45.6470656 37.4934805)
http://www.wikidata.org/entity/Q5952148,Tang-e Sayad National Park,Иран,Азия,43.72,,,Point(51.1022 32.1466)
http://www.wikidata.org/entity/Q5954394,Nayband National Marine Park,Иран,Азия,477.59,,,Point(52.614722222 27.3825)
http://www.wikidata.org/entity/Q6062992,Nationalpark Lago Enriqillo e Isla Cabritos,Доминиканская Республика,Северная Америка,40654,,,Point(-71.660833 18.515)
http://www.wikidata.org/entity/Q6063067,Parnassos National Park,Греция,Европа,35.13,,,Point(22.624166666 38.535833333)
http://www.wikidata.org/entity/Q6441143,Kubah National Park,Малайзия,Азия,22.85,,,Point(110.194416666 1.597611111)
http://www.wikidata.org/entity/Q6487628,Lantoto National Park,Южный Судан,Африка,760,,,Point(29.9 4.5)
http://www.wikidata.org/entity/Q6488503,Национальный парк Лар,Иран,Азия,357.65,,,Point(51.9791 35.9851)
http://www.wikidata.org/entity/Q6630653,Tandooreh National Park,Иран,Азия,355.42,,,Point(58.682277777 37.583472222)
http://www.wikidata.org/entity/Q6879409,Missolonghi–Aitoliko Lagoons,Греция,Европа,44.2,,,Point(21.358 38.387)
http://www.wikidata.org/entity/Q7081927,Okeluse Forest Reserve,Нигерия,Африка,144,,68,Point(5.586862886 6.787679889)
http://www.wikidata.org/entity/Q7088873,Oluwa Forest Reserve,Нигерия,Африка,829,,,Point(4.674 6.823)
http://www.wikidata.org/entity/Q10589778,Mount Elgons national park,Кения,Африка,169,,,Point(34.6167 1.08333)
http://www.wikidata.org/entity/Q10594802,Kongernes Nordsjælland,Дания,Европа,262.5,,,Point(12.337758333 56.009955555)
http://www.wikidata.org/entity/Q12125635,National History Park,Гаити,Северная Америка,252.8559,,,Point(-72.24388889 19.57361111)
http://www.wikidata.org/entity/Q12186241,Q12186241,Египет,Африка,0.567,,,Point(29.930694444 31.178638888)
http://www.wikidata.org/entity/Q12867786,Okatse Canyon Natural Monument,Грузия,Европа,1.35,,,Point(42.551944444 42.447777777)
http://www.wikidata.org/entity/Q12876748,North Pindos National Park,Греция,Европа,1969.47,,,Point(21.116666666 39.9)
http://www.wikidata.org/entity/Q13116281,Karian Shola National Park,Индия,Азия,5.03,,,Point(77.08333333 10.38333333)
http://www.wikidata.org/entity/Q15728398,"Mana Pools National Park, Sapi and Chewore Safari Areas",Зимбабве,Африка,6766,,,Point(29.40805556 -15.81944444)
http://www.wikidata.org/entity/Q15839097,Nanda Devi and Valley of Flowers National Parks,Индия,Азия,5142.86,,,Point(79.66667 30.71667)
http://www.wikidata.org/entity/Q15839097,Nanda Devi and Valley of Flowers National Parks,Индия,Азия,717.83,,,Point(79.66667 30.71667)
http://www.wikidata.org/entity/Q16047743,Dez National park,Иран,Азия,41.18,,,Point(48.5225 32.05027778)
http://www.wikidata.org/entity/Q16579288,Baie Ternay Marine National Park,Сейшельские Острова,Африка,0.8727,,,Point(55.3744 -4.63869)
http://www.wikidata.org/entity/Q16668918,Mount Ntringui National Park,Коморы,Африка,79.14,,,
http://www.wikidata.org/entity/Q18129185,Papikonda National Park,Индия,Азия,591,,,Point(81.4856 17.483)
http://www.wikidata.org/entity/Q20452389,Tanjung Piai National Park,Малайзия,Азия,3.25,,,Point(103.5101 1.2683)
http://www.wikidata.org/entity/Q21283530,Chelmos-Vouraikos National Park,Греция,Европа,54.4,,,Point(22.209747 37.986583)
http://www.wikidata.org/entity/Q22678655,Динар,Иран,Азия,258.39,,,Point(51.4194638 30.9251409)
http://www.wikidata.org/entity/Q22949004,Wadi Turabah Nature Reserve,Саудовская Аравия,Азия,42000,,,
http://www.wikidata.org/entity/Q24204916,Grand Bois National Park,Гаити,Северная Америка,3.7015,,,Point(-74.30138889 18.37111111)
http://www.wikidata.org/entity/Q24204927,Grande Colline National Park,Гаити,Северная Америка,1510.45,,,Point(-74.10277778 18.40416667)
http://www.wikidata.org/entity/Q24204928,Deux Mamelles National Park,Гаити,Северная Америка,22.65,,,Point(-74.24444444 18.44583333)
http://www.wikidata.org/entity/Q24204928,Deux Mamelles National Park,Гаити,Северная Америка,22.6497,,,Point(-74.24444444 18.44583333)
http://www.wikidata.org/entity/Q25389795,Marsabit National Reserve,Кения,Африка,1373,,,Point(37.98305556 2.38305556)
http://www.wikidata.org/entity/Q25389801,national parc of Dakhla,Марокко,Африка,18888.89,,,Point(-14.8585 22.304388888)
http://www.wikidata.org/entity/Q25510750,Национальный парк Парнита,Греция,Европа,38.12,,,Point(23.7175 38.173333333)
http://www.wikidata.org/entity/Q18481080,Serra das Lontras National Park,Бразилия,Южная Америка,113.44,2010,,Point(-39.346 -15.163)
http://www.wikidata.org/entity/Q18481085,Alto Cariri National Park,Бразилия,Южная Америка,192.38,2010,,Point(-39.986 -16.363)
http://www.wikidata.org/entity/Q18693038,Parque nacional Cabo Polonio,Уругвай,Южная Америка,258.2,2009,,Point(-53.8 -34.383333333)
http://www.wikidata.org/entity/Q19376740,Kafta Sheraro National Park,Эфиопия,Африка,5,1999,,Point(37.0003 13.9997)
http://www.wikidata.org/entity/Q19460644,Bras d'Eau National Park,Маврикий,Африка,4.972,2011,,Point(57.7216 -20.1441)
http://www.wikidata.org/entity/Q19461810,Fosse aux Lions National Park,Того,Африка,16.5,1954,,Point(0.159073 10.7524)
http://www.wikidata.org/entity/Q19589768,Malkumba-Coongie Lakes National Park,Австралия,Австралия и Океания,266.16361328125,2005,37,Point(140.157 -27.2614)
http://www.wikidata.org/entity/Q19589768,Malkumba-Coongie Lakes National Park,Австралия,Австралия и Океания,279,2005,37,Point(140.157 -27.2614)
http://www.wikidata.org/entity/Q19589768,Malkumba-Coongie Lakes National Park,Австралия,Австралия и Океания,266.16361328125,2005,37,Point(140.157038888 -27.2613)
http://www.wikidata.org/entity/Q19589768,Malkumba-Coongie Lakes National Park,Австралия,Австралия и Океания,279,2005,37,Point(140.157038888 -27.2613)
http://www.wikidata.org/entity/Q125491757,Национальный природный парк «Юкори Тупаланг»,Узбекистан,Азия,278.51,2022,,Point(67.930527 38.713376)
http://www.wikidata.org/entity/Q125491768,Национальный природный парк «Бабатаг»,Узбекистан,Азия,120.64,2022,,Point(68.163986 38.01564)
http://www.wikidata.org/entity/Q125588128,Q125588128,Куба,Северная Америка,398.26,2001,,Point(-84.541855555 21.975522222)
http://www.wikidata.org/entity/Q125728403,Østmarka National Park,Норвегия,Европа,54,2023,,Point(10.96 59.83)
http://www.wikidata.org/entity/Q125993818,Q125993818,Албания,Европа,12.8,1966,,Point(20.183333333 41.783333333)
http://www.wikidata.org/entity/Q126726903,"Национальный природный парк ""Ягноб""",Таджикистан,Азия,0.575,2019,,Point(69.102972 39.195114)
http://www.wikidata.org/entity/Q129537404,Siete Iglesias Municipal Ecological Conservation Area,Эквадор,Южная Америка,160.29,2006,,Point(-78.6 -3.1)
http://www.wikidata.org/entity/Q130019294,Maputo National Park,Мозамбик,Африка,1718,2021,,Point(32.776 -26.548)
http://www.wikidata.org/entity/Q131136922,Laughing Bird Caye National Park,Белиз,Северная Америка,40.95,1996,2,Point(-88.19643098 16.443886)
http://www.wikidata.org/entity/Q131136997,Q131136997,Белиз,Северная Америка,0.38,1994,,Point(-89.09362 16.22765246)
http://www.wikidata.org/entity/Q131137075,Q131137075,Белиз,Северная Америка,8.59,1994,,Point(-88.53745 17.27607)
http://www.wikidata.org/entity/Q131137770,Q131137770,Белиз,Северная Америка,31.45,2001,,Point(-88.41402 18.08385)
http://www.wikidata.org/entity/Q131137811,Q131137811,Белиз,Северная Америка,51.3,2001,,Point(-89.02923 17.0519)
http://www.wikidata.org/entity/Q131137855,Q131137855,Белиз,Северная Америка,34,2011,,Point(-88.313545 16.995818)
http://www.wikidata.org/entity/Q131416188,National Garden Park,Монголия,Азия,1.83,2009,,Point(106.943333333 47.900277777)
http://www.wikidata.org/entity/Q131456747,Q131456747,Уругвай,Южная Америка,5.6,2024,,Point(-55.2669 -34.2908)
http://www.wikidata.org/entity/Q132891238,Anacaona National Park,Доминиканская Республика,Северная Америка,538.93,2009,,Point(-71.13 18.6)
http://www.wikidata.org/entity/Q133831730,Kinabatangan Wildlife Sanctuary,Малайзия,Азия,270,1997,,Point(118.572611 5.626139)
http://www.wikidata.org/entity/Q134623328,Diego Ramirez Islands & Drake Passage National Park,Чили,Южная Америка,144390.6,2018,,Point(-68.733333333 -56.5)
http://www.wikidata.org/entity/Q135434944,Akhar-Bakhar National Park,Азербайджан,Азия,239.0199,2025,522,
http://www.wikidata.org/entity/Q135434952,Q135434952,Азербайджан,Азия,139.66,2025,2100,
http://www.wikidata.org/entity/Q135623161,Nevado del Huila,Колумбия,Южная Америка,1638.42,1977,,Point(-76.0 3.0)
http://www.wikidata.org/entity/Q137736065,Grassland National Park,ЮАР,Африка,1.02,2025,,Point(28.1044 -30.7637)
http://www.wikidata.org/entity/Q137862939,Al-Fayrouz Garden,Египет,Африка,0.0053,2003,,Point(31.334367 29.848076)
http://www.wikidata.org/entity/Q39080056,Wooditjup National Park,Австралия,Австралия и Океания,38.9165551757812,2004,,Point(115.11 -33.93)
http://www.wikidata.org/entity/Q39080062,Boyndaminup National Park,Австралия,Австралия и Океания,54.43251953125,2004,,Point(116.5638349 -34.5186912)
http://www.wikidata.org/entity/Q39080062,Boyndaminup National Park,Австралия,Австралия и Океания,5439,2004,,Point(116.5638349 -34.5186912)
http://www.wikidata.org/entity/Q39080064,Dirk Hartog Island National Park,Австралия,Австралия и Океания,626.643515625,2009,,Point(113.07944444 -25.82027778)
http://www.wikidata.org/entity/Q39080064,Dirk Hartog Island National Park,Австралия,Австралия и Океания,62928,2009,,Point(113.07944444 -25.82027778)
http://www.wikidata.org/entity/Q106959787,Rungulla National Park,Австралия,Австралия и Океания,1192.007421875,2015,,Point(143.4185 -19.1358)
http://www.wikidata.org/entity/Q106959880,Lesmurdie Falls National Park,Австралия,Австралия и Океания,0.21814920425415,1962,,Point(116.031 -31.9954)
http://www.wikidata.org/entity/Q106959881,Lesmurdie Falls National Park,Австралия,Австралия и Океания,0.350014457702637,1972,,
http://www.wikidata.org/entity/Q106960282,Greater Preston National Park,Австралия,Австралия и Океания,126.72451171875,2004,,Point(116.1922952 -33.571604)
http://www.wikidata.org/entity/Q125491748,Национальный природный парк «Аманкутан»,Узбекистан,Азия,15,2022,,Point(66.94519 39.302159)
http://www.wikidata.org/entity/Q65258,Sorkheh Hesar National Park,Иран,Азия,86.94,,1200,Point(51.575 35.658333333)
http://www.wikidata.org/entity/Q65258,Sorkheh Hesar National Park,Иран,Азия,91.68,,1200,Point(51.575 35.658333333)
http://www.wikidata.org/entity/Q65258,Sorkheh Hesar National Park,Иран,Азия,86.94,,1800,Point(51.575 35.658333333)
http://www.wikidata.org/entity/Q65258,Sorkheh Hesar National Park,Иран,Азия,91.68,,1800,Point(51.575 35.658333333)
http://www.wikidata.org/entity/Q29106715,Q29106715,Куба,Северная Америка,115,,,
http://www.wikidata.org/entity/Q31068113,Q31068113,Иран,Азия,325.72,,,Point(50.6939249 33.7027572)
http://www.wikidata.org/entity/Q33054552,Gorgona Island National Park,Колумбия,Южная Америка,0.6012505,,,Point(-78.180277777 2.9675)
http://www.wikidata.org/entity/Q56361064,Karkheh National Park,Иран,Азия,74.76,,,Point(48.2212663 32.0686527)
http://www.wikidata.org/entity/Q56361537,Q56361537,Иран,Азия,783.34,,,Point(53.8741137 32.7896437)
http://www.wikidata.org/entity/Q59771785,Green Mountain National Park,Великобритания,Европа,10.22,,,Point(-14.35 -7.95)
http://www.wikidata.org/entity/Q61057564,Hainan Tropical Rainforest National Park,Китай,Азия,4269,,,
http://www.wikidata.org/entity/Q63353200,Varela,Гвинея-Бисау,Африка,86.04,,,
http://www.wikidata.org/entity/Q63353204,Cufada,Гвинея-Бисау,Африка,890,,,
http://www.wikidata.org/entity/Q64861396,K2 National Park,Пакистан,Азия,2334.68,,,Point(76.182888 35.788171)
http://www.wikidata.org/entity/Q66155311,W National Park of Burkina Faso,Буркина-Фасо,Африка,2350,,,Point(2.161667 11.9)
http://www.wikidata.org/entity/Q79801473,Estero Milagro National Park,Парагвай,Южная Америка,0.25,,,Point(-57.366666666 -23.566666666)
http://www.wikidata.org/entity/Q97009388,West Mountain National Park (Guangxi),Китай,Азия,20,,50,Point(110.06 23.401111111)
http://www.wikidata.org/entity/Q98755382,Q98755382,Саудовская Аравия,Азия,4.3,,,
http://www.wikidata.org/entity/Q104521695,Green River Park,Египет,Африка,26.04,,,Point(31.656389 30.013889)
http://www.wikidata.org/entity/Q105613070,Zamen Ahoo National Park,Иран,Азия,693.58,,,Point(56.25 37.56)
http://www.wikidata.org/entity/Q105613070,Zamen Ahoo National Park,Иран,Азия,152.73,,,Point(56.25 37.56)
http://www.wikidata.org/entity/Q105929473,Seydva National Park,Иран,Азия,73,,,Point(53.6419084 35.9550511)
http://www.wikidata.org/entity/Q107426920,Nosy Tanikely National Park,Мадагаскар,Африка,3.41,,,Point(48.236419444 -13.482780555)
http://www.wikidata.org/entity/Q108321575,Койгородский национальный парк,Россия,Европа,567,,,Point(49.8 59.8)
http://www.wikidata.org/entity/Q109313856,Corales de Profundidad National Natural Park,Колумбия,Южная Америка,1.4219515,,,Point(-76.294722222 9.721388888)
http://www.wikidata.org/entity/Q111144501,Santiago Glaciers National Park,Чили,Южная Америка,750,,,Point(-70.083100933 -33.186133209)
http://www.wikidata.org/entity/Q118868654,La Gran Sabana National Park,Доминиканская Республика,Северная Америка,219.58,,,Point(-71.383333333 18.4)
http://www.wikidata.org/entity/Q121063270,Emawbum National Park,Мьянма,Азия,603.4,,,Point(98.545277777 26.286666666)
http://www.wikidata.org/entity/Q121177143,Kučaj-Beljanica National Park,Сербия,Европа,453.7162,,,Point(21.802222 44.096389)
http://www.wikidata.org/entity/Q122320112,Helena and Aurora Ranges National Park,Австралия,Австралия и Океания,1491.57,,,Point(119.7418 -30.084512068)
http://www.wikidata.org/entity/Q123439915,Kudremukh National Park,Индия,Азия,600.32,,,Point(75.2 13.25)
http://www.wikidata.org/entity/Q125560571,Cabo Froward National Park,Чили,Южная Америка,1210,,,Point(-71.306416666 -53.892944444)
http://www.wikidata.org/entity/Q136196911,Georges River Koala National Park,Австралия,Австралия и Океания,18.3,,,
http://www.wikidata.org/entity/Q136472869,Himalaya National Park,Пакистан,Азия,2263,,,Point(75.08 34.79)
http://www.wikidata.org/entity/Q136674371,Kalamaili National Park,Китай,Азия,14748,,,
http://www.wikidata.org/entity/Q26799668,National Park Brijuni,Хорватия,Европа,33.9,,,Point(13.766667 44.916667)
http://www.wikidata.org/entity/Q26799672,Дзумерка,Греция,Европа,820,,,Point(21.0 39.55)
http://www.wikidata.org/entity/Q27260558,Xianju National Park,Китай,Азия,188,,,Point(120.6072 28.6913)
http://www.wikidata.org/entity/Q27349650,Hollandse Duinen National Park,Нидерланды,Европа,450,,,
http://www.wikidata.org/entity/Q28712662,Q28712662,Иран,Азия,298.86,,,Point(51.1787346 32.8942573)
http://www.wikidata.org/entity/Q28952462,Lucayan National Park,Багамские Острова,Северная Америка,7.84,,,Point(-78.401531 26.604231)
